"PD.ID"	"SequenceScape.ID"	"GENOME_TERRITORY"	"MEAN_COVERAGE"	"SD_COVERAGE"	"MEDIAN_COVERAGE"	"MAD_COVERAGE"	"PCT_EXC_ADAPTER"	"PCT_EXC_MAPQ"	"PCT_EXC_DUPE"	"PCT_EXC_UNPAIRED"	"PCT_EXC_BASEQ"	"PCT_EXC_OVERLAP"	"PCT_EXC_CAPPED"	"PCT_EXC_TOTAL"	"PCT_10X"	"PCT_30X"	"PCT_40X"	"PCT_50X"	"HET_SNP_SENSITIVITY"	"HET_SNP_Q"	"Project"	"Library"	"Run"	"Lane"	"Plex.Count"	"X..Map"	"X..R1.UM"	"X..R2.UM"	"Raw.Seq.Gbp"	"Seq.X"	"R1.GC.dev"	"R2.GC.dev"	"GC.dist"	"Ins.size.sd"	"Edit.dist"	"Dup.fraction"	"Map.dist"	"NPG.QC"	"Genotype..where.available."	"Decision"	"Comments"	"Confirmed.by"	"Finalised.by"	"PLATE.ID"	"WELL"	"COHORT"	"VOL"	"CONC"	"WGS"	"ISC"	"AREA"	"MY.SAMPLE.ID"	"COMMENT"	"CUT.DATE"	"PATIENT"
"PD51605b_lo0049"	"6424STDY11162784"	3043453562	45.549194	17.057937	49	7	6.9e-05	0.066364	0.130076	0.000542	0.022551	0.037342	0.007949	0.264893	0.932952	0.86544	0.787086	0.477967	0.941476	12	"Wholegenome - (CP) Mutational landscape in haemochromatosis"	"DN544017L:A1 (298146)"	43495	"1#1"	30	96.56	2.64	4.23	24.66	6.79	0.17	0.21	0.05	121.86	1.17	0.07	0.02	"Pass"	"75.0 % / 89.9 % sl"	"Accepted"	NA	"cdt"	"cdt"	"DN875987U"	"A1"	"Normal"	20	54.465	"yes"	"no"	87039	"PD51605b-B1-c2-s2-lo1"	""	"17/08/2021"	"PD51605b"
"PD51605b_lo0049"	"6424STDY11162784"	3043453562	45.549194	17.057937	49	7	6.9e-05	0.066364	0.130076	0.000542	0.022551	0.037342	0.007949	0.264893	0.932952	0.86544	0.787086	0.477967	0.941476	12	"Wholegenome - (CP) Mutational landscape in haemochromatosis"	"DN544017L:A1 (298146)"	43495	"2#1"	30	96.73	2.47	4.07	25.32	6.98	0.22	0.28	0.06	123.49	1.19	0.07	0.02	"Pass"	"81.5 % / 90.7 % sl"	"Accepted"	NA	"cdt"	"cdt"	"DN875987U"	"A1"	"Normal"	20	54.465	"yes"	"no"	87039	"PD51605b-B1-c2-s2-lo1"	""	"17/08/2021"	"PD51605b"
"PD51605b_lo0049"	"6424STDY11162784"	3043453562	45.549194	17.057937	49	7	6.9e-05	0.066364	0.130076	0.000542	0.022551	0.037342	0.007949	0.264893	0.932952	0.86544	0.787086	0.477967	0.941476	12	"Wholegenome - (CP) Mutational landscape in haemochromatosis"	"DN544017L:A1 (298146)"	43495	"3#1"	30	96.72	2.53	4.03	25.05	6.93	0.18	0.22	0.04	123.03	1.17	0.07	0.02	"Pass"	"76.1 % / 95.7 % sl"	"Accepted"	NA	"cdt"	"cdt"	"DN875987U"	"A1"	"Normal"	20	54.465	"yes"	"no"	87039	"PD51605b-B1-c2-s2-lo1"	""	"17/08/2021"	"PD51605b"
"PD51605b_lo0049"	"6424STDY11162784"	3043453562	45.549194	17.057937	49	7	6.9e-05	0.066364	0.130076	0.000542	0.022551	0.037342	0.007949	0.264893	0.932952	0.86544	0.787086	0.477967	0.941476	12	"Wholegenome - (CP) Mutational landscape in haemochromatosis"	"DN544017L:A1 (298146)"	43495	"4#1"	30	96.59	2.63	4.19	25.1	6.87	0.19	0.24	0.05	122.78	1.17	0.08	0.02	"Pass"	"79.3 % / 93.2 % sl"	"Accepted"	NA	"cdt"	"cdt"	"DN875987U"	"A1"	"Normal"	20	54.465	"yes"	"no"	87039	"PD51605b-B1-c2-s2-lo1"	""	"17/08/2021"	"PD51605b"
"PD51605b_lo0049"	"6424STDY11162784"	3043453562	45.549194	17.057937	49	7	6.9e-05	0.066364	0.130076	0.000542	0.022551	0.037342	0.007949	0.264893	0.932952	0.86544	0.787086	0.477967	0.941476	12	"Wholegenome - (CP) Mutational landscape in haemochromatosis"	"DN544017L:A1 (298146)"	43499	"1#1"	30	97.39	2.09	3.14	30.69	8.08	0.12	0.14	0.02	131.05	1.19	0.12	0.01	"Pass"	"80.4 % / 89.2 % sl"	"Accepted"	NA	"cdt"	"cdt"	"DN875987U"	"A1"	"Normal"	20	54.465	"yes"	"no"	87039	"PD51605b-B1-c2-s2-lo1"	""	"17/08/2021"	"PD51605b"
"PD51605b_lo0049"	"6424STDY11162784"	3043453562	45.549194	17.057937	49	7	6.9e-05	0.066364	0.130076	0.000542	0.022551	0.037342	0.007949	0.264893	0.932952	0.86544	0.787086	0.477967	0.941476	12	"Wholegenome - (CP) Mutational landscape in haemochromatosis"	"DN544017L:A1 (298146)"	43499	"2#1"	30	97.35	2.08	3.23	30.49	8.03	0.14	0.17	0.03	130.64	1.22	0.12	0.01	"Pass"	"75.0 % / 88.4 % sl"	"Accepted"	NA	"cdt"	"cdt"	"DN875987U"	"A1"	"Normal"	20	54.465	"yes"	"no"	87039	"PD51605b-B1-c2-s2-lo1"	""	"17/08/2021"	"PD51605b"
"PD51605b_lo0049"	"6424STDY11162784"	3043453562	45.549194	17.057937	49	7	6.9e-05	0.066364	0.130076	0.000542	0.022551	0.037342	0.007949	0.264893	0.932952	0.86544	0.787086	0.477967	0.941476	12	"Wholegenome - (CP) Mutational landscape in haemochromatosis"	"DN544017L:A1 (298146)"	43499	"3#1"	30	97.42	2.06	3.11	30.78	8.12	0.13	0.15	0.02	131	1.21	0.12	0.01	"Pass"	"75.0 % / 88.4 % sl"	"Accepted"	NA	"cdt"	"cdt"	"DN875987U"	"A1"	"Normal"	20	54.465	"yes"	"no"	87039	"PD51605b-B1-c2-s2-lo1"	""	"17/08/2021"	"PD51605b"
"PD51605b_lo0050"	"6424STDY11162785"	3043453562	38.876918	14.795198	42	6	9.5e-05	0.066794	0.128516	0.000522	0.021996	0.043297	0.008416	0.269636	0.932135	0.83724	0.594352	0.162613	0.941133	12	"Wholegenome - (CP) Mutational landscape in haemochromatosis"	"DN544017L:B1 (298147)"	43495	"1#2"	30	96.65	2.7	3.99	21.16	5.83	0.11	0.11	0	121.78	1.12	0.07	0.01	"Pass"	"53.3 % / 85.7 % sl"	"Accepted"	NA	"cdt"	"cdt"	"DN875987U"	"B1"	"Normal"	20	51.161	"yes"	"no"	87039	"PD51605b-B1-c2-s2-lo2"	""	"17/08/2021"	"PD51605b"
"PD51605b_lo0050"	"6424STDY11162785"	3043453562	38.876918	14.795198	42	6	9.5e-05	0.066794	0.128516	0.000522	0.021996	0.043297	0.008416	0.269636	0.932135	0.83724	0.594352	0.162613	0.941133	12	"Wholegenome - (CP) Mutational landscape in haemochromatosis"	"DN544017L:B1 (298147)"	43495	"2#2"	30	96.82	2.51	3.84	21.76	6	0.16	0.17	0.01	123.5	1.14	0.07	0.01	"Pass"	"43.5 % / 95.0 % sl"	"Accepted"	NA	"cdt"	"cdt"	"DN875987U"	"B1"	"Normal"	20	51.161	"yes"	"no"	87039	"PD51605b-B1-c2-s2-lo2"	""	"17/08/2021"	"PD51605b"
"PD51605b_lo0050"	"6424STDY11162785"	3043453562	38.876918	14.795198	42	6	9.5e-05	0.066794	0.128516	0.000522	0.021996	0.043297	0.008416	0.269636	0.932135	0.83724	0.594352	0.162613	0.941133	12	"Wholegenome - (CP) Mutational landscape in haemochromatosis"	"DN544017L:B1 (298147)"	43495	"3#2"	30	96.81	2.57	3.81	21.44	5.94	0.12	0.12	0	123.08	1.12	0.07	0.01	"Pass"	"57.6 % / 92.5 % sl"	"Accepted"	NA	"cdt"	"cdt"	"DN875987U"	"B1"	"Normal"	20	51.161	"yes"	"no"	87039	"PD51605b-B1-c2-s2-lo2"	""	"17/08/2021"	"PD51605b"
"PD51605b_lo0050"	"6424STDY11162785"	3043453562	38.876918	14.795198	42	6	9.5e-05	0.066794	0.128516	0.000522	0.021996	0.043297	0.008416	0.269636	0.932135	0.83724	0.594352	0.162613	0.941133	12	"Wholegenome - (CP) Mutational landscape in haemochromatosis"	"DN544017L:B1 (298147)"	43495	"4#2"	30	96.68	2.67	3.96	21.66	5.93	0.13	0.13	0.01	122.66	1.12	0.08	0.01	"Pass"	"47.8 % / 81.8 % sl"	"Accepted"	NA	"cdt"	"cdt"	"DN875987U"	"B1"	"Normal"	20	51.161	"yes"	"no"	87039	"PD51605b-B1-c2-s2-lo2"	""	"17/08/2021"	"PD51605b"
"PD51605b_lo0050"	"6424STDY11162785"	3043453562	38.876918	14.795198	42	6	9.5e-05	0.066794	0.128516	0.000522	0.021996	0.043297	0.008416	0.269636	0.932135	0.83724	0.594352	0.162613	0.941133	12	"Wholegenome - (CP) Mutational landscape in haemochromatosis"	"DN544017L:B1 (298147)"	43499	"1#2"	30	97.47	2.11	2.96	26.3	6.93	0.09	0.07	0.02	132.18	1.14	0.12	0.01	"Pass"	"57.6 % / 86.8 % sl"	"Accepted"	NA	"cdt"	"cdt"	"DN875987U"	"B1"	"Normal"	20	51.161	"yes"	"no"	87039	"PD51605b-B1-c2-s2-lo2"	""	"17/08/2021"	"PD51605b"
"PD51605b_lo0050"	"6424STDY11162785"	3043453562	38.876918	14.795198	42	6	9.5e-05	0.066794	0.128516	0.000522	0.021996	0.043297	0.008416	0.269636	0.932135	0.83724	0.594352	0.162613	0.941133	12	"Wholegenome - (CP) Mutational landscape in haemochromatosis"	"DN544017L:B1 (298147)"	43499	"2#2"	30	97.43	2.1	3.04	26.24	6.91	0.11	0.1	0.01	131.55	1.17	0.12	0.01	"Pass"	"57.6 % / 90.6 % sl"	"Accepted"	NA	"cdt"	"cdt"	"DN875987U"	"B1"	"Normal"	20	51.161	"yes"	"no"	87039	"PD51605b-B1-c2-s2-lo2"	""	"17/08/2021"	"PD51605b"
"PD51605b_lo0050"	"6424STDY11162785"	3043453562	38.876918	14.795198	42	6	9.5e-05	0.066794	0.128516	0.000522	0.021996	0.043297	0.008416	0.269636	0.932135	0.83724	0.594352	0.162613	0.941133	12	"Wholegenome - (CP) Mutational landscape in haemochromatosis"	"DN544017L:B1 (298147)"	43499	"3#2"	30	97.49	2.08	2.94	26.38	6.96	0.09	0.08	0.02	132.01	1.16	0.12	0.01	"Pass"	"57.6 % / 90.6 % sl"	"Accepted"	NA	"cdt"	"cdt"	"DN875987U"	"B1"	"Normal"	20	51.161	"yes"	"no"	87039	"PD51605b-B1-c2-s2-lo2"	""	"17/08/2021"	"PD51605b"
"PD51605b_lo0053"	"6424STDY11162788"	3043453562	46.968424	17.634979	50	7	0.000104	0.067592	0.139361	0.000395	0.020797	0.043449	0.008226	0.279923	0.932725	0.869396	0.802568	0.540165	0.941364	12	"Wholegenome - (CP) Mutational landscape in haemochromatosis"	"DN544017L:E1 (298148)"	43495	"1#3"	30	96.85	2.66	3.63	26.5	7.25	0.28	0.36	0.08	121.01	1.09	0.08	0.01	"Pass"	"76.1 % / 88.6 % sl"	"Accepted"	NA	"cdt"	"cdt"	"DN875987U"	"E1"	"Normal"	20	86.037	"yes"	"no"	87039	"PD51605b-B1-c2-s2-lo5"	""	"17/08/2021"	"PD51605b"
"PD51605b_lo0053"	"6424STDY11162788"	3043453562	46.968424	17.634979	50	7	0.000104	0.067592	0.139361	0.000395	0.020797	0.043449	0.008226	0.279923	0.932725	0.869396	0.802568	0.540165	0.941364	12	"Wholegenome - (CP) Mutational landscape in haemochromatosis"	"DN544017L:E1 (298148)"	43495	"2#3"	30	97	2.49	3.51	27.14	7.43	0.34	0.43	0.09	122.66	1.11	0.08	0.01	"Pass"	"78.3 % / 88.9 % sl"	"Accepted"	NA	"cdt"	"cdt"	"DN875987U"	"E1"	"Normal"	20	86.037	"yes"	"no"	87039	"PD51605b-B1-c2-s2-lo5"	""	"17/08/2021"	"PD51605b"
"PD51605b_lo0053"	"6424STDY11162788"	3043453562	46.968424	17.634979	50	7	0.000104	0.067592	0.139361	0.000395	0.020797	0.043449	0.008226	0.279923	0.932725	0.869396	0.802568	0.540165	0.941364	12	"Wholegenome - (CP) Mutational landscape in haemochromatosis"	"DN544017L:E1 (298148)"	43495	"3#3"	30	97	2.54	3.45	26.86	7.38	0.3	0.38	0.08	122.15	1.1	0.08	0.01	"Pass"	"81.5 % / 85.3 % sl"	"Accepted"	NA	"cdt"	"cdt"	"DN875987U"	"E1"	"Normal"	20	86.037	"yes"	"no"	87039	"PD51605b-B1-c2-s2-lo5"	""	"17/08/2021"	"PD51605b"
"PD51605b_lo0053"	"6424STDY11162788"	3043453562	46.968424	17.634979	50	7	0.000104	0.067592	0.139361	0.000395	0.020797	0.043449	0.008226	0.279923	0.932725	0.869396	0.802568	0.540165	0.941364	12	"Wholegenome - (CP) Mutational landscape in haemochromatosis"	"DN544017L:E1 (298148)"	43495	"4#3"	30	96.87	2.65	3.6	26.94	7.33	0.31	0.39	0.09	121.86	1.1	0.09	0.01	"Pass"	"79.3 % / 90.4 % sl"	"Accepted"	NA	"cdt"	"cdt"	"DN875987U"	"E1"	"Normal"	20	86.037	"yes"	"no"	87039	"PD51605b-B1-c2-s2-lo5"	""	"17/08/2021"	"PD51605b"
"PD51605b_lo0053"	"6424STDY11162788"	3043453562	46.968424	17.634979	50	7	0.000104	0.067592	0.139361	0.000395	0.020797	0.043449	0.008226	0.279923	0.932725	0.869396	0.802568	0.540165	0.941364	12	"Wholegenome - (CP) Mutational landscape in haemochromatosis"	"DN544017L:E1 (298148)"	43499	"1#3"	30	97.55	2.12	2.79	31.39	8.35	0.28	0.32	0.05	130.81	1.11	0.11	0.01	"Pass"	"82.6 % / 90.8 % sl"	"Accepted"	NA	"cdt"	"cdt"	"DN875987U"	"E1"	"Normal"	20	86.037	"yes"	"no"	87039	"PD51605b-B1-c2-s2-lo5"	""	"17/08/2021"	"PD51605b"
"PD51605b_lo0053"	"6424STDY11162788"	3043453562	46.968424	17.634979	50	7	0.000104	0.067592	0.139361	0.000395	0.020797	0.043449	0.008226	0.279923	0.932725	0.869396	0.802568	0.540165	0.941364	12	"Wholegenome - (CP) Mutational landscape in haemochromatosis"	"DN544017L:E1 (298148)"	43499	"2#3"	30	97.51	2.11	2.88	31.36	8.34	0.3	0.36	0.06	130.33	1.15	0.11	0.01	"Pass"	"85.9 % / 91.1 % sl"	"Accepted"	NA	"cdt"	"cdt"	"DN875987U"	"E1"	"Normal"	20	86.037	"yes"	"no"	87039	"PD51605b-B1-c2-s2-lo5"	""	"17/08/2021"	"PD51605b"
"PD51605b_lo0053"	"6424STDY11162788"	3043453562	46.968424	17.634979	50	7	0.000104	0.067592	0.139361	0.000395	0.020797	0.043449	0.008226	0.279923	0.932725	0.869396	0.802568	0.540165	0.941364	12	"Wholegenome - (CP) Mutational landscape in haemochromatosis"	"DN544017L:E1 (298148)"	43499	"3#3"	30	97.57	2.08	2.78	31.5	8.39	0.29	0.33	0.05	130.68	1.14	0.11	0.01	"Pass"	"85.9 % / 91.1 % sl"	"Accepted"	NA	"cdt"	"cdt"	"DN875987U"	"E1"	"Normal"	20	86.037	"yes"	"no"	87039	"PD51605b-B1-c2-s2-lo5"	""	"17/08/2021"	"PD51605b"
"PD51605b_lo0054"	"6424STDY11162789"	3043453562	39.318675	15.03289	42	6	0.000109	0.066913	0.121871	0.00052	0.023043	0.042918	0.007244	0.262618	0.931451	0.837897	0.612666	0.184433	0.94086	12	"Wholegenome - (CP) Mutational landscape in haemochromatosis"	"DN544017L:F1 (298149)"	43495	"1#4"	30	96.71	2.68	3.9	21.26	5.88	0.22	0.22	0	121.99	1.11	0.07	0.01	"Pass"	"56.5 % / 86.5 % sl"	"Accepted"	NA	"cdt"	"cdt"	"DN875987U"	"F1"	"Normal"	20	50.464	"yes"	"no"	87039	"PD51605b-B1-c2-s2-lo6"	""	"17/08/2021"	"PD51605b"
"PD51605b_lo0054"	"6424STDY11162789"	3043453562	39.318675	15.03289	42	6	0.000109	0.066913	0.121871	0.00052	0.023043	0.042918	0.007244	0.262618	0.931451	0.837897	0.612666	0.184433	0.94086	12	"Wholegenome - (CP) Mutational landscape in haemochromatosis"	"DN544017L:F1 (298149)"	43495	"2#4"	30	96.87	2.5	3.76	21.87	6.05	0.28	0.29	0.01	123.8	1.12	0.07	0.01	"Pass"	"59.8 % / 74.5 % sl"	"Accepted"	NA	"cdt"	"cdt"	"DN875987U"	"F1"	"Normal"	20	50.464	"yes"	"no"	87039	"PD51605b-B1-c2-s2-lo6"	""	"17/08/2021"	"PD51605b"
"PD51605b_lo0054"	"6424STDY11162789"	3043453562	39.318675	15.03289	42	6	0.000109	0.066913	0.121871	0.00052	0.023043	0.042918	0.007244	0.262618	0.931451	0.837897	0.612666	0.184433	0.94086	12	"Wholegenome - (CP) Mutational landscape in haemochromatosis"	"DN544017L:F1 (298149)"	43495	"3#4"	30	96.87	2.55	3.71	21.55	5.99	0.24	0.23	0.01	123.23	1.11	0.07	0.01	"Pass"	"58.7 % / 81.5 % sl"	"Accepted"	NA	"cdt"	"cdt"	"DN875987U"	"F1"	"Normal"	20	50.464	"yes"	"no"	87039	"PD51605b-B1-c2-s2-lo6"	""	"17/08/2021"	"PD51605b"
"PD51605b_lo0054"	"6424STDY11162789"	3043453562	39.318675	15.03289	42	6	0.000109	0.066913	0.121871	0.00052	0.023043	0.042918	0.007244	0.262618	0.931451	0.837897	0.612666	0.184433	0.94086	12	"Wholegenome - (CP) Mutational landscape in haemochromatosis"	"DN544017L:F1 (298149)"	43495	"4#4"	30	96.74	2.66	3.86	21.76	5.98	0.24	0.25	0	122.86	1.11	0.07	0.01	"Pass"	"62.0 % / 86.0 % sl"	"Accepted"	NA	"cdt"	"cdt"	"DN875987U"	"F1"	"Normal"	20	50.464	"yes"	"no"	87039	"PD51605b-B1-c2-s2-lo6"	""	"17/08/2021"	"PD51605b"
"PD51605b_lo0054"	"6424STDY11162789"	3043453562	39.318675	15.03289	42	6	0.000109	0.066913	0.121871	0.00052	0.023043	0.042918	0.007244	0.262618	0.931451	0.837897	0.612666	0.184433	0.94086	12	"Wholegenome - (CP) Mutational landscape in haemochromatosis"	"DN544017L:F1 (298149)"	43499	"1#4"	30	97.38	2.08	3.15	26.31	6.98	0.2	0.22	0.01	134.03	1.18	0.11	0.01	"Pass"	"70.7 % / 80.0 % sl"	"Accepted"	NA	"cdt"	"cdt"	"DN875987U"	"F1"	"Normal"	20	50.464	"yes"	"no"	87039	"PD51605b-B1-c2-s2-lo6"	""	"17/08/2021"	"PD51605b"
"PD51605b_lo0054"	"6424STDY11162789"	3043453562	39.318675	15.03289	42	6	0.000109	0.066913	0.121871	0.00052	0.023043	0.042918	0.007244	0.262618	0.931451	0.837897	0.612666	0.184433	0.94086	12	"Wholegenome - (CP) Mutational landscape in haemochromatosis"	"DN544017L:F1 (298149)"	43499	"2#4"	30	97.35	2.08	3.23	26.23	6.97	0.23	0.25	0.02	133.51	1.21	0.11	0.01	"Pass"	"71.7 % / 86.4 % sl"	"Accepted"	NA	"cdt"	"cdt"	"DN875987U"	"F1"	"Normal"	20	50.464	"yes"	"no"	87039	"PD51605b-B1-c2-s2-lo6"	""	"17/08/2021"	"PD51605b"
"PD51605b_lo0054"	"6424STDY11162789"	3043453562	39.318675	15.03289	42	6	0.000109	0.066913	0.121871	0.00052	0.023043	0.042918	0.007244	0.262618	0.931451	0.837897	0.612666	0.184433	0.94086	12	"Wholegenome - (CP) Mutational landscape in haemochromatosis"	"DN544017L:F1 (298149)"	43499	"3#4"	30	97.42	2.05	3.11	26.33	7	0.21	0.23	0.02	133.84	1.2	0.11	0.01	"Pass"	"71.7 % / 86.4 % sl"	"Accepted"	NA	"cdt"	"cdt"	"DN875987U"	"F1"	"Normal"	20	50.464	"yes"	"no"	87039	"PD51605b-B1-c2-s2-lo6"	""	"17/08/2021"	"PD51605b"
"PD51605b_lo0059"	"6424STDY11162794"	3043453562	47.121636	17.486804	51	7	6.1e-05	0.066968	0.153355	0.000573	0.02221	0.044586	0.007726	0.29548	0.933565	0.873168	0.808049	0.546484	0.941625	12	"Wholegenome - (CP) Mutational landscape in haemochromatosis"	"DN544017L:C2 (298150)"	43495	"1#5"	30	96.39	2.8	4.42	27.01	7.28	0.1	0.13	0.03	117.76	1.18	0.09	0.02	"Pass"	"84.8 % / 87.2 % sl"	"Accepted"	NA	"cdt"	"cdt"	"DN875987U"	"C2"	"Normal"	20	82.047	"yes"	"no"	87039	"PD51605b-B1-c2-s2-lo11"	""	"17/08/2021"	"PD51605b"
"PD51605b_lo0059"	"6424STDY11162794"	3043453562	47.121636	17.486804	51	7	6.1e-05	0.066968	0.153355	0.000573	0.02221	0.044586	0.007726	0.29548	0.933565	0.873168	0.808049	0.546484	0.941625	12	"Wholegenome - (CP) Mutational landscape in haemochromatosis"	"DN544017L:C2 (298150)"	43495	"2#5"	30	96.6	2.61	4.19	27.64	7.47	0.16	0.2	0.03	119.4	1.19	0.09	0.02	"Pass"	"76.1 % / 88.6 % sl"	"Accepted"	NA	"cdt"	"cdt"	"DN875987U"	"C2"	"Normal"	20	82.047	"yes"	"no"	87039	"PD51605b-B1-c2-s2-lo11"	""	"17/08/2021"	"PD51605b"
"PD51605b_lo0059"	"6424STDY11162794"	3043453562	47.121636	17.486804	51	7	6.1e-05	0.066968	0.153355	0.000573	0.02221	0.044586	0.007726	0.29548	0.933565	0.873168	0.808049	0.546484	0.941625	12	"Wholegenome - (CP) Mutational landscape in haemochromatosis"	"DN544017L:C2 (298150)"	43495	"3#5"	30	96.57	2.67	4.2	27.35	7.41	0.12	0.14	0.02	118.92	1.18	0.09	0.02	"Pass"	"80.4 % / 93.2 % sl"	"Accepted"	NA	"cdt"	"cdt"	"DN875987U"	"C2"	"Normal"	20	82.047	"yes"	"no"	87039	"PD51605b-B1-c2-s2-lo11"	""	"17/08/2021"	"PD51605b"
"PD51605b_lo0059"	"6424STDY11162794"	3043453562	47.121636	17.486804	51	7	6.1e-05	0.066968	0.153355	0.000573	0.02221	0.044586	0.007726	0.29548	0.933565	0.873168	0.808049	0.546484	0.941625	12	"Wholegenome - (CP) Mutational landscape in haemochromatosis"	"DN544017L:C2 (298150)"	43495	"4#5"	30	96.42	2.77	4.38	27.47	7.36	0.13	0.15	0.03	118.66	1.18	0.09	0.02	"Pass"	"84.8 % / 84.6 % sl"	"Accepted"	NA	"cdt"	"cdt"	"DN875987U"	"C2"	"Normal"	20	82.047	"yes"	"no"	87039	"PD51605b-B1-c2-s2-lo11"	""	"17/08/2021"	"PD51605b"
"PD51605b_lo0059"	"6424STDY11162794"	3043453562	47.121636	17.486804	51	7	6.1e-05	0.066968	0.153355	0.000573	0.02221	0.044586	0.007726	0.29548	0.933565	0.873168	0.808049	0.546484	0.941625	12	"Wholegenome - (CP) Mutational landscape in haemochromatosis"	"DN544017L:C2 (298150)"	43499	"1#5"	30	97.25	2.17	3.33	32.68	8.57	0.08	0.08	0.01	127.64	1.2	0.12	0.01	"Pass"	"89.1 % / 92.7 % sl"	"Accepted"	NA	"cdt"	"cdt"	"DN875987U"	"C2"	"Normal"	20	82.047	"yes"	"no"	87039	"PD51605b-B1-c2-s2-lo11"	""	"17/08/2021"	"PD51605b"
"PD51605b_lo0059"	"6424STDY11162794"	3043453562	47.121636	17.486804	51	7	6.1e-05	0.066968	0.153355	0.000573	0.02221	0.044586	0.007726	0.29548	0.933565	0.873168	0.808049	0.546484	0.941625	12	"Wholegenome - (CP) Mutational landscape in haemochromatosis"	"DN544017L:C2 (298150)"	43499	"2#5"	30	97.22	2.17	3.39	32.54	8.54	0.09	0.11	0.02	127.22	1.23	0.12	0.01	"Pass"	"89.1 % / 92.7 % sl"	"Accepted"	NA	"cdt"	"cdt"	"DN875987U"	"C2"	"Normal"	20	82.047	"yes"	"no"	87039	"PD51605b-B1-c2-s2-lo11"	""	"17/08/2021"	"PD51605b"
"PD51605b_lo0059"	"6424STDY11162794"	3043453562	47.121636	17.486804	51	7	6.1e-05	0.066968	0.153355	0.000573	0.02221	0.044586	0.007726	0.29548	0.933565	0.873168	0.808049	0.546484	0.941625	12	"Wholegenome - (CP) Mutational landscape in haemochromatosis"	"DN544017L:C2 (298150)"	43499	"3#5"	30	97.29	2.14	3.28	32.74	8.61	0.08	0.09	0.01	127.58	1.22	0.12	0.01	"Pass"	"89.1 % / 92.7 % sl"	"Accepted"	NA	"cdt"	"cdt"	"DN875987U"	"C2"	"Normal"	20	82.047	"yes"	"no"	87039	"PD51605b-B1-c2-s2-lo11"	""	"17/08/2021"	"PD51605b"
"PD51605b_lo0060"	"6424STDY11162795"	3043453562	50.287784	18.916209	54	7	5.1e-05	0.067603	0.158437	0.000437	0.021869	0.043836	0.007833	0.300067	0.932305	0.877212	0.82581	0.662153	0.941069	12	"Wholegenome - (CP) Mutational landscape in haemochromatosis"	"DN544017L:D2 (298151)"	43495	"1#6"	30	96.66	2.67	4.01	28.72	7.75	0.28	0.39	0.11	113.79	1.16	0.09	0.01	"Pass"	"91.3 % / 92.9 % sl"	"Accepted"	NA	"cdt"	"cdt"	"DN875987U"	"D2"	"Normal"	20	74.951	"yes"	"no"	87039	"PD51605b-B1-c2-s2-lo12"	""	"17/08/2021"	"PD51605b"
"PD51605b_lo0060"	"6424STDY11162795"	3043453562	50.287784	18.916209	54	7	5.1e-05	0.067603	0.158437	0.000437	0.021869	0.043836	0.007833	0.300067	0.932305	0.877212	0.82581	0.662153	0.941069	12	"Wholegenome - (CP) Mutational landscape in haemochromatosis"	"DN544017L:D2 (298151)"	43495	"2#6"	30	96.83	2.49	3.85	29.55	7.99	0.35	0.46	0.11	115.16	1.18	0.09	0.01	"Pass"	"87.0 % / 91.2 % sl"	"Accepted"	NA	"cdt"	"cdt"	"DN875987U"	"D2"	"Normal"	20	74.951	"yes"	"no"	87039	"PD51605b-B1-c2-s2-lo12"	""	"17/08/2021"	"PD51605b"
"PD51605b_lo0060"	"6424STDY11162795"	3043453562	50.287784	18.916209	54	7	5.1e-05	0.067603	0.158437	0.000437	0.021869	0.043836	0.007833	0.300067	0.932305	0.877212	0.82581	0.662153	0.941069	12	"Wholegenome - (CP) Mutational landscape in haemochromatosis"	"DN544017L:D2 (298151)"	43495	"3#6"	30	96.81	2.55	3.84	29.1	7.89	0.3	0.4	0.1	114.72	1.16	0.09	0.01	"Pass"	"94.6 % / 90.8 % sl"	"Accepted"	NA	"cdt"	"cdt"	"DN875987U"	"D2"	"Normal"	20	74.951	"yes"	"no"	87039	"PD51605b-B1-c2-s2-lo12"	""	"17/08/2021"	"PD51605b"
"PD51605b_lo0060"	"6424STDY11162795"	3043453562	50.287784	18.916209	54	7	5.1e-05	0.067603	0.158437	0.000437	0.021869	0.043836	0.007833	0.300067	0.932305	0.877212	0.82581	0.662153	0.941069	12	"Wholegenome - (CP) Mutational landscape in haemochromatosis"	"DN544017L:D2 (298151)"	43495	"4#6"	30	96.67	2.66	4.01	29.38	7.88	0.31	0.42	0.11	114.43	1.17	0.1	0.01	"Pass"	"90.2 % / 91.6 % sl"	"Accepted"	NA	"cdt"	"cdt"	"DN875987U"	"D2"	"Normal"	20	74.951	"yes"	"no"	87039	"PD51605b-B1-c2-s2-lo12"	""	"17/08/2021"	"PD51605b"
"PD51605b_lo0060"	"6424STDY11162795"	3043453562	50.287784	18.916209	54	7	5.1e-05	0.067603	0.158437	0.000437	0.021869	0.043836	0.007833	0.300067	0.932305	0.877212	0.82581	0.662153	0.941069	12	"Wholegenome - (CP) Mutational landscape in haemochromatosis"	"DN544017L:D2 (298151)"	43499	"1#6"	30	97.46	2.11	2.98	35.13	9.24	0.28	0.36	0.08	121.37	1.18	0.12	0.01	"Pass"	"96.7 % / 91.0 % sl"	"Accepted"	NA	"cdt"	"cdt"	"DN875987U"	"D2"	"Normal"	20	74.951	"yes"	"no"	87039	"PD51605b-B1-c2-s2-lo12"	""	"17/08/2021"	"PD51605b"
"PD51605b_lo0060"	"6424STDY11162795"	3043453562	50.287784	18.916209	54	7	5.1e-05	0.067603	0.158437	0.000437	0.021869	0.043836	0.007833	0.300067	0.932305	0.877212	0.82581	0.662153	0.941069	12	"Wholegenome - (CP) Mutational landscape in haemochromatosis"	"DN544017L:D2 (298151)"	43499	"2#6"	30	97.42	2.1	3.05	35.07	9.23	0.3	0.39	0.09	121.08	1.21	0.12	0.01	"Pass"	"96.7 % / 91.0 % sl"	"Accepted"	NA	"cdt"	"cdt"	"DN875987U"	"D2"	"Normal"	20	74.951	"yes"	"no"	87039	"PD51605b-B1-c2-s2-lo12"	""	"17/08/2021"	"PD51605b"
"PD51605b_lo0060"	"6424STDY11162795"	3043453562	50.287784	18.916209	54	7	5.1e-05	0.067603	0.158437	0.000437	0.021869	0.043836	0.007833	0.300067	0.932305	0.877212	0.82581	0.662153	0.941069	12	"Wholegenome - (CP) Mutational landscape in haemochromatosis"	"DN544017L:D2 (298151)"	43499	"3#6"	30	97.49	2.07	2.95	35.25	9.3	0.29	0.37	0.08	121.28	1.21	0.12	0.01	"Pass"	"96.7 % / 91.0 % sl"	"Accepted"	NA	"cdt"	"cdt"	"DN875987U"	"D2"	"Normal"	20	74.951	"yes"	"no"	87039	"PD51605b-B1-c2-s2-lo12"	""	"17/08/2021"	"PD51605b"
"PD51605b_lo0066"	"6424STDY11162801"	3043453562	40.980013	15.526233	44	6	7.2e-05	0.067054	0.179497	0.000785	0.021603	0.031401	0.007934	0.308346	0.933162	0.848199	0.674696	0.254162	0.941998	12	"Wholegenome - (CP) Mutational landscape in haemochromatosis"	"DN544017L:B3 (298152)"	43495	"1#7"	30	96.23	2.65	4.89	22.88	6.07	0.16	0.22	0.06	139.72	1.23	0.1	0.02	"Pass"	"64.1 % / 86.4 % sl"	"Accepted"	NA	"cdt"	"cdt"	"DN875987U"	"B3"	"Normal"	20	77.608	"yes"	"no"	87039	"PD51605b-B1-c2-s2-lo18"	"1 cut"	"17/08/2021"	"PD51605b"
"PD51605b_lo0066"	"6424STDY11162801"	3043453562	40.980013	15.526233	44	6	7.2e-05	0.067054	0.179497	0.000785	0.021603	0.031401	0.007934	0.308346	0.933162	0.848199	0.674696	0.254162	0.941998	12	"Wholegenome - (CP) Mutational landscape in haemochromatosis"	"DN544017L:B3 (298152)"	43495	"2#7"	30	96.37	2.49	4.77	23.63	6.29	0.22	0.3	0.08	142.55	1.25	0.1	0.02	"Pass"	"75.0 % / 88.4 % sl"	"Accepted"	NA	"cdt"	"cdt"	"DN875987U"	"B3"	"Normal"	20	77.608	"yes"	"no"	87039	"PD51605b-B1-c2-s2-lo18"	"1 cut"	"17/08/2021"	"PD51605b"
"PD51605b_lo0066"	"6424STDY11162801"	3043453562	40.980013	15.526233	44	6	7.2e-05	0.067054	0.179497	0.000785	0.021603	0.031401	0.007934	0.308346	0.933162	0.848199	0.674696	0.254162	0.941998	12	"Wholegenome - (CP) Mutational landscape in haemochromatosis"	"DN544017L:B3 (298152)"	43495	"3#7"	30	96.39	2.54	4.68	23.24	6.21	0.18	0.24	0.06	141.78	1.23	0.1	0.02	"Pass"	"70.7 % / 93.8 % sl"	"Accepted"	NA	"cdt"	"cdt"	"DN875987U"	"B3"	"Normal"	20	77.608	"yes"	"no"	87039	"PD51605b-B1-c2-s2-lo18"	"1 cut"	"17/08/2021"	"PD51605b"
"PD51605b_lo0066"	"6424STDY11162801"	3043453562	40.980013	15.526233	44	6	7.2e-05	0.067054	0.179497	0.000785	0.021603	0.031401	0.007934	0.308346	0.933162	0.848199	0.674696	0.254162	0.941998	12	"Wholegenome - (CP) Mutational landscape in haemochromatosis"	"DN544017L:B3 (298152)"	43495	"4#7"	30	96.23	2.64	4.9	23.45	6.19	0.18	0.25	0.07	141.17	1.23	0.11	0.02	"Pass"	"64.1 % / 88.1 % sl"	"Accepted"	NA	"cdt"	"cdt"	"DN875987U"	"B3"	"Normal"	20	77.608	"yes"	"no"	87039	"PD51605b-B1-c2-s2-lo18"	"1 cut"	"17/08/2021"	"PD51605b"
"PD51605b_lo0066"	"6424STDY11162801"	3043453562	40.980013	15.526233	44	6	7.2e-05	0.067054	0.179497	0.000785	0.021603	0.031401	0.007934	0.308346	0.933162	0.848199	0.674696	0.254162	0.941998	12	"Wholegenome - (CP) Mutational landscape in haemochromatosis"	"DN544017L:B3 (298152)"	43499	"1#7"	30	96.96	2.08	4	30.29	7.82	0.16	0.23	0.07	157.62	1.3	0.14	0.02	"Pass"	"83.7 % / 90.9 % sl"	"Accepted"	NA	"cdt"	"cdt"	"DN875987U"	"B3"	"Normal"	20	77.608	"yes"	"no"	87039	"PD51605b-B1-c2-s2-lo18"	"1 cut"	"17/08/2021"	"PD51605b"
"PD51605b_lo0066"	"6424STDY11162801"	3043453562	40.980013	15.526233	44	6	7.2e-05	0.067054	0.179497	0.000785	0.021603	0.031401	0.007934	0.308346	0.933162	0.848199	0.674696	0.254162	0.941998	12	"Wholegenome - (CP) Mutational landscape in haemochromatosis"	"DN544017L:B3 (298152)"	43499	"2#7"	30	96.9	2.08	4.13	30.18	7.8	0.19	0.27	0.08	156.83	1.33	0.13	0.02	"Pass"	"75.0 % / 91.3 % sl"	"Accepted"	NA	"cdt"	"cdt"	"DN875987U"	"B3"	"Normal"	20	77.608	"yes"	"no"	87039	"PD51605b-B1-c2-s2-lo18"	"1 cut"	"17/08/2021"	"PD51605b"
"PD51605b_lo0066"	"6424STDY11162801"	3043453562	40.980013	15.526233	44	6	7.2e-05	0.067054	0.179497	0.000785	0.021603	0.031401	0.007934	0.308346	0.933162	0.848199	0.674696	0.254162	0.941998	12	"Wholegenome - (CP) Mutational landscape in haemochromatosis"	"DN544017L:B3 (298152)"	43499	"3#7"	30	97	2.05	3.95	30.33	7.86	0.17	0.25	0.07	157.61	1.32	0.13	0.02	"Pass"	"75.0 % / 91.3 % sl"	"Accepted"	NA	"cdt"	"cdt"	"DN875987U"	"B3"	"Normal"	20	77.608	"yes"	"no"	87039	"PD51605b-B1-c2-s2-lo18"	"1 cut"	"17/08/2021"	"PD51605b"
"PD51605b_lo0074"	"6424STDY11162809"	3043453562	38.583385	14.734666	41	6	7e-05	0.067128	0.211559	0.000542	0.020287	0.038528	0.006747	0.34486	0.932338	0.832672	0.577605	0.155213	0.941176	12	"Wholegenome - (CP) Mutational landscape in haemochromatosis"	"DN544017L:B4 (298153)"	43495	"1#8"	30	96.38	2.65	4.59	23.36	6.04	0.04	0.07	0.03	117.93	1.25	0.13	0.02	"Pass"	"69.6 % / 84.4 % sl"	"Accepted"	NA	"cdt"	"cdt"	"DN875987U"	"B4"	"Normal"	20	49.491	"yes"	"no"	87039	"PD51605b-B1-c2-s2-lo26"	""	"17/08/2021"	"PD51605b"
"PD51605b_lo0074"	"6424STDY11162809"	3043453562	38.583385	14.734666	41	6	7e-05	0.067128	0.211559	0.000542	0.020287	0.038528	0.006747	0.34486	0.932338	0.832672	0.577605	0.155213	0.941176	12	"Wholegenome - (CP) Mutational landscape in haemochromatosis"	"DN544017L:B4 (298153)"	43495	"2#8"	30	96.59	2.48	4.34	24	6.23	0.09	0.14	0.05	119.6	1.26	0.12	0.02	"Pass"	"73.9 % / 86.8 % sl"	"Accepted"	NA	"cdt"	"cdt"	"DN875987U"	"B4"	"Normal"	20	49.491	"yes"	"no"	87039	"PD51605b-B1-c2-s2-lo26"	""	"17/08/2021"	"PD51605b"
"PD51605b_lo0074"	"6424STDY11162809"	3043453562	38.583385	14.734666	41	6	7e-05	0.067128	0.211559	0.000542	0.020287	0.038528	0.006747	0.34486	0.932338	0.832672	0.577605	0.155213	0.941176	12	"Wholegenome - (CP) Mutational landscape in haemochromatosis"	"DN544017L:B4 (298153)"	43495	"3#8"	30	96.55	2.53	4.37	23.64	6.16	0.06	0.08	0.03	119.19	1.25	0.12	0.02	"Pass"	"70.7 % / 78.5 % sl"	"Accepted"	NA	"cdt"	"cdt"	"DN875987U"	"B4"	"Normal"	20	49.491	"yes"	"no"	87039	"PD51605b-B1-c2-s2-lo26"	""	"17/08/2021"	"PD51605b"
"PD51605b_lo0074"	"6424STDY11162809"	3043453562	38.583385	14.734666	41	6	7e-05	0.067128	0.211559	0.000542	0.020287	0.038528	0.006747	0.34486	0.932338	0.832672	0.577605	0.155213	0.941176	12	"Wholegenome - (CP) Mutational landscape in haemochromatosis"	"DN544017L:B4 (298153)"	43495	"4#8"	30	96.4	2.63	4.56	23.9	6.15	0.05	0.09	0.03	118.83	1.25	0.13	0.02	"Pass"	"71.7 % / 84.8 % sl"	"Accepted"	NA	"cdt"	"cdt"	"DN875987U"	"B4"	"Normal"	20	49.491	"yes"	"no"	87039	"PD51605b-B1-c2-s2-lo26"	""	"17/08/2021"	"PD51605b"
"PD51605b_lo0074"	"6424STDY11162809"	3043453562	38.583385	14.734666	41	6	7e-05	0.067128	0.211559	0.000542	0.020287	0.038528	0.006747	0.34486	0.932338	0.832672	0.577605	0.155213	0.941176	12	"Wholegenome - (CP) Mutational landscape in haemochromatosis"	"DN544017L:B4 (298153)"	43499	"1#8"	30	97.2	2.09	3.51	29.18	7.53	0.02	0.04	0.02	127.72	1.27	0.14	0.01	"Pass"	"85.9 % / 84.8 % sl"	"Accepted"	NA	"cdt"	"cdt"	"DN875987U"	"B4"	"Normal"	20	49.491	"yes"	"no"	87039	"PD51605b-B1-c2-s2-lo26"	""	"17/08/2021"	"PD51605b"
"PD51605b_lo0074"	"6424STDY11162809"	3043453562	38.583385	14.734666	41	6	7e-05	0.067128	0.211559	0.000542	0.020287	0.038528	0.006747	0.34486	0.932338	0.832672	0.577605	0.155213	0.941176	12	"Wholegenome - (CP) Mutational landscape in haemochromatosis"	"DN544017L:B4 (298153)"	43499	"2#8"	30	97.17	2.09	3.58	29.08	7.51	0.04	0.07	0.03	127.27	1.3	0.14	0.02	"Pass"	"82.6 % / 88.2 % sl"	"Accepted"	NA	"cdt"	"cdt"	"DN875987U"	"B4"	"Normal"	20	49.491	"yes"	"no"	87039	"PD51605b-B1-c2-s2-lo26"	""	"17/08/2021"	"PD51605b"
"PD51605b_lo0074"	"6424STDY11162809"	3043453562	38.583385	14.734666	41	6	7e-05	0.067128	0.211559	0.000542	0.020287	0.038528	0.006747	0.34486	0.932338	0.832672	0.577605	0.155213	0.941176	12	"Wholegenome - (CP) Mutational landscape in haemochromatosis"	"DN544017L:B4 (298153)"	43499	"3#8"	30	97.23	2.06	3.48	29.26	7.57	0.03	0.05	0.02	127.72	1.3	0.14	0.01	"Pass"	"82.6 % / 88.2 % sl"	"Accepted"	NA	"cdt"	"cdt"	"DN875987U"	"B4"	"Normal"	20	49.491	"yes"	"no"	87039	"PD51605b-B1-c2-s2-lo26"	""	"17/08/2021"	"PD51605b"
"PD51605b_lo0075"	"6424STDY11162810"	3043453562	39.929328	15.355798	43	6	0.000105	0.066296	0.111821	0.000453	0.022289	0.051183	0.006456	0.258603	0.930318	0.838522	0.639454	0.214214	0.940324	12	"Wholegenome - (CP) Mutational landscape in haemochromatosis"	"DN544017L:C4 (298154)"	43495	"1#9"	30	96.89	2.52	3.7	21.72	6.06	0.15	0.18	0.04	116.09	1.14	0.06	0.01	"Pass"	"67.4 % / 80.6 % sl"	"Accepted"	NA	"cdt"	"cdt"	"DN875987U"	"C4"	"Normal"	20	50.875	"yes"	"no"	87039	"PD51605b-B1-c2-s2-lo27"	""	"17/08/2021"	"PD51605b"
"PD51605b_lo0075"	"6424STDY11162810"	3043453562	39.929328	15.355798	43	6	0.000105	0.066296	0.111821	0.000453	0.022289	0.051183	0.006456	0.258603	0.930318	0.838522	0.639454	0.214214	0.940324	12	"Wholegenome - (CP) Mutational landscape in haemochromatosis"	"DN544017L:C4 (298154)"	43495	"2#9"	30	97.04	2.36	3.56	22.26	6.21	0.21	0.25	0.04	117.61	1.15	0.06	0.01	"Pass"	"64.1 % / 88.1 % sl"	"Accepted"	NA	"cdt"	"cdt"	"DN875987U"	"C4"	"Normal"	20	50.875	"yes"	"no"	87039	"PD51605b-B1-c2-s2-lo27"	""	"17/08/2021"	"PD51605b"
"PD51605b_lo0075"	"6424STDY11162810"	3043453562	39.929328	15.355798	43	6	0.000105	0.066296	0.111821	0.000453	0.022289	0.051183	0.006456	0.258603	0.930318	0.838522	0.639454	0.214214	0.940324	12	"Wholegenome - (CP) Mutational landscape in haemochromatosis"	"DN544017L:C4 (298154)"	43495	"3#9"	30	97.04	2.4	3.52	22	6.16	0.16	0.19	0.03	117.12	1.14	0.06	0.01	"Pass"	"75.0 % / 87.0 % sl"	"Accepted"	NA	"cdt"	"cdt"	"DN875987U"	"C4"	"Normal"	20	50.875	"yes"	"no"	87039	"PD51605b-B1-c2-s2-lo27"	""	"17/08/2021"	"PD51605b"
"PD51605b_lo0075"	"6424STDY11162810"	3043453562	39.929328	15.355798	43	6	0.000105	0.066296	0.111821	0.000453	0.022289	0.051183	0.006456	0.258603	0.930318	0.838522	0.639454	0.214214	0.940324	12	"Wholegenome - (CP) Mutational landscape in haemochromatosis"	"DN544017L:C4 (298154)"	43495	"4#9"	30	96.91	2.51	3.67	22.12	6.13	0.17	0.21	0.04	116.77	1.14	0.07	0.01	"Pass"	"68.5 % / 87.3 % sl"	"Accepted"	NA	"cdt"	"cdt"	"DN875987U"	"C4"	"Normal"	20	50.875	"yes"	"no"	87039	"PD51605b-B1-c2-s2-lo27"	""	"17/08/2021"	"PD51605b"
"PD51605b_lo0075"	"6424STDY11162810"	3043453562	39.929328	15.355798	43	6	0.000105	0.066296	0.111821	0.000453	0.022289	0.051183	0.006456	0.258603	0.930318	0.838522	0.639454	0.214214	0.940324	12	"Wholegenome - (CP) Mutational landscape in haemochromatosis"	"DN544017L:C4 (298154)"	43499	"1#9"	30	97.58	2.01	2.82	26.25	6.97	0.12	0.13	0.01	124.49	1.15	0.11	0.01	"Pass"	"76.1 % / 88.6 % sl"	"Accepted"	NA	"cdt"	"cdt"	"DN875987U"	"C4"	"Normal"	20	50.875	"yes"	"no"	87039	"PD51605b-B1-c2-s2-lo27"	""	"17/08/2021"	"PD51605b"
"PD51605b_lo0075"	"6424STDY11162810"	3043453562	39.929328	15.355798	43	6	0.000105	0.066296	0.111821	0.000453	0.022289	0.051183	0.006456	0.258603	0.930318	0.838522	0.639454	0.214214	0.940324	12	"Wholegenome - (CP) Mutational landscape in haemochromatosis"	"DN544017L:C4 (298154)"	43499	"2#9"	30	97.55	2.01	2.9	26.19	6.96	0.14	0.16	0.02	124.1	1.19	0.11	0.01	"Pass"	"66.3 % / 86.9 % sl"	"Accepted"	NA	"cdt"	"cdt"	"DN875987U"	"C4"	"Normal"	20	50.875	"yes"	"no"	87039	"PD51605b-B1-c2-s2-lo27"	""	"17/08/2021"	"PD51605b"
"PD51605b_lo0075"	"6424STDY11162810"	3043453562	39.929328	15.355798	43	6	0.000105	0.066296	0.111821	0.000453	0.022289	0.051183	0.006456	0.258603	0.930318	0.838522	0.639454	0.214214	0.940324	12	"Wholegenome - (CP) Mutational landscape in haemochromatosis"	"DN544017L:C4 (298154)"	43499	"3#9"	30	97.61	1.98	2.81	26.32	7	0.13	0.14	0.01	124.31	1.18	0.11	0.01	"Pass"	"66.3 % / 86.9 % sl"	"Accepted"	NA	"cdt"	"cdt"	"DN875987U"	"C4"	"Normal"	20	50.875	"yes"	"no"	87039	"PD51605b-B1-c2-s2-lo27"	""	"17/08/2021"	"PD51605b"
"PD51605b_lo0076"	"6424STDY11162811"	3043453562	44.023394	16.610308	47	7	6.5e-05	0.068395	0.09413	0.000617	0.023556	0.05338	0.006733	0.246875	0.932088	0.860119	0.760249	0.403918	0.940923	12	"Wholegenome - (CP) Mutational landscape in haemochromatosis"	"DN544017L:D4 (298155)"	43495	"1#10"	30	96.61	2.72	4.06	24.11	6.76	0.1	0.11	0.01	115.05	1.12	0.05	0.01	"Pass"	"68.5 % / 88.9 % sl"	"Accepted"	NA	"cdt"	"cdt"	"DN875987U"	"D4"	"Normal"	20	66.943	"yes"	"no"	87039	"PD51605b-B1-c2-s2-lo28"	""	"17/08/2021"	"PD51605b"
"PD51605b_lo0076"	"6424STDY11162811"	3043453562	44.023394	16.610308	47	7	6.5e-05	0.068395	0.09413	0.000617	0.023556	0.05338	0.006733	0.246875	0.932088	0.860119	0.760249	0.403918	0.940923	12	"Wholegenome - (CP) Mutational landscape in haemochromatosis"	"DN544017L:D4 (298155)"	43495	"2#10"	30	96.79	2.54	3.89	24.7	6.93	0.16	0.18	0.02	116.52	1.13	0.05	0.01	"Pass"	"73.9 % / 88.2 % sl"	"Accepted"	NA	"cdt"	"cdt"	"DN875987U"	"D4"	"Normal"	20	66.943	"yes"	"no"	87039	"PD51605b-B1-c2-s2-lo28"	""	"17/08/2021"	"PD51605b"
"PD51605b_lo0076"	"6424STDY11162811"	3043453562	44.023394	16.610308	47	7	6.5e-05	0.068395	0.09413	0.000617	0.023556	0.05338	0.006733	0.246875	0.932088	0.860119	0.760249	0.403918	0.940923	12	"Wholegenome - (CP) Mutational landscape in haemochromatosis"	"DN544017L:D4 (298155)"	43495	"3#10"	30	96.76	2.6	3.89	24.45	6.88	0.12	0.13	0	116.05	1.12	0.05	0.01	"Pass"	"70.7 % / 87.7 % sl"	"Accepted"	NA	"cdt"	"cdt"	"DN875987U"	"D4"	"Normal"	20	66.943	"yes"	"no"	87039	"PD51605b-B1-c2-s2-lo28"	""	"17/08/2021"	"PD51605b"
"PD51605b_lo0076"	"6424STDY11162811"	3043453562	44.023394	16.610308	47	7	6.5e-05	0.068395	0.09413	0.000617	0.023556	0.05338	0.006733	0.246875	0.932088	0.860119	0.760249	0.403918	0.940923	12	"Wholegenome - (CP) Mutational landscape in haemochromatosis"	"DN544017L:D4 (298155)"	43495	"4#10"	30	96.63	2.7	4.04	24.54	6.84	0.13	0.14	0.01	115.8	1.12	0.06	0.01	"Pass"	"73.9 % / 83.8 % sl"	"Accepted"	NA	"cdt"	"cdt"	"DN875987U"	"D4"	"Normal"	20	66.943	"yes"	"no"	87039	"PD51605b-B1-c2-s2-lo28"	""	"17/08/2021"	"PD51605b"
"PD51605b_lo0076"	"6424STDY11162811"	3043453562	44.023394	16.610308	47	7	6.5e-05	0.068395	0.09413	0.000617	0.023556	0.05338	0.006733	0.246875	0.932088	0.860119	0.760249	0.403918	0.940923	12	"Wholegenome - (CP) Mutational landscape in haemochromatosis"	"DN544017L:D4 (298155)"	43499	"1#10"	30	97.44	2.13	2.99	27.91	7.49	0.08	0.07	0.01	123.7	1.14	0.1	0.01	"Pass"	"81.5 % / 96.0 % sl"	"Accepted"	NA	"cdt"	"cdt"	"DN875987U"	"D4"	"Normal"	20	66.943	"yes"	"no"	87039	"PD51605b-B1-c2-s2-lo28"	""	"17/08/2021"	"PD51605b"
"PD51605b_lo0076"	"6424STDY11162811"	3043453562	44.023394	16.610308	47	7	6.5e-05	0.068395	0.09413	0.000617	0.023556	0.05338	0.006733	0.246875	0.932088	0.860119	0.760249	0.403918	0.940923	12	"Wholegenome - (CP) Mutational landscape in haemochromatosis"	"DN544017L:D4 (298155)"	43499	"2#10"	30	97.41	2.12	3.05	27.81	7.46	0.1	0.1	0	123.4	1.17	0.1	0.01	"Pass"	"76.1 % / 95.7 % sl"	"Accepted"	NA	"cdt"	"cdt"	"DN875987U"	"D4"	"Normal"	20	66.943	"yes"	"no"	87039	"PD51605b-B1-c2-s2-lo28"	""	"17/08/2021"	"PD51605b"
"PD51605b_lo0076"	"6424STDY11162811"	3043453562	44.023394	16.610308	47	7	6.5e-05	0.068395	0.09413	0.000617	0.023556	0.05338	0.006733	0.246875	0.932088	0.860119	0.760249	0.403918	0.940923	12	"Wholegenome - (CP) Mutational landscape in haemochromatosis"	"DN544017L:D4 (298155)"	43499	"3#10"	30	97.47	2.1	2.97	27.95	7.51	0.09	0.08	0	123.62	1.16	0.1	0.01	"Pass"	"76.1 % / 95.7 % sl"	"Accepted"	NA	"cdt"	"cdt"	"DN875987U"	"D4"	"Normal"	20	66.943	"yes"	"no"	87039	"PD51605b-B1-c2-s2-lo28"	""	"17/08/2021"	"PD51605b"
"PD51605b_lo0077"	"6424STDY11162812"	3043453562	46.216087	17.348854	50	7	4.1e-05	0.067442	0.126777	0.000444	0.022275	0.04584	0.008163	0.270982	0.93227	0.867814	0.793811	0.508829	0.941095	12	"Wholegenome - (CP) Mutational landscape in haemochromatosis"	"DN544017L:E4 (298156)"	43495	"1#11"	30	96.82	2.6	3.76	25.93	7.14	0.13	0.18	0.04	117.05	1.11	0.07	0.01	"Pass"	"70.7 % / 93.8 % sl"	"Accepted"	NA	"cdt"	"cdt"	"DN875987U"	"E4"	"Normal"	20	49.651	"yes"	"no"	87039	"PD51605b-B1-c2-s2-lo29"	""	"17/08/2021"	"PD51605b"
"PD51605b_lo0077"	"6424STDY11162812"	3043453562	46.216087	17.348854	50	7	4.1e-05	0.067442	0.126777	0.000444	0.022275	0.04584	0.008163	0.270982	0.93227	0.867814	0.793811	0.508829	0.941095	12	"Wholegenome - (CP) Mutational landscape in haemochromatosis"	"DN544017L:E4 (298156)"	43495	"2#11"	30	96.98	2.44	3.61	26.76	7.38	0.19	0.24	0.05	118.54	1.13	0.07	0.01	"Pass"	"78.3 % / 95.8 % sl"	"Accepted"	NA	"cdt"	"cdt"	"DN875987U"	"E4"	"Normal"	20	49.651	"yes"	"no"	87039	"PD51605b-B1-c2-s2-lo29"	""	"17/08/2021"	"PD51605b"
"PD51605b_lo0077"	"6424STDY11162812"	3043453562	46.216087	17.348854	50	7	4.1e-05	0.067442	0.126777	0.000444	0.022275	0.04584	0.008163	0.270982	0.93227	0.867814	0.793811	0.508829	0.941095	12	"Wholegenome - (CP) Mutational landscape in haemochromatosis"	"DN544017L:E4 (298156)"	43495	"3#11"	30	96.96	2.49	3.59	26.24	7.26	0.15	0.19	0.03	118.11	1.11	0.07	0.01	"Pass"	"73.9 % / 92.6 % sl"	"Accepted"	NA	"cdt"	"cdt"	"DN875987U"	"E4"	"Normal"	20	49.651	"yes"	"no"	87039	"PD51605b-B1-c2-s2-lo29"	""	"17/08/2021"	"PD51605b"
"PD51605b_lo0077"	"6424STDY11162812"	3043453562	46.216087	17.348854	50	7	4.1e-05	0.067442	0.126777	0.000444	0.022275	0.04584	0.008163	0.270982	0.93227	0.867814	0.793811	0.508829	0.941095	12	"Wholegenome - (CP) Mutational landscape in haemochromatosis"	"DN544017L:E4 (298156)"	43495	"4#11"	30	96.84	2.59	3.73	26.77	7.33	0.16	0.2	0.04	117.74	1.12	0.08	0.01	"Pass"	"84.8 % / 87.2 % sl"	"Accepted"	NA	"cdt"	"cdt"	"DN875987U"	"E4"	"Normal"	20	49.651	"yes"	"no"	87039	"PD51605b-B1-c2-s2-lo29"	""	"17/08/2021"	"PD51605b"
"PD51605b_lo0077"	"6424STDY11162812"	3043453562	46.216087	17.348854	50	7	4.1e-05	0.067442	0.126777	0.000444	0.022275	0.04584	0.008163	0.270982	0.93227	0.867814	0.793811	0.508829	0.941095	12	"Wholegenome - (CP) Mutational landscape in haemochromatosis"	"DN544017L:E4 (298156)"	43499	"1#11"	30	97.51	2.09	2.88	30.21	8.04	0.14	0.17	0.03	126.65	1.13	0.11	0.01	"Pass"	"87.0 % / 91.2 % sl"	"Accepted"	NA	"cdt"	"cdt"	"DN875987U"	"E4"	"Normal"	20	49.651	"yes"	"no"	87039	"PD51605b-B1-c2-s2-lo29"	""	"17/08/2021"	"PD51605b"
"PD51605b_lo0077"	"6424STDY11162812"	3043453562	46.216087	17.348854	50	7	4.1e-05	0.067442	0.126777	0.000444	0.022275	0.04584	0.008163	0.270982	0.93227	0.867814	0.793811	0.508829	0.941095	12	"Wholegenome - (CP) Mutational landscape in haemochromatosis"	"DN544017L:E4 (298156)"	43499	"2#11"	30	97.48	2.08	2.96	30.07	8.01	0.16	0.2	0.04	126.29	1.16	0.11	0.01	"Pass"	"84.8 % / 88.5 % sl"	"Accepted"	NA	"cdt"	"cdt"	"DN875987U"	"E4"	"Normal"	20	49.651	"yes"	"no"	87039	"PD51605b-B1-c2-s2-lo29"	""	"17/08/2021"	"PD51605b"
"PD51605b_lo0077"	"6424STDY11162812"	3043453562	46.216087	17.348854	50	7	4.1e-05	0.067442	0.126777	0.000444	0.022275	0.04584	0.008163	0.270982	0.93227	0.867814	0.793811	0.508829	0.941095	12	"Wholegenome - (CP) Mutational landscape in haemochromatosis"	"DN544017L:E4 (298156)"	43499	"3#11"	30	97.54	2.06	2.85	30.14	8.04	0.14	0.18	0.04	126.6	1.15	0.11	0.01	"Pass"	"84.8 % / 88.5 % sl"	"Accepted"	NA	"cdt"	"cdt"	"DN875987U"	"E4"	"Normal"	20	49.651	"yes"	"no"	87039	"PD51605b-B1-c2-s2-lo29"	""	"17/08/2021"	"PD51605b"
"PD51605b_lo0078"	"6424STDY11162813"	3043453562	55.122456	20.371067	60	8	7e-05	0.066783	0.158935	0.000427	0.02066	0.046294	0.007234	0.300404	0.933177	0.891782	0.847265	0.771374	0.941431	12	"Wholegenome - (CP) Mutational landscape in haemochromatosis"	"DN544017L:F4 (298157)"	43495	"1#12"	30	96.76	2.67	3.82	30.94	8.38	0.19	0.22	0.03	113.65	1.11	0.09	0.01	"Pass"	"92.4 % / 94.1 % sl"	"Accepted"	NA	"cdt"	"cdt"	"DN875987U"	"F4"	"Normal"	20	89.444	"yes"	"no"	87039	"PD51605b-B1-c2-s2-lo30"	""	"17/08/2021"	"PD51605b"
"PD51605b_lo0078"	"6424STDY11162813"	3043453562	55.122456	20.371067	60	8	7e-05	0.066783	0.158935	0.000427	0.02066	0.046294	0.007234	0.300404	0.933177	0.891782	0.847265	0.771374	0.941431	12	"Wholegenome - (CP) Mutational landscape in haemochromatosis"	"DN544017L:F4 (298157)"	43495	"2#12"	30	96.92	2.48	3.67	31.68	8.58	0.25	0.29	0.04	114.97	1.13	0.09	0.01	"Pass"	"90.2 % / 89.2 % sl"	"Accepted"	NA	"cdt"	"cdt"	"DN875987U"	"F4"	"Normal"	20	89.444	"yes"	"no"	87039	"PD51605b-B1-c2-s2-lo30"	""	"17/08/2021"	"PD51605b"
"PD51605b_lo0078"	"6424STDY11162813"	3043453562	55.122456	20.371067	60	8	7e-05	0.066783	0.158935	0.000427	0.02066	0.046294	0.007234	0.300404	0.933177	0.891782	0.847265	0.771374	0.941431	12	"Wholegenome - (CP) Mutational landscape in haemochromatosis"	"DN544017L:F4 (298157)"	43495	"3#12"	30	96.91	2.54	3.63	31.31	8.52	0.21	0.23	0.02	114.61	1.12	0.09	0.01	"Pass"	"89.1 % / 87.8 % sl"	"Accepted"	NA	"cdt"	"cdt"	"DN875987U"	"F4"	"Normal"	20	89.444	"yes"	"no"	87039	"PD51605b-B1-c2-s2-lo30"	""	"17/08/2021"	"PD51605b"
"PD51605b_lo0078"	"6424STDY11162813"	3043453562	55.122456	20.371067	60	8	7e-05	0.066783	0.158935	0.000427	0.02066	0.046294	0.007234	0.300404	0.933177	0.891782	0.847265	0.771374	0.941431	12	"Wholegenome - (CP) Mutational landscape in haemochromatosis"	"DN544017L:F4 (298157)"	43495	"4#12"	30	96.79	2.65	3.77	31.45	8.46	0.21	0.25	0.03	114.2	1.12	0.09	0.01	"Pass"	"87.0 % / 96.2 % sl"	"Accepted"	NA	"cdt"	"cdt"	"DN875987U"	"F4"	"Normal"	20	89.444	"yes"	"no"	87039	"PD51605b-B1-c2-s2-lo30"	""	"17/08/2021"	"PD51605b"
"PD51605b_lo0078"	"6424STDY11162813"	3043453562	55.122456	20.371067	60	8	7e-05	0.066783	0.158935	0.000427	0.02066	0.046294	0.007234	0.300404	0.933177	0.891782	0.847265	0.771374	0.941431	12	"Wholegenome - (CP) Mutational landscape in haemochromatosis"	"DN544017L:F4 (298157)"	43499	"1#12"	30	97.57	2.09	2.77	39.42	10.16	0.16	0.18	0.01	121.05	1.12	0.14	0.01	"Pass"	"96.7 % / 89.9 % sl"	"Accepted"	NA	"cdt"	"cdt"	"DN875987U"	"F4"	"Normal"	20	89.444	"yes"	"no"	87039	"PD51605b-B1-c2-s2-lo30"	""	"17/08/2021"	"PD51605b"
"PD51605b_lo0078"	"6424STDY11162813"	3043453562	55.122456	20.371067	60	8	7e-05	0.066783	0.158935	0.000427	0.02066	0.046294	0.007234	0.300404	0.933177	0.891782	0.847265	0.771374	0.941431	12	"Wholegenome - (CP) Mutational landscape in haemochromatosis"	"DN544017L:F4 (298157)"	43499	"2#12"	30	97.53	2.09	2.84	39.32	10.14	0.18	0.2	0.02	120.71	1.16	0.14	0.01	"Pass"	"96.7 % / 93.3 % sl"	"Accepted"	NA	"cdt"	"cdt"	"DN875987U"	"F4"	"Normal"	20	89.444	"yes"	"no"	87039	"PD51605b-B1-c2-s2-lo30"	""	"17/08/2021"	"PD51605b"
"PD51605b_lo0078"	"6424STDY11162813"	3043453562	55.122456	20.371067	60	8	7e-05	0.066783	0.158935	0.000427	0.02066	0.046294	0.007234	0.300404	0.933177	0.891782	0.847265	0.771374	0.941431	12	"Wholegenome - (CP) Mutational landscape in haemochromatosis"	"DN544017L:F4 (298157)"	43499	"3#12"	30	97.6	2.06	2.75	39.6	10.23	0.17	0.18	0.02	120.97	1.15	0.14	0.01	"Pass"	"96.7 % / 93.3 % sl"	"Accepted"	NA	"cdt"	"cdt"	"DN875987U"	"F4"	"Normal"	20	89.444	"yes"	"no"	87039	"PD51605b-B1-c2-s2-lo30"	""	"17/08/2021"	"PD51605b"
"PD51605b_lo0079"	"6424STDY11162814"	3043453562	41.251708	15.891453	44	6	6.8e-05	0.067501	0.177063	0.000499	0.02101	0.03714	0.007452	0.310732	0.930703	0.844245	0.683511	0.274931	0.940564	12	"Wholegenome - (CP) Mutational landscape in haemochromatosis"	"DN544017L:G4 (298158)"	43495	"1#13"	30	96.62	2.75	4	24.17	6.42	0.26	0.27	0	116.29	1.09	0.1	0.01	"Pass"	"69.6 % / 89.1 % sl"	"Accepted"	NA	"cdt"	"cdt"	"DN875987U"	"G4"	"Normal"	20	55.26	"yes"	"no"	87039	"PD51605b-B1-c2-s2-lo31"	""	"17/08/2021"	"PD51605b"
"PD51605b_lo0079"	"6424STDY11162814"	3043453562	41.251708	15.891453	44	6	6.8e-05	0.067501	0.177063	0.000499	0.02101	0.03714	0.007452	0.310732	0.930703	0.844245	0.683511	0.274931	0.940564	12	"Wholegenome - (CP) Mutational landscape in haemochromatosis"	"DN544017L:G4 (298158)"	43495	"2#13"	30	96.8	2.56	3.83	24.86	6.63	0.32	0.33	0.01	117.89	1.11	0.1	0.01	"Pass"	"76.1 % / 84.3 % sl"	"Accepted"	NA	"cdt"	"cdt"	"DN875987U"	"G4"	"Normal"	20	55.26	"yes"	"no"	87039	"PD51605b-B1-c2-s2-lo31"	""	"17/08/2021"	"PD51605b"
"PD51605b_lo0079"	"6424STDY11162814"	3043453562	41.251708	15.891453	44	6	6.8e-05	0.067501	0.177063	0.000499	0.02101	0.03714	0.007452	0.310732	0.930703	0.844245	0.683511	0.274931	0.940564	12	"Wholegenome - (CP) Mutational landscape in haemochromatosis"	"DN544017L:G4 (298158)"	43495	"3#13"	30	96.79	2.62	3.8	24.48	6.54	0.28	0.28	0	117.4	1.09	0.1	0.01	"Pass"	"69.6 % / 85.9 % sl"	"Accepted"	NA	"cdt"	"cdt"	"DN875987U"	"G4"	"Normal"	20	55.26	"yes"	"no"	87039	"PD51605b-B1-c2-s2-lo31"	""	"17/08/2021"	"PD51605b"
"PD51605b_lo0079"	"6424STDY11162814"	3043453562	41.251708	15.891453	44	6	6.8e-05	0.067501	0.177063	0.000499	0.02101	0.03714	0.007452	0.310732	0.930703	0.844245	0.683511	0.274931	0.940564	12	"Wholegenome - (CP) Mutational landscape in haemochromatosis"	"DN544017L:G4 (298158)"	43495	"4#13"	30	96.65	2.74	3.96	24.76	6.55	0.28	0.29	0.01	117.03	1.09	0.11	0.01	"Pass"	"73.9 % / 98.5 % sl"	"Accepted"	NA	"cdt"	"cdt"	"DN875987U"	"G4"	"Normal"	20	55.26	"yes"	"no"	87039	"PD51605b-B1-c2-s2-lo31"	""	"17/08/2021"	"PD51605b"
"PD51605b_lo0079"	"6424STDY11162814"	3043453562	41.251708	15.891453	44	6	6.8e-05	0.067501	0.177063	0.000499	0.02101	0.03714	0.007452	0.310732	0.930703	0.844245	0.683511	0.274931	0.940564	12	"Wholegenome - (CP) Mutational landscape in haemochromatosis"	"DN544017L:G4 (298158)"	43499	"1#13"	30	97.34	2.14	3.17	29	7.61	0.26	0.28	0.02	126.53	1.16	0.12	0.01	"Pass"	"82.6 % / 90.8 % sl"	"Accepted"	NA	"cdt"	"cdt"	"DN875987U"	"G4"	"Normal"	20	55.26	"yes"	"no"	87039	"PD51605b-B1-c2-s2-lo31"	""	"17/08/2021"	"PD51605b"
"PD51605b_lo0079"	"6424STDY11162814"	3043453562	41.251708	15.891453	44	6	6.8e-05	0.067501	0.177063	0.000499	0.02101	0.03714	0.007452	0.310732	0.930703	0.844245	0.683511	0.274931	0.940564	12	"Wholegenome - (CP) Mutational landscape in haemochromatosis"	"DN544017L:G4 (298158)"	43499	"2#13"	30	97.32	2.13	3.24	28.92	7.59	0.28	0.31	0.03	126.16	1.19	0.12	0.01	"Pass"	"79.3 % / 90.4 % sl"	"Accepted"	NA	"cdt"	"cdt"	"DN875987U"	"G4"	"Normal"	20	55.26	"yes"	"no"	87039	"PD51605b-B1-c2-s2-lo31"	""	"17/08/2021"	"PD51605b"
"PD51605b_lo0079"	"6424STDY11162814"	3043453562	41.251708	15.891453	44	6	6.8e-05	0.067501	0.177063	0.000499	0.02101	0.03714	0.007452	0.310732	0.930703	0.844245	0.683511	0.274931	0.940564	12	"Wholegenome - (CP) Mutational landscape in haemochromatosis"	"DN544017L:G4 (298158)"	43499	"3#13"	30	97.39	2.1	3.12	28.99	7.62	0.26	0.29	0.02	126.42	1.19	0.12	0.01	"Pass"	"79.3 % / 90.4 % sl"	"Accepted"	NA	"cdt"	"cdt"	"DN875987U"	"G4"	"Normal"	20	55.26	"yes"	"no"	87039	"PD51605b-B1-c2-s2-lo31"	""	"17/08/2021"	"PD51605b"
"PD51605b_lo0086"	"6424STDY11162821"	3043453562	55.535228	20.748875	60	8	6e-05	0.066038	0.197704	0.00039	0.019068	0.037509	0.007132	0.327902	0.933015	0.889609	0.84568	0.771509	0.941491	12	"Wholegenome - (CP) Mutational landscape in haemochromatosis"	"DN544017L:F5 (298159)"	43495	"1#14"	30	96.71	2.67	3.92	32.26	8.5	0.32	0.37	0.05	116.66	1.13	0.11	0.01	"Pass"	"89.1 % / 95.1 % sl"	"Accepted"	NA	"cdt"	"cdt"	"DN875987U"	"F5"	"Normal"	20	70.363	"yes"	"no"	87039	"PD51605b-B1-c3-s5-lo38"	""	"17/08/2021"	"PD51605b"
"PD51605b_lo0086"	"6424STDY11162821"	3043453562	55.535228	20.748875	60	8	6e-05	0.066038	0.197704	0.00039	0.019068	0.037509	0.007132	0.327902	0.933015	0.889609	0.84568	0.771509	0.941491	12	"Wholegenome - (CP) Mutational landscape in haemochromatosis"	"DN544017L:F5 (298159)"	43495	"2#14"	30	96.88	2.48	3.75	33.06	8.73	0.39	0.44	0.06	118.1	1.15	0.11	0.01	"Pass"	"87.0 % / 96.2 % sl"	"Accepted"	NA	"cdt"	"cdt"	"DN875987U"	"F5"	"Normal"	20	70.363	"yes"	"no"	87039	"PD51605b-B1-c3-s5-lo38"	""	"17/08/2021"	"PD51605b"
"PD51605b_lo0086"	"6424STDY11162821"	3043453562	55.535228	20.748875	60	8	6e-05	0.066038	0.197704	0.00039	0.019068	0.037509	0.007132	0.327902	0.933015	0.889609	0.84568	0.771509	0.941491	12	"Wholegenome - (CP) Mutational landscape in haemochromatosis"	"DN544017L:F5 (298159)"	43495	"3#14"	30	96.87	2.54	3.72	32.61	8.65	0.35	0.39	0.04	117.74	1.13	0.11	0.01	"Pass"	"89.1 % / 95.1 % sl"	"Accepted"	NA	"cdt"	"cdt"	"DN875987U"	"F5"	"Normal"	20	70.363	"yes"	"no"	87039	"PD51605b-B1-c3-s5-lo38"	""	"17/08/2021"	"PD51605b"
"PD51605b_lo0086"	"6424STDY11162821"	3043453562	55.535228	20.748875	60	8	6e-05	0.066038	0.197704	0.00039	0.019068	0.037509	0.007132	0.327902	0.933015	0.889609	0.84568	0.771509	0.941491	12	"Wholegenome - (CP) Mutational landscape in haemochromatosis"	"DN544017L:F5 (298159)"	43495	"4#14"	30	96.75	2.64	3.86	32.85	8.6	0.35	0.4	0.05	117.26	1.13	0.12	0.01	"Pass"	"93.5 % / 95.3 % sl"	"Accepted"	NA	"cdt"	"cdt"	"DN875987U"	"F5"	"Normal"	20	70.363	"yes"	"no"	87039	"PD51605b-B1-c3-s5-lo38"	""	"17/08/2021"	"PD51605b"
"PD51605b_lo0086"	"6424STDY11162821"	3043453562	55.535228	20.748875	60	8	6e-05	0.066038	0.197704	0.00039	0.019068	0.037509	0.007132	0.327902	0.933015	0.889609	0.84568	0.771509	0.941491	12	"Wholegenome - (CP) Mutational landscape in haemochromatosis"	"DN544017L:F5 (298159)"	43499	"1#14"	30	97.51	2.08	2.89	41.49	10.57	0.31	0.33	0.02	124.65	1.14	0.15	0.01	"Pass"	"95.7 % / 92.0 % sl"	"Accepted"	NA	"cdt"	"cdt"	"DN875987U"	"F5"	"Normal"	20	70.363	"yes"	"no"	87039	"PD51605b-B1-c3-s5-lo38"	""	"17/08/2021"	"PD51605b"
"PD51605b_lo0086"	"6424STDY11162821"	3043453562	55.535228	20.748875	60	8	6e-05	0.066038	0.197704	0.00039	0.019068	0.037509	0.007132	0.327902	0.933015	0.889609	0.84568	0.771509	0.941491	12	"Wholegenome - (CP) Mutational landscape in haemochromatosis"	"DN544017L:F5 (298159)"	43499	"2#14"	30	97.48	2.07	2.97	41.42	10.56	0.33	0.35	0.03	124.31	1.18	0.15	0.01	"Pass"	"95.7 % / 96.6 % sl"	"Accepted"	NA	"cdt"	"cdt"	"DN875987U"	"F5"	"Normal"	20	70.363	"yes"	"no"	87039	"PD51605b-B1-c3-s5-lo38"	""	"17/08/2021"	"PD51605b"
"PD51605b_lo0086"	"6424STDY11162821"	3043453562	55.535228	20.748875	60	8	6e-05	0.066038	0.197704	0.00039	0.019068	0.037509	0.007132	0.327902	0.933015	0.889609	0.84568	0.771509	0.941491	12	"Wholegenome - (CP) Mutational landscape in haemochromatosis"	"DN544017L:F5 (298159)"	43499	"3#14"	30	97.54	2.04	2.87	41.63	10.63	0.31	0.33	0.02	124.61	1.17	0.15	0.01	"Pass"	"95.7 % / 96.6 % sl"	"Accepted"	NA	"cdt"	"cdt"	"DN875987U"	"F5"	"Normal"	20	70.363	"yes"	"no"	87039	"PD51605b-B1-c3-s5-lo38"	""	"17/08/2021"	"PD51605b"
"PD51605b_lo0089"	"6424STDY11162824"	3043453562	49.454521	18.326621	53	7	5.6e-05	0.066195	0.140612	0.000597	0.022784	0.044497	0.006592	0.281334	0.933765	0.87746	0.826797	0.638136	0.941726	12	"Wholegenome - (CP) Mutational landscape in haemochromatosis"	"DN544017L:A6 (298160)"	43495	"1#15"	30	96.48	2.61	4.42	27.45	7.49	0.19	0.22	0.04	119.74	1.21	0.08	0.02	"Pass"	"83.7 % / 83.1 % sl"	"Accepted"	NA	"cdt"	"cdt"	"DN875987U"	"A6"	"Normal"	20	55.967	"yes"	"no"	87039	"PD51605b-B1-c3-s5-lo41"	""	"17/08/2021"	"PD51605b"
"PD51605b_lo0089"	"6424STDY11162824"	3043453562	49.454521	18.326621	53	7	5.6e-05	0.066195	0.140612	0.000597	0.022784	0.044497	0.006592	0.281334	0.933765	0.87746	0.826797	0.638136	0.941726	12	"Wholegenome - (CP) Mutational landscape in haemochromatosis"	"DN544017L:A6 (298160)"	43495	"2#15"	30	96.67	2.44	4.22	28.11	7.68	0.24	0.29	0.05	121.47	1.23	0.08	0.02	"Pass"	"88.0 % / 86.4 % sl"	"Accepted"	NA	"cdt"	"cdt"	"DN875987U"	"A6"	"Normal"	20	55.967	"yes"	"no"	87039	"PD51605b-B1-c3-s5-lo41"	""	"17/08/2021"	"PD51605b"
"PD51605b_lo0089"	"6424STDY11162824"	3043453562	49.454521	18.326621	53	7	5.6e-05	0.066195	0.140612	0.000597	0.022784	0.044497	0.006592	0.281334	0.933765	0.87746	0.826797	0.638136	0.941726	12	"Wholegenome - (CP) Mutational landscape in haemochromatosis"	"DN544017L:A6 (298160)"	43495	"3#15"	30	96.65	2.49	4.21	27.82	7.63	0.2	0.23	0.03	120.93	1.21	0.08	0.02	"Pass"	"83.7 % / 88.3 % sl"	"Accepted"	NA	"cdt"	"cdt"	"DN875987U"	"A6"	"Normal"	20	55.967	"yes"	"no"	87039	"PD51605b-B1-c3-s5-lo41"	""	"17/08/2021"	"PD51605b"
"PD51605b_lo0089"	"6424STDY11162824"	3043453562	49.454521	18.326621	53	7	5.6e-05	0.066195	0.140612	0.000597	0.022784	0.044497	0.006592	0.281334	0.933765	0.87746	0.826797	0.638136	0.941726	12	"Wholegenome - (CP) Mutational landscape in haemochromatosis"	"DN544017L:A6 (298160)"	43495	"4#15"	30	96.51	2.59	4.4	27.85	7.56	0.21	0.24	0.04	120.66	1.22	0.08	0.02	"Pass"	"81.5 % / 92.0 % sl"	"Accepted"	NA	"cdt"	"cdt"	"DN875987U"	"A6"	"Normal"	20	55.967	"yes"	"no"	87039	"PD51605b-B1-c3-s5-lo41"	""	"17/08/2021"	"PD51605b"
"PD51605b_lo0089"	"6424STDY11162824"	3043453562	49.454521	18.326621	53	7	5.6e-05	0.066195	0.140612	0.000597	0.022784	0.044497	0.006592	0.281334	0.933765	0.87746	0.826797	0.638136	0.941726	12	"Wholegenome - (CP) Mutational landscape in haemochromatosis"	"DN544017L:A6 (298160)"	43499	"1#15"	30	97.29	2.06	3.36	34.12	8.91	0.15	0.16	0.01	129.76	1.24	0.13	0.01	"Pass"	"91.3 % / 89.3 % sl"	"Accepted"	NA	"cdt"	"cdt"	"DN875987U"	"A6"	"Normal"	20	55.967	"yes"	"no"	87039	"PD51605b-B1-c3-s5-lo41"	""	"17/08/2021"	"PD51605b"
"PD51605b_lo0089"	"6424STDY11162824"	3043453562	49.454521	18.326621	53	7	5.6e-05	0.066195	0.140612	0.000597	0.022784	0.044497	0.006592	0.281334	0.933765	0.87746	0.826797	0.638136	0.941726	12	"Wholegenome - (CP) Mutational landscape in haemochromatosis"	"DN544017L:A6 (298160)"	43499	"2#15"	30	97.26	2.05	3.43	33.94	8.87	0.17	0.19	0.02	129.3	1.27	0.13	0.01	"Pass"	"92.4 % / 91.8 % sl"	"Accepted"	NA	"cdt"	"cdt"	"DN875987U"	"A6"	"Normal"	20	55.967	"yes"	"no"	87039	"PD51605b-B1-c3-s5-lo41"	""	"17/08/2021"	"PD51605b"
"PD51605b_lo0089"	"6424STDY11162824"	3043453562	49.454521	18.326621	53	7	5.6e-05	0.066195	0.140612	0.000597	0.022784	0.044497	0.006592	0.281334	0.933765	0.87746	0.826797	0.638136	0.941726	12	"Wholegenome - (CP) Mutational landscape in haemochromatosis"	"DN544017L:A6 (298160)"	43499	"3#15"	30	97.33	2.03	3.32	34.25	8.97	0.15	0.17	0.02	129.65	1.27	0.13	0.01	"Pass"	"92.4 % / 91.8 % sl"	"Accepted"	NA	"cdt"	"cdt"	"DN875987U"	"A6"	"Normal"	20	55.967	"yes"	"no"	87039	"PD51605b-B1-c3-s5-lo41"	""	"17/08/2021"	"PD51605b"
"PD51606b_lo0049"	"6424STDY11162832"	3043453562	42.496365	16.029158	46	6	5.4e-05	0.070038	0.149265	0.000444	0.021033	0.042131	0.008314	0.291278	0.93271	0.856273	0.725268	0.325097	0.941101	12	"Wholegenome - (CP) Mutational landscape in haemochromatosis"	"DN544017L:A7 (298161)"	43495	"1#16"	30	96.72	2.67	3.9	24.21	6.57	0.12	0.16	0.04	117.36	1.13	0.09	0.01	"Pass"	"68.5 % / 88.9 % sl"	"Accepted"	NA	"cdt"	"cdt"	"DN875987U"	"A7"	"Normal"	20	78.39	"yes"	"no"	87773	"PD51606b-B1-c2-s2-lo1"	""	"17/08/2021"	"PD51606b"
"PD51606b_lo0049"	"6424STDY11162832"	3043453562	42.496365	16.029158	46	6	5.4e-05	0.070038	0.149265	0.000444	0.021033	0.042131	0.008314	0.291278	0.93271	0.856273	0.725268	0.325097	0.941101	12	"Wholegenome - (CP) Mutational landscape in haemochromatosis"	"DN544017L:A7 (298161)"	43495	"2#16"	30	96.88	2.49	3.75	24.84	6.75	0.18	0.22	0.04	118.9	1.15	0.09	0.01	"Pass"	"75.0 % / 88.4 % sl"	"Accepted"	NA	"cdt"	"cdt"	"DN875987U"	"A7"	"Normal"	20	78.39	"yes"	"no"	87773	"PD51606b-B1-c2-s2-lo1"	""	"17/08/2021"	"PD51606b"
"PD51606b_lo0049"	"6424STDY11162832"	3043453562	42.496365	16.029158	46	6	5.4e-05	0.070038	0.149265	0.000444	0.021033	0.042131	0.008314	0.291278	0.93271	0.856273	0.725268	0.325097	0.941101	12	"Wholegenome - (CP) Mutational landscape in haemochromatosis"	"DN544017L:A7 (298161)"	43495	"3#16"	30	96.87	2.55	3.72	24.53	6.69	0.14	0.17	0.03	118.47	1.13	0.08	0.01	"Pass"	"76.1 % / 91.4 % sl"	"Accepted"	NA	"cdt"	"cdt"	"DN875987U"	"A7"	"Normal"	20	78.39	"yes"	"no"	87773	"PD51606b-B1-c2-s2-lo1"	""	"17/08/2021"	"PD51606b"
"PD51606b_lo0049"	"6424STDY11162832"	3043453562	42.496365	16.029158	46	6	5.4e-05	0.070038	0.149265	0.000444	0.021033	0.042131	0.008314	0.291278	0.93271	0.856273	0.725268	0.325097	0.941101	12	"Wholegenome - (CP) Mutational landscape in haemochromatosis"	"DN544017L:A7 (298161)"	43495	"4#16"	30	96.75	2.65	3.86	24.74	6.68	0.14	0.18	0.04	118.09	1.13	0.09	0.01	"Pass"	"73.9 % / 88.2 % sl"	"Accepted"	NA	"cdt"	"cdt"	"DN875987U"	"A7"	"Normal"	20	78.39	"yes"	"no"	87773	"PD51606b-B1-c2-s2-lo1"	""	"17/08/2021"	"PD51606b"
"PD51606b_lo0049"	"6424STDY11162832"	3043453562	42.496365	16.029158	46	6	5.4e-05	0.070038	0.149265	0.000444	0.021033	0.042131	0.008314	0.291278	0.93271	0.856273	0.725268	0.325097	0.941101	12	"Wholegenome - (CP) Mutational landscape in haemochromatosis"	"DN544017L:A7 (298161)"	43499	"1#16"	30	97.45	2.12	2.98	29.1	7.69	0.12	0.13	0.01	126.55	1.14	0.12	0.01	"Pass"	"83.7 % / 89.6 % sl"	"Accepted"	NA	"cdt"	"cdt"	"DN875987U"	"A7"	"Normal"	20	78.39	"yes"	"no"	87773	"PD51606b-B1-c2-s2-lo1"	""	"17/08/2021"	"PD51606b"
"PD51606b_lo0049"	"6424STDY11162832"	3043453562	42.496365	16.029158	46	6	5.4e-05	0.070038	0.149265	0.000444	0.021033	0.042131	0.008314	0.291278	0.93271	0.856273	0.725268	0.325097	0.941101	12	"Wholegenome - (CP) Mutational landscape in haemochromatosis"	"DN544017L:A7 (298161)"	43499	"2#16"	30	97.41	2.11	3.06	29.05	7.68	0.14	0.16	0.03	126.12	1.18	0.12	0.01	"Pass"	"88.0 % / 92.6 % sl"	"Accepted"	NA	"cdt"	"cdt"	"DN875987U"	"A7"	"Normal"	20	78.39	"yes"	"no"	87773	"PD51606b-B1-c2-s2-lo1"	""	"17/08/2021"	"PD51606b"
"PD51606b_lo0049"	"6424STDY11162832"	3043453562	42.496365	16.029158	46	6	5.4e-05	0.070038	0.149265	0.000444	0.021033	0.042131	0.008314	0.291278	0.93271	0.856273	0.725268	0.325097	0.941101	12	"Wholegenome - (CP) Mutational landscape in haemochromatosis"	"DN544017L:A7 (298161)"	43499	"3#16"	30	97.48	2.08	2.96	29.15	7.72	0.13	0.15	0.02	126.43	1.17	0.12	0.01	"Pass"	"88.0 % / 92.6 % sl"	"Accepted"	NA	"cdt"	"cdt"	"DN875987U"	"A7"	"Normal"	20	78.39	"yes"	"no"	87773	"PD51606b-B1-c2-s2-lo1"	""	"17/08/2021"	"PD51606b"
"PD51606b_lo0052"	"6424STDY11162835"	3043453562	28.303032	11.761201	30	5	5.3e-05	0.068862	0.321225	0.000419	0.015137	0.028338	0.007358	0.441392	0.922456	0.518737	0.101201	0.009018	0.938637	12	"Wholegenome - (CP) Mutational landscape in haemochromatosis"	"DN544017L:D7 (298162)"	43495	"1#17"	30	96.47	2.68	4.37	19.91	4.69	0.57	0.61	0.04	119.36	1.17	0.2	0.02	"Pass"	"40.2 % / 81.1 % sl"	"Accepted"	NA	"cdt"	"cdt"	"DN875987U"	"D7"	"Normal"	20	23.586	"yes"	"no"	87773	"PD51606b-B1-c2-s2-lo4"	""	"17/08/2021"	"PD51606b"
"PD51606b_lo0052"	"6424STDY11162835"	3043453562	28.303032	11.761201	30	5	5.3e-05	0.068862	0.321225	0.000419	0.015137	0.028338	0.007358	0.441392	0.922456	0.518737	0.101201	0.009018	0.938637	12	"Wholegenome - (CP) Mutational landscape in haemochromatosis"	"DN544017L:D7 (298162)"	43495	"2#17"	30	96.66	2.49	4.18	20.44	4.87	0.63	0.68	0.05	121.1	1.19	0.2	0.02	"Pass"	"46.7 % / 88.4 % sl"	"Accepted"	NA	"cdt"	"cdt"	"DN875987U"	"D7"	"Normal"	20	23.586	"yes"	"no"	87773	"PD51606b-B1-c2-s2-lo4"	""	"17/08/2021"	"PD51606b"
"PD51606b_lo0052"	"6424STDY11162835"	3043453562	28.303032	11.761201	30	5	5.3e-05	0.068862	0.321225	0.000419	0.015137	0.028338	0.007358	0.441392	0.922456	0.518737	0.101201	0.009018	0.938637	12	"Wholegenome - (CP) Mutational landscape in haemochromatosis"	"DN544017L:D7 (298162)"	43495	"3#17"	30	96.65	2.55	4.14	20.18	4.81	0.59	0.62	0.03	120.59	1.17	0.2	0.02	"Pass"	"53.3 % / 85.7 % sl"	"Accepted"	NA	"cdt"	"cdt"	"DN875987U"	"D7"	"Normal"	20	23.586	"yes"	"no"	87773	"PD51606b-B1-c2-s2-lo4"	""	"17/08/2021"	"PD51606b"
"PD51606b_lo0052"	"6424STDY11162835"	3043453562	28.303032	11.761201	30	5	5.3e-05	0.068862	0.321225	0.000419	0.015137	0.028338	0.007358	0.441392	0.922456	0.518737	0.101201	0.009018	0.938637	12	"Wholegenome - (CP) Mutational landscape in haemochromatosis"	"DN544017L:D7 (298162)"	43495	"4#17"	30	96.51	2.66	4.33	20.25	4.75	0.6	0.64	0.04	120.3	1.17	0.21	0.02	"Pass"	"45.7 % / 88.1 % sl"	"Accepted"	NA	"cdt"	"cdt"	"DN875987U"	"D7"	"Normal"	20	23.586	"yes"	"no"	87773	"PD51606b-B1-c2-s2-lo4"	""	"17/08/2021"	"PD51606b"
"PD51606b_lo0052"	"6424STDY11162835"	3043453562	28.303032	11.761201	30	5	5.3e-05	0.068862	0.321225	0.000419	0.015137	0.028338	0.007358	0.441392	0.922456	0.518737	0.101201	0.009018	0.938637	12	"Wholegenome - (CP) Mutational landscape in haemochromatosis"	"DN544017L:D7 (298162)"	43499	"1#17"	30	97.37	2.06	3.2	25.21	6.32	0.58	0.61	0.02	129.76	1.2	0.16	0.01	"Pass"	"59.8 % / 85.5 % sl"	"Accepted"	NA	"cdt"	"cdt"	"DN875987U"	"D7"	"Normal"	20	23.586	"yes"	"no"	87773	"PD51606b-B1-c2-s2-lo4"	""	"17/08/2021"	"PD51606b"
"PD51606b_lo0052"	"6424STDY11162835"	3043453562	28.303032	11.761201	30	5	5.3e-05	0.068862	0.321225	0.000419	0.015137	0.028338	0.007358	0.441392	0.922456	0.518737	0.101201	0.009018	0.938637	12	"Wholegenome - (CP) Mutational landscape in haemochromatosis"	"DN544017L:D7 (298162)"	43499	"2#17"	30	97.33	2.05	3.3	25.19	6.32	0.6	0.64	0.03	129.36	1.23	0.16	0.01	"Pass"	"60.9 % / 87.5 % sl"	"Accepted"	NA	"cdt"	"cdt"	"DN875987U"	"D7"	"Normal"	20	23.586	"yes"	"no"	87773	"PD51606b-B1-c2-s2-lo4"	""	"17/08/2021"	"PD51606b"
"PD51606b_lo0052"	"6424STDY11162835"	3043453562	28.303032	11.761201	30	5	5.3e-05	0.068862	0.321225	0.000419	0.015137	0.028338	0.007358	0.441392	0.922456	0.518737	0.101201	0.009018	0.938637	12	"Wholegenome - (CP) Mutational landscape in haemochromatosis"	"DN544017L:D7 (298162)"	43499	"3#17"	30	97.41	2.02	3.17	25.32	6.36	0.59	0.61	0.02	129.66	1.22	0.16	0.01	"Pass"	"60.9 % / 87.5 % sl"	"Accepted"	NA	"cdt"	"cdt"	"DN875987U"	"D7"	"Normal"	20	23.586	"yes"	"no"	87773	"PD51606b-B1-c2-s2-lo4"	""	"17/08/2021"	"PD51606b"
"PD51606b_lo0054"	"6424STDY11162837"	3043453562	23.116247	9.941757	24	5	7.7e-05	0.070236	0.425112	0.000254	0.010753	0.02783	0.006859	0.54112	0.91106	0.210249	0.013269	0.002712	0.936812	12	"Wholegenome - (CP) Mutational landscape in haemochromatosis"	"DN544017L:F7 (298163)"	43495	"1#18"	30	96.64	2.71	4.01	20.31	4.22	0.58	0.61	0.03	116.26	1.12	0.3	0.01	"Pass"	"30.4 % / 89.3 % sl"	"Accepted"	NA	"cdt"	"cdt"	"DN875987U"	"F7"	"Normal"	20	14.143	"yes"	"no"	87773	"PD51606b-B1-c2-s2-lo6"	""	"17/08/2021"	"PD51606b"
"PD51606b_lo0054"	"6424STDY11162837"	3043453562	23.116247	9.941757	24	5	7.7e-05	0.070236	0.425112	0.000254	0.010753	0.02783	0.006859	0.54112	0.91106	0.210249	0.013269	0.002712	0.936812	12	"Wholegenome - (CP) Mutational landscape in haemochromatosis"	"DN544017L:F7 (298163)"	43495	"2#18"	30	96.84	2.5	3.81	20.88	4.43	0.64	0.68	0.04	117.79	1.14	0.29	0.01	"Pass"	"37.0 % / 88.2 % sl"	"Accepted"	NA	"cdt"	"cdt"	"DN875987U"	"F7"	"Normal"	20	14.143	"yes"	"no"	87773	"PD51606b-B1-c2-s2-lo6"	""	"17/08/2021"	"PD51606b"
"PD51606b_lo0054"	"6424STDY11162837"	3043453562	23.116247	9.941757	24	5	7.7e-05	0.070236	0.425112	0.000254	0.010753	0.02783	0.006859	0.54112	0.91106	0.210249	0.013269	0.002712	0.936812	12	"Wholegenome - (CP) Mutational landscape in haemochromatosis"	"DN544017L:F7 (298163)"	43495	"3#18"	30	96.82	2.57	3.8	20.57	4.36	0.6	0.62	0.02	117.33	1.12	0.29	0.01	"Pass"	"44.6 % / 95.1 % sl"	"Accepted"	NA	"cdt"	"cdt"	"DN875987U"	"F7"	"Normal"	20	14.143	"yes"	"no"	87773	"PD51606b-B1-c2-s2-lo6"	""	"17/08/2021"	"PD51606b"
"PD51606b_lo0054"	"6424STDY11162837"	3043453562	23.116247	9.941757	24	5	7.7e-05	0.070236	0.425112	0.000254	0.010753	0.02783	0.006859	0.54112	0.91106	0.210249	0.013269	0.002712	0.936812	12	"Wholegenome - (CP) Mutational landscape in haemochromatosis"	"DN544017L:F7 (298163)"	43495	"4#18"	30	96.69	2.67	3.94	20.78	4.32	0.61	0.64	0.03	117.06	1.13	0.3	0.01	"Pass"	"29.3 % / 77.8 % sl"	"Accepted"	NA	"cdt"	"cdt"	"DN875987U"	"F7"	"Normal"	20	14.143	"yes"	"no"	87773	"PD51606b-B1-c2-s2-lo6"	""	"17/08/2021"	"PD51606b"
"PD51606b_lo0054"	"6424STDY11162837"	3043453562	23.116247	9.941757	24	5	7.7e-05	0.070236	0.425112	0.000254	0.010753	0.02783	0.006859	0.54112	0.91106	0.210249	0.013269	0.002712	0.936812	12	"Wholegenome - (CP) Mutational landscape in haemochromatosis"	"DN544017L:F7 (298163)"	43499	"1#18"	30	97.45	2.09	3.01	24.2	5.91	0.59	0.6	0.01	125.19	1.14	0.19	0.01	"Pass"	"55.4 % / 86.3 % sl"	"Accepted"	NA	"cdt"	"cdt"	"DN875987U"	"F7"	"Normal"	20	14.143	"yes"	"no"	87773	"PD51606b-B1-c2-s2-lo6"	""	"17/08/2021"	"PD51606b"
"PD51606b_lo0054"	"6424STDY11162837"	3043453562	23.116247	9.941757	24	5	7.7e-05	0.070236	0.425112	0.000254	0.010753	0.02783	0.006859	0.54112	0.91106	0.210249	0.013269	0.002712	0.936812	12	"Wholegenome - (CP) Mutational landscape in haemochromatosis"	"DN544017L:F7 (298163)"	43499	"2#18"	30	97.42	2.08	3.08	24.12	5.9	0.62	0.63	0.02	124.82	1.17	0.18	0.01	"Pass"	"50.0 % / 93.5 % sl"	"Accepted"	NA	"cdt"	"cdt"	"DN875987U"	"F7"	"Normal"	20	14.143	"yes"	"no"	87773	"PD51606b-B1-c2-s2-lo6"	""	"17/08/2021"	"PD51606b"
"PD51606b_lo0054"	"6424STDY11162837"	3043453562	23.116247	9.941757	24	5	7.7e-05	0.070236	0.425112	0.000254	0.010753	0.02783	0.006859	0.54112	0.91106	0.210249	0.013269	0.002712	0.936812	12	"Wholegenome - (CP) Mutational landscape in haemochromatosis"	"DN544017L:F7 (298163)"	43499	"3#18"	30	97.48	2.06	2.98	24.22	5.93	0.6	0.61	0.01	125.14	1.17	0.18	0.01	"Pass"	"50.0 % / 93.5 % sl"	"Accepted"	NA	"cdt"	"cdt"	"DN875987U"	"F7"	"Normal"	20	14.143	"yes"	"no"	87773	"PD51606b-B1-c2-s2-lo6"	""	"17/08/2021"	"PD51606b"
"PD51606b_lo0056"	"6424STDY11162839"	3043453562	42.275898	15.984104	45	6	7e-05	0.068515	0.249332	0.000478	0.01805	0.032901	0.007867	0.377213	0.932615	0.854419	0.720732	0.315169	0.941225	12	"Wholegenome - (CP) Mutational landscape in haemochromatosis"	"DN544017L:H7 (298164)"	43495	"1#19"	30	96.42	2.73	4.43	26.47	6.66	0.21	0.26	0.05	121.25	1.18	0.15	0.02	"Pass"	"80.4 % / 85.1 % sl"	"Accepted"	NA	"cdt"	"cdt"	"DN875987U"	"H7"	"Normal"	20	48.577	"yes"	"no"	87773	"PD51606b-B1-c2-s2-lo8"	""	"17/08/2021"	"PD51606b"
"PD51606b_lo0056"	"6424STDY11162839"	3043453562	42.275898	15.984104	45	6	7e-05	0.068515	0.249332	0.000478	0.01805	0.032901	0.007867	0.377213	0.932615	0.854419	0.720732	0.315169	0.941225	12	"Wholegenome - (CP) Mutational landscape in haemochromatosis"	"DN544017L:H7 (298164)"	43495	"2#19"	30	96.61	2.55	4.24	27.2	6.88	0.27	0.33	0.06	122.93	1.19	0.15	0.02	"Pass"	"80.4 % / 94.6 % sl"	"Accepted"	NA	"cdt"	"cdt"	"DN875987U"	"H7"	"Normal"	20	48.577	"yes"	"no"	87773	"PD51606b-B1-c2-s2-lo8"	""	"17/08/2021"	"PD51606b"
"PD51606b_lo0056"	"6424STDY11162839"	3043453562	42.275898	15.984104	45	6	7e-05	0.068515	0.249332	0.000478	0.01805	0.032901	0.007867	0.377213	0.932615	0.854419	0.720732	0.315169	0.941225	12	"Wholegenome - (CP) Mutational landscape in haemochromatosis"	"DN544017L:H7 (298164)"	43495	"3#19"	30	96.59	2.61	4.21	26.76	6.79	0.23	0.27	0.04	122.51	1.18	0.15	0.02	"Pass"	"77.2 % / 91.5 % sl"	"Accepted"	NA	"cdt"	"cdt"	"DN875987U"	"H7"	"Normal"	20	48.577	"yes"	"no"	87773	"PD51606b-B1-c2-s2-lo8"	""	"17/08/2021"	"PD51606b"
"PD51606b_lo0056"	"6424STDY11162839"	3043453562	42.275898	15.984104	45	6	7e-05	0.068515	0.249332	0.000478	0.01805	0.032901	0.007867	0.377213	0.932615	0.854419	0.720732	0.315169	0.941225	12	"Wholegenome - (CP) Mutational landscape in haemochromatosis"	"DN544017L:H7 (298164)"	43495	"4#19"	30	96.44	2.71	4.4	27.11	6.78	0.23	0.28	0.05	122.05	1.18	0.16	0.02	"Pass"	"81.5 % / 92.0 % sl"	"Accepted"	NA	"cdt"	"cdt"	"DN875987U"	"H7"	"Normal"	20	48.577	"yes"	"no"	87773	"PD51606b-B1-c2-s2-lo8"	""	"17/08/2021"	"PD51606b"
"PD51606b_lo0056"	"6424STDY11162839"	3043453562	42.275898	15.984104	45	6	7e-05	0.068515	0.249332	0.000478	0.01805	0.032901	0.007867	0.377213	0.932615	0.854419	0.720732	0.315169	0.941225	12	"Wholegenome - (CP) Mutational landscape in haemochromatosis"	"DN544017L:H7 (298164)"	43499	"1#19"	30	97.24	2.14	3.38	34.19	8.64	0.2	0.22	0.02	131.5	1.21	0.16	0.01	"Pass"	"85.9 % / 94.9 % sl"	"Accepted"	NA	"cdt"	"cdt"	"DN875987U"	"H7"	"Normal"	20	48.577	"yes"	"no"	87773	"PD51606b-B1-c2-s2-lo8"	""	"17/08/2021"	"PD51606b"
"PD51606b_lo0056"	"6424STDY11162839"	3043453562	42.275898	15.984104	45	6	7e-05	0.068515	0.249332	0.000478	0.01805	0.032901	0.007867	0.377213	0.932615	0.854419	0.720732	0.315169	0.941225	12	"Wholegenome - (CP) Mutational landscape in haemochromatosis"	"DN544017L:H7 (298164)"	43499	"2#19"	30	97.2	2.13	3.47	34.09	8.62	0.22	0.25	0.03	131.05	1.24	0.16	0.01	"Pass"	"90.2 % / 90.4 % sl"	"Accepted"	NA	"cdt"	"cdt"	"DN875987U"	"H7"	"Normal"	20	48.577	"yes"	"no"	87773	"PD51606b-B1-c2-s2-lo8"	""	"17/08/2021"	"PD51606b"
"PD51606b_lo0056"	"6424STDY11162839"	3043453562	42.275898	15.984104	45	6	7e-05	0.068515	0.249332	0.000478	0.01805	0.032901	0.007867	0.377213	0.932615	0.854419	0.720732	0.315169	0.941225	12	"Wholegenome - (CP) Mutational landscape in haemochromatosis"	"DN544017L:H7 (298164)"	43499	"3#19"	30	97.28	2.11	3.34	34.21	8.67	0.2	0.23	0.03	131.46	1.23	0.15	0.01	"Pass"	"90.2 % / 90.4 % sl"	"Accepted"	NA	"cdt"	"cdt"	"DN875987U"	"H7"	"Normal"	20	48.577	"yes"	"no"	87773	"PD51606b-B1-c2-s2-lo8"	""	"17/08/2021"	"PD51606b"
"PD51606b_lo0059"	"6424STDY11162842"	3043453562	26.030924	11.053536	27	5	8.4e-05	0.068488	0.389767	0.000343	0.012761	0.029207	0.007204	0.507853	0.918331	0.3843	0.050342	0.004868	0.938081	12	"Wholegenome - (CP) Mutational landscape in haemochromatosis"	"DN544017L:C8 (298165)"	43495	"1#20"	30	96.53	2.56	4.37	21.09	4.6	0.66	0.76	0.1	116.71	1.21	0.26	0.02	"Pass"	"45.7 % / 88.1 % sl"	"Accepted"	NA	"cdt"	"cdt"	"DN875987U"	"C8"	"Normal"	20	17.551	"yes"	"no"	87773	"PD51606b-B1-c2-s2-lo11"	""	"17/08/2021"	"PD51606b"
"PD51606b_lo0059"	"6424STDY11162842"	3043453562	26.030924	11.053536	27	5	8.4e-05	0.068488	0.389767	0.000343	0.012761	0.029207	0.007204	0.507853	0.918331	0.3843	0.050342	0.004868	0.938081	12	"Wholegenome - (CP) Mutational landscape in haemochromatosis"	"DN544017L:C8 (298165)"	43495	"2#20"	30	96.72	2.38	4.18	21.64	4.8	0.72	0.83	0.11	118.23	1.23	0.25	0.02	"Pass"	"50.0 % / 87.0 % sl"	"Accepted"	NA	"cdt"	"cdt"	"DN875987U"	"C8"	"Normal"	20	17.551	"yes"	"no"	87773	"PD51606b-B1-c2-s2-lo11"	""	"17/08/2021"	"PD51606b"
"PD51606b_lo0059"	"6424STDY11162842"	3043453562	26.030924	11.053536	27	5	8.4e-05	0.068488	0.389767	0.000343	0.012761	0.029207	0.007204	0.507853	0.918331	0.3843	0.050342	0.004868	0.938081	12	"Wholegenome - (CP) Mutational landscape in haemochromatosis"	"DN544017L:C8 (298165)"	43495	"3#20"	30	96.71	2.43	4.15	21.35	4.73	0.68	0.77	0.09	117.8	1.21	0.25	0.02	"Pass"	"50.0 % / 82.6 % sl"	"Accepted"	NA	"cdt"	"cdt"	"DN875987U"	"C8"	"Normal"	20	17.551	"yes"	"no"	87773	"PD51606b-B1-c2-s2-lo11"	""	"17/08/2021"	"PD51606b"
"PD51606b_lo0059"	"6424STDY11162842"	3043453562	26.030924	11.053536	27	5	8.4e-05	0.068488	0.389767	0.000343	0.012761	0.029207	0.007204	0.507853	0.918331	0.3843	0.050342	0.004868	0.938081	12	"Wholegenome - (CP) Mutational landscape in haemochromatosis"	"DN544017L:C8 (298165)"	43495	"4#20"	30	96.55	2.54	4.36	21.52	4.68	0.69	0.79	0.1	117.46	1.22	0.27	0.02	"Pass"	"48.9 % / 82.2 % sl"	"Accepted"	NA	"cdt"	"cdt"	"DN875987U"	"C8"	"Normal"	20	17.551	"yes"	"no"	87773	"PD51606b-B1-c2-s2-lo11"	""	"17/08/2021"	"PD51606b"
"PD51606b_lo0059"	"6424STDY11162842"	3043453562	26.030924	11.053536	27	5	8.4e-05	0.068488	0.389767	0.000343	0.012761	0.029207	0.007204	0.507853	0.918331	0.3843	0.050342	0.004868	0.938081	12	"Wholegenome - (CP) Mutational landscape in haemochromatosis"	"DN544017L:C8 (298165)"	43499	"1#20"	30	97.37	1.99	3.27	25.81	6.37	0.66	0.73	0.07	125.97	1.24	0.18	0.01	"Pass"	"66.3 % / 86.9 % sl"	"Accepted"	NA	"cdt"	"cdt"	"DN875987U"	"C8"	"Normal"	20	17.551	"yes"	"no"	87773	"PD51606b-B1-c2-s2-lo11"	""	"17/08/2021"	"PD51606b"
"PD51606b_lo0059"	"6424STDY11162842"	3043453562	26.030924	11.053536	27	5	8.4e-05	0.068488	0.389767	0.000343	0.012761	0.029207	0.007204	0.507853	0.918331	0.3843	0.050342	0.004868	0.938081	12	"Wholegenome - (CP) Mutational landscape in haemochromatosis"	"DN544017L:C8 (298165)"	43499	"2#20"	30	97.33	1.98	3.36	25.79	6.37	0.68	0.76	0.08	125.58	1.27	0.18	0.01	"Pass"	"63.0 % / 84.5 % sl"	"Accepted"	NA	"cdt"	"cdt"	"DN875987U"	"C8"	"Normal"	20	17.551	"yes"	"no"	87773	"PD51606b-B1-c2-s2-lo11"	""	"17/08/2021"	"PD51606b"
"PD51606b_lo0059"	"6424STDY11162842"	3043453562	26.030924	11.053536	27	5	8.4e-05	0.068488	0.389767	0.000343	0.012761	0.029207	0.007204	0.507853	0.918331	0.3843	0.050342	0.004868	0.938081	12	"Wholegenome - (CP) Mutational landscape in haemochromatosis"	"DN544017L:C8 (298165)"	43499	"3#20"	30	97.4	1.96	3.23	25.89	6.4	0.66	0.74	0.08	125.88	1.26	0.18	0.01	"Pass"	"63.0 % / 84.5 % sl"	"Accepted"	NA	"cdt"	"cdt"	"DN875987U"	"C8"	"Normal"	20	17.551	"yes"	"no"	87773	"PD51606b-B1-c2-s2-lo11"	""	"17/08/2021"	"PD51606b"
"PD51606b_lo0065"	"6424STDY11162848"	3043453562	33.64928	13.470323	36	6	8.4e-05	0.069884	0.191132	0.000374	0.020062	0.03842	0.007219	0.327175	0.927821	0.7448	0.325123	0.045122	0.939538	12	"Wholegenome - (CP) Mutational landscape in haemochromatosis"	"DN544017L:A9 (298166)"	43495	"1#21"	30	96.86	2.95	3.33	20.3	5.34	0.3	0.22	0.09	112.02	1.08	0.12	0	"Pass"	"44.6 % / 82.9 % sl"	"Accepted"	NA	"cdt"	"cdt"	"DN875987U"	"A9"	"Normal"	20	42.165	"yes"	"no"	87773	"PD51606b-B1-c2-s2-lo17"	""	"17/08/2021"	"PD51606b"
"PD51606b_lo0065"	"6424STDY11162848"	3043453562	33.64928	13.470323	36	6	8.4e-05	0.069884	0.191132	0.000374	0.020062	0.03842	0.007219	0.327175	0.927821	0.7448	0.325123	0.045122	0.939538	12	"Wholegenome - (CP) Mutational landscape in haemochromatosis"	"DN544017L:A9 (298166)"	43495	"2#21"	30	97.03	2.73	3.22	20.95	5.54	0.36	0.28	0.08	113.44	1.05	0.11	0.01	"Pass"	"45.7 % / 83.3 % sl"	"Accepted"	NA	"cdt"	"cdt"	"DN875987U"	"A9"	"Normal"	20	42.165	"yes"	"no"	87773	"PD51606b-B1-c2-s2-lo17"	""	"17/08/2021"	"PD51606b"
"PD51606b_lo0065"	"6424STDY11162848"	3043453562	33.64928	13.470323	36	6	8.4e-05	0.069884	0.191132	0.000374	0.020062	0.03842	0.007219	0.327175	0.927821	0.7448	0.325123	0.045122	0.939538	12	"Wholegenome - (CP) Mutational landscape in haemochromatosis"	"DN544017L:A9 (298166)"	43495	"3#21"	30	97.02	2.8	3.17	20.59	5.46	0.32	0.22	0.09	113.09	1.07	0.11	0	"Pass"	"53.3 % / 81.6 % sl"	"Accepted"	NA	"cdt"	"cdt"	"DN875987U"	"A9"	"Normal"	20	42.165	"yes"	"no"	87773	"PD51606b-B1-c2-s2-lo17"	""	"17/08/2021"	"PD51606b"
"PD51606b_lo0065"	"6424STDY11162848"	3043453562	33.64928	13.470323	36	6	8.4e-05	0.069884	0.191132	0.000374	0.020062	0.03842	0.007219	0.327175	0.927821	0.7448	0.325123	0.045122	0.939538	12	"Wholegenome - (CP) Mutational landscape in haemochromatosis"	"DN544017L:A9 (298166)"	43495	"4#21"	30	96.89	2.93	3.29	20.87	5.47	0.32	0.24	0.08	112.74	1.07	0.12	0	"Pass"	"52.2 % / 87.5 % sl"	"Accepted"	NA	"cdt"	"cdt"	"DN875987U"	"A9"	"Normal"	20	42.165	"yes"	"no"	87773	"PD51606b-B1-c2-s2-lo17"	""	"17/08/2021"	"PD51606b"
"PD51606b_lo0065"	"6424STDY11162848"	3043453562	33.64928	13.470323	36	6	8.4e-05	0.069884	0.191132	0.000374	0.020062	0.03842	0.007219	0.327175	0.927821	0.7448	0.325123	0.045122	0.939538	12	"Wholegenome - (CP) Mutational landscape in haemochromatosis"	"DN544017L:A9 (298166)"	43499	"1#21"	30	97.55	2.19	2.72	23.97	6.31	0.27	0.26	0.01	123.77	1.05	0.12	0.01	"Pass"	"59.8 % / 85.5 % sl"	"Accepted"	NA	"cdt"	"cdt"	"DN875987U"	"A9"	"Normal"	20	42.165	"yes"	"no"	87773	"PD51606b-B1-c2-s2-lo17"	""	"17/08/2021"	"PD51606b"
"PD51606b_lo0065"	"6424STDY11162848"	3043453562	33.64928	13.470323	36	6	8.4e-05	0.069884	0.191132	0.000374	0.020062	0.03842	0.007219	0.327175	0.927821	0.7448	0.325123	0.045122	0.939538	12	"Wholegenome - (CP) Mutational landscape in haemochromatosis"	"DN544017L:A9 (298166)"	43499	"2#21"	30	97.51	2.18	2.79	23.88	6.29	0.29	0.28	0.01	123.31	1.08	0.12	0.01	"Pass"	"65.2 % / 90.0 % sl"	"Accepted"	NA	"cdt"	"cdt"	"DN875987U"	"A9"	"Normal"	20	42.165	"yes"	"no"	87773	"PD51606b-B1-c2-s2-lo17"	""	"17/08/2021"	"PD51606b"
"PD51606b_lo0065"	"6424STDY11162848"	3043453562	33.64928	13.470323	36	6	8.4e-05	0.069884	0.191132	0.000374	0.020062	0.03842	0.007219	0.327175	0.927821	0.7448	0.325123	0.045122	0.939538	12	"Wholegenome - (CP) Mutational landscape in haemochromatosis"	"DN544017L:A9 (298166)"	43499	"3#21"	30	97.58	2.15	2.69	23.96	6.32	0.27	0.26	0.01	123.52	1.07	0.12	0.01	"Pass"	"65.2 % / 90.0 % sl"	"Accepted"	NA	"cdt"	"cdt"	"DN875987U"	"A9"	"Normal"	20	42.165	"yes"	"no"	87773	"PD51606b-B1-c2-s2-lo17"	""	"17/08/2021"	"PD51606b"
"PD51606b_lo0072"	"6424STDY11162855"	3043453562	50.18853	18.722959	54	7	9.1e-05	0.069768	0.16358	0.000512	0.020134	0.035525	0.008214	0.297825	0.932661	0.878511	0.82659	0.662508	0.941298	12	"Wholegenome - (CP) Mutational landscape in haemochromatosis"	"DN544017L:H9 (298167)"	43495	"1#22"	30	96.61	2.74	4.05	28.16	7.58	0.24	0.23	0.01	121.25	1.12	0.09	0.01	"Pass"	"76.1 % / 92.9 % sl"	"Accepted"	NA	"cdt"	"cdt"	"DN875987U"	"H9"	"Normal"	20	85.908	"yes"	"no"	87773	"PD51606b-B1-c2-s2-lo24"	""	"17/08/2021"	"PD51606b"
"PD51606b_lo0072"	"6424STDY11162855"	3043453562	50.18853	18.722959	54	7	9.1e-05	0.069768	0.16358	0.000512	0.020134	0.035525	0.008214	0.297825	0.932661	0.878511	0.82659	0.662508	0.941298	12	"Wholegenome - (CP) Mutational landscape in haemochromatosis"	"DN544017L:H9 (298167)"	43495	"2#22"	30	96.78	2.55	3.9	28.94	7.8	0.3	0.3	0	122.88	1.14	0.09	0.01	"Pass"	"87.0 % / 90.0 % sl"	"Accepted"	NA	"cdt"	"cdt"	"DN875987U"	"H9"	"Normal"	20	85.908	"yes"	"no"	87773	"PD51606b-B1-c2-s2-lo24"	""	"17/08/2021"	"PD51606b"
"PD51606b_lo0072"	"6424STDY11162855"	3043453562	50.18853	18.722959	54	7	9.1e-05	0.069768	0.16358	0.000512	0.020134	0.035525	0.008214	0.297825	0.932661	0.878511	0.82659	0.662508	0.941298	12	"Wholegenome - (CP) Mutational landscape in haemochromatosis"	"DN544017L:H9 (298167)"	43495	"3#22"	30	96.77	2.61	3.85	28.5	7.72	0.26	0.25	0.02	122.45	1.12	0.09	0.01	"Pass"	"88.0 % / 90.1 % sl"	"Accepted"	NA	"cdt"	"cdt"	"DN875987U"	"H9"	"Normal"	20	85.908	"yes"	"no"	87773	"PD51606b-B1-c2-s2-lo24"	""	"17/08/2021"	"PD51606b"
"PD51606b_lo0072"	"6424STDY11162855"	3043453562	50.18853	18.722959	54	7	9.1e-05	0.069768	0.16358	0.000512	0.020134	0.035525	0.008214	0.297825	0.932661	0.878511	0.82659	0.662508	0.941298	12	"Wholegenome - (CP) Mutational landscape in haemochromatosis"	"DN544017L:H9 (298167)"	43495	"4#22"	30	96.64	2.71	4	28.79	7.7	0.26	0.26	0	121.98	1.13	0.1	0.01	"Pass"	"84.8 % / 92.3 % sl"	"Accepted"	NA	"cdt"	"cdt"	"DN875987U"	"H9"	"Normal"	20	85.908	"yes"	"no"	87773	"PD51606b-B1-c2-s2-lo24"	""	"17/08/2021"	"PD51606b"
"PD51606b_lo0072"	"6424STDY11162855"	3043453562	50.18853	18.722959	54	7	9.1e-05	0.069768	0.16358	0.000512	0.020134	0.035525	0.008214	0.297825	0.932661	0.878511	0.82659	0.662508	0.941298	12	"Wholegenome - (CP) Mutational landscape in haemochromatosis"	"DN544017L:H9 (298167)"	43499	"1#22"	30	97.39	2.15	3.07	35.68	9.19	0.23	0.21	0.03	130.78	1.14	0.14	0.01	"Pass"	"89.1 % / 92.7 % sl"	"Accepted"	NA	"cdt"	"cdt"	"DN875987U"	"H9"	"Normal"	20	85.908	"yes"	"no"	87773	"PD51606b-B1-c2-s2-lo24"	""	"17/08/2021"	"PD51606b"
"PD51606b_lo0072"	"6424STDY11162855"	3043453562	50.18853	18.722959	54	7	9.1e-05	0.069768	0.16358	0.000512	0.020134	0.035525	0.008214	0.297825	0.932661	0.878511	0.82659	0.662508	0.941298	12	"Wholegenome - (CP) Mutational landscape in haemochromatosis"	"DN544017L:H9 (298167)"	43499	"2#22"	30	97.35	2.14	3.16	35.56	9.16	0.25	0.24	0.02	130.37	1.18	0.14	0.01	"Pass"	"87.0 % / 86.2 % sl"	"Accepted"	NA	"cdt"	"cdt"	"DN875987U"	"H9"	"Normal"	20	85.908	"yes"	"no"	87773	"PD51606b-B1-c2-s2-lo24"	""	"17/08/2021"	"PD51606b"
"PD51606b_lo0072"	"6424STDY11162855"	3043453562	50.18853	18.722959	54	7	9.1e-05	0.069768	0.16358	0.000512	0.020134	0.035525	0.008214	0.297825	0.932661	0.878511	0.82659	0.662508	0.941298	12	"Wholegenome - (CP) Mutational landscape in haemochromatosis"	"DN544017L:H9 (298167)"	43499	"3#22"	30	97.42	2.12	3.04	35.69	9.21	0.24	0.22	0.02	130.71	1.17	0.14	0.01	"Pass"	"87.0 % / 86.2 % sl"	"Accepted"	NA	"cdt"	"cdt"	"DN875987U"	"H9"	"Normal"	20	85.908	"yes"	"no"	87773	"PD51606b-B1-c2-s2-lo24"	""	"17/08/2021"	"PD51606b"
"PD51606b_lo0075"	"6424STDY11162858"	3043453562	37.973381	14.542012	41	6	6e-05	0.069082	0.194035	0.000484	0.019501	0.032029	0.007807	0.322998	0.931081	0.828069	0.555507	0.131213	0.940626	12	"Wholegenome - (CP) Mutational landscape in haemochromatosis"	"DN544017L:C10 (298168)"	43495	"1#23"	30	96.56	2.72	4.15	22.25	5.85	0.07	0.09	0.02	120.34	1.14	0.11	0.01	"Pass"	"55.4 % / 88.2 % sl"	"Accepted"	NA	"cdt"	"cdt"	"DN875987U"	"C10"	"Normal"	20	53.797	"yes"	"no"	87773	"PD51606b-B1-c2-s2-lo27"	""	"17/08/2021"	"PD51606b"
"PD51606b_lo0075"	"6424STDY11162858"	3043453562	37.973381	14.542012	41	6	6e-05	0.069082	0.194035	0.000484	0.019501	0.032029	0.007807	0.322998	0.931081	0.828069	0.555507	0.131213	0.940626	12	"Wholegenome - (CP) Mutational landscape in haemochromatosis"	"DN544017L:C10 (298168)"	43495	"2#23"	30	96.74	2.54	3.98	22.91	6.04	0.13	0.16	0.03	122.11	1.16	0.11	0.02	"Pass"	"62.0 % / 89.5 % sl"	"Accepted"	NA	"cdt"	"cdt"	"DN875987U"	"C10"	"Normal"	20	53.797	"yes"	"no"	87773	"PD51606b-B1-c2-s2-lo27"	""	"17/08/2021"	"PD51606b"
"PD51606b_lo0075"	"6424STDY11162858"	3043453562	37.973381	14.542012	41	6	6e-05	0.069082	0.194035	0.000484	0.019501	0.032029	0.007807	0.322998	0.931081	0.828069	0.555507	0.131213	0.940626	12	"Wholegenome - (CP) Mutational landscape in haemochromatosis"	"DN544017L:C10 (298168)"	43495	"3#23"	30	96.73	2.6	3.95	22.53	5.96	0.09	0.1	0.01	121.54	1.14	0.11	0.01	"Pass"	"66.3 % / 85.2 % sl"	"Accepted"	NA	"cdt"	"cdt"	"DN875987U"	"C10"	"Normal"	20	53.797	"yes"	"no"	87773	"PD51606b-B1-c2-s2-lo27"	""	"17/08/2021"	"PD51606b"
"PD51606b_lo0075"	"6424STDY11162858"	3043453562	37.973381	14.542012	41	6	6e-05	0.069082	0.194035	0.000484	0.019501	0.032029	0.007807	0.322998	0.931081	0.828069	0.555507	0.131213	0.940626	12	"Wholegenome - (CP) Mutational landscape in haemochromatosis"	"DN544017L:C10 (298168)"	43495	"4#23"	30	96.6	2.7	4.11	22.85	5.97	0.09	0.11	0.02	121.29	1.15	0.12	0.01	"Pass"	"57.6 % / 90.6 % sl"	"Accepted"	NA	"cdt"	"cdt"	"DN875987U"	"C10"	"Normal"	20	53.797	"yes"	"no"	87773	"PD51606b-B1-c2-s2-lo27"	""	"17/08/2021"	"PD51606b"
"PD51606b_lo0075"	"6424STDY11162858"	3043453562	37.973381	14.542012	41	6	6e-05	0.069082	0.194035	0.000484	0.019501	0.032029	0.007807	0.322998	0.931081	0.828069	0.555507	0.131213	0.940626	12	"Wholegenome - (CP) Mutational landscape in haemochromatosis"	"DN544017L:C10 (298168)"	43499	"1#23"	30	97.35	2.12	3.18	27.69	7.26	0.08	0.07	0.01	130.51	1.17	0.13	0.01	"Pass"	"70.7 % / 92.3 % sl"	"Accepted"	NA	"cdt"	"cdt"	"DN875987U"	"C10"	"Normal"	20	53.797	"yes"	"no"	87773	"PD51606b-B1-c2-s2-lo27"	""	"17/08/2021"	"PD51606b"
"PD51606b_lo0075"	"6424STDY11162858"	3043453562	37.973381	14.542012	41	6	6e-05	0.069082	0.194035	0.000484	0.019501	0.032029	0.007807	0.322998	0.931081	0.828069	0.555507	0.131213	0.940626	12	"Wholegenome - (CP) Mutational landscape in haemochromatosis"	"DN544017L:C10 (298168)"	43499	"2#23"	30	97.31	2.12	3.27	27.63	7.24	0.1	0.11	0	130.07	1.2	0.13	0.01	"Pass"	"73.9 % / 88.2 % sl"	"Accepted"	NA	"cdt"	"cdt"	"DN875987U"	"C10"	"Normal"	20	53.797	"yes"	"no"	87773	"PD51606b-B1-c2-s2-lo27"	""	"17/08/2021"	"PD51606b"
"PD51606b_lo0075"	"6424STDY11162858"	3043453562	37.973381	14.542012	41	6	6e-05	0.069082	0.194035	0.000484	0.019501	0.032029	0.007807	0.322998	0.931081	0.828069	0.555507	0.131213	0.940626	12	"Wholegenome - (CP) Mutational landscape in haemochromatosis"	"DN544017L:C10 (298168)"	43499	"3#23"	30	97.38	2.09	3.15	27.68	7.27	0.09	0.09	0.01	130.45	1.19	0.12	0.01	"Pass"	"73.9 % / 88.2 % sl"	"Accepted"	NA	"cdt"	"cdt"	"DN875987U"	"C10"	"Normal"	20	53.797	"yes"	"no"	87773	"PD51606b-B1-c2-s2-lo27"	""	"17/08/2021"	"PD51606b"
"PD51606b_lo0078"	"6424STDY11162861"	3043453562	43.307724	16.841437	47	7	4.5e-05	0.070691	0.217842	0.000365	0.018264	0.038309	0.006924	0.35244	0.929003	0.847588	0.734165	0.38393	0.939704	12	"Wholegenome - (CP) Mutational landscape in haemochromatosis"	"DN544017L:F10 (298169)"	43495	"1#24"	30	96.76	2.59	3.9	26.34	6.82	0.3	0.33	0.03	110.53	1.15	0.13	0.01	"Pass"	"67.4 % / 87.1 % sl"	"Accepted"	NA	"cdt"	"cdt"	"DN875987U"	"F10"	"Normal"	20	45.069	"yes"	"no"	87773	"PD51606b-B1-c2-s2-lo30"	""	"17/08/2021"	"PD51606b"
"PD51606b_lo0078"	"6424STDY11162861"	3043453562	43.307724	16.841437	47	7	4.5e-05	0.070691	0.217842	0.000365	0.018264	0.038309	0.006924	0.35244	0.929003	0.847588	0.734165	0.38393	0.939704	12	"Wholegenome - (CP) Mutational landscape in haemochromatosis"	"DN544017L:F10 (298169)"	43495	"2#24"	30	96.92	2.42	3.74	27.08	7.04	0.36	0.4	0.04	111.71	1.17	0.13	0.01	"Pass"	"77.2 % / 87.3 % sl"	"Accepted"	NA	"cdt"	"cdt"	"DN875987U"	"F10"	"Normal"	20	45.069	"yes"	"no"	87773	"PD51606b-B1-c2-s2-lo30"	""	"17/08/2021"	"PD51606b"
"PD51606b_lo0078"	"6424STDY11162861"	3043453562	43.307724	16.841437	47	7	4.5e-05	0.070691	0.217842	0.000365	0.018264	0.038309	0.006924	0.35244	0.929003	0.847588	0.734165	0.38393	0.939704	12	"Wholegenome - (CP) Mutational landscape in haemochromatosis"	"DN544017L:F10 (298169)"	43495	"3#24"	30	96.9	2.47	3.72	26.64	6.94	0.32	0.34	0.02	111.39	1.15	0.12	0.01	"Pass"	"73.9 % / 89.7 % sl"	"Accepted"	NA	"cdt"	"cdt"	"DN875987U"	"F10"	"Normal"	20	45.069	"yes"	"no"	87773	"PD51606b-B1-c2-s2-lo30"	""	"17/08/2021"	"PD51606b"
"PD51606b_lo0078"	"6424STDY11162861"	3043453562	43.307724	16.841437	47	7	4.5e-05	0.070691	0.217842	0.000365	0.018264	0.038309	0.006924	0.35244	0.929003	0.847588	0.734165	0.38393	0.939704	12	"Wholegenome - (CP) Mutational landscape in haemochromatosis"	"DN544017L:F10 (298169)"	43495	"4#24"	30	96.77	2.58	3.88	26.97	6.94	0.32	0.35	0.03	111.03	1.16	0.13	0.01	"Pass"	"73.9 % / 91.2 % sl"	"Accepted"	NA	"cdt"	"cdt"	"DN875987U"	"F10"	"Normal"	20	45.069	"yes"	"no"	87773	"PD51606b-B1-c2-s2-lo30"	""	"17/08/2021"	"PD51606b"
"PD51606b_lo0078"	"6424STDY11162861"	3043453562	43.307724	16.841437	47	7	4.5e-05	0.070691	0.217842	0.000365	0.018264	0.038309	0.006924	0.35244	0.929003	0.847588	0.734165	0.38393	0.939704	12	"Wholegenome - (CP) Mutational landscape in haemochromatosis"	"DN544017L:F10 (298169)"	43499	"1#24"	30	97.51	2.07	2.92	33.13	8.5	0.3	0.31	0.01	117.26	1.16	0.15	0.01	"Pass"	"88.0 % / 86.4 % sl"	"Accepted"	NA	"cdt"	"cdt"	"DN875987U"	"F10"	"Normal"	20	45.069	"yes"	"no"	87773	"PD51606b-B1-c2-s2-lo30"	""	"17/08/2021"	"PD51606b"
"PD51606b_lo0078"	"6424STDY11162861"	3043453562	43.307724	16.841437	47	7	4.5e-05	0.070691	0.217842	0.000365	0.018264	0.038309	0.006924	0.35244	0.929003	0.847588	0.734165	0.38393	0.939704	12	"Wholegenome - (CP) Mutational landscape in haemochromatosis"	"DN544017L:F10 (298169)"	43499	"2#24"	30	97.47	2.06	2.99	33.07	8.49	0.32	0.34	0.01	116.95	1.2	0.15	0.01	"Pass"	"87.0 % / 88.8 % sl"	"Accepted"	NA	"cdt"	"cdt"	"DN875987U"	"F10"	"Normal"	20	45.069	"yes"	"no"	87773	"PD51606b-B1-c2-s2-lo30"	""	"17/08/2021"	"PD51606b"
"PD51606b_lo0078"	"6424STDY11162861"	3043453562	43.307724	16.841437	47	7	4.5e-05	0.070691	0.217842	0.000365	0.018264	0.038309	0.006924	0.35244	0.929003	0.847588	0.734165	0.38393	0.939704	12	"Wholegenome - (CP) Mutational landscape in haemochromatosis"	"DN544017L:F10 (298169)"	43499	"3#24"	30	97.54	2.04	2.89	33.21	8.54	0.31	0.32	0.01	117.21	1.19	0.14	0.01	"Pass"	"87.0 % / 88.8 % sl"	"Accepted"	NA	"cdt"	"cdt"	"DN875987U"	"F10"	"Normal"	20	45.069	"yes"	"no"	87773	"PD51606b-B1-c2-s2-lo30"	""	"17/08/2021"	"PD51606b"
"PD51606b_lo0079"	"6424STDY11162862"	3043453562	44.820897	16.972815	48	7	5.7e-05	0.070023	0.195975	0.000376	0.018451	0.03864	0.007254	0.330776	0.932059	0.861547	0.771199	0.443191	0.940889	12	"Wholegenome - (CP) Mutational landscape in haemochromatosis"	"DN544017L:G10 (298170)"	43495	"1#25"	30	96.79	2.76	3.67	26.98	7.08	0.19	0.21	0.02	115.91	1.07	0.12	0.01	"Pass"	"81.5 % / 90.7 % sl"	"Accepted"	NA	"cdt"	"cdt"	"DN875987U"	"G10"	"Normal"	20	58.559	"yes"	"no"	87773	"PD51606b-B1-c2-s2-lo31"	""	"17/08/2021"	"PD51606b"
"PD51606b_lo0079"	"6424STDY11162862"	3043453562	44.820897	16.972815	48	7	5.7e-05	0.070023	0.195975	0.000376	0.018451	0.03864	0.007254	0.330776	0.932059	0.861547	0.771199	0.443191	0.940889	12	"Wholegenome - (CP) Mutational landscape in haemochromatosis"	"DN544017L:G10 (298170)"	43495	"2#25"	30	96.96	2.57	3.52	27.66	7.29	0.25	0.28	0.03	117.39	1.09	0.12	0.01	"Pass"	"81.5 % / 93.3 % sl"	"Accepted"	NA	"cdt"	"cdt"	"DN875987U"	"G10"	"Normal"	20	58.559	"yes"	"no"	87773	"PD51606b-B1-c2-s2-lo31"	""	"17/08/2021"	"PD51606b"
"PD51606b_lo0079"	"6424STDY11162862"	3043453562	44.820897	16.972815	48	7	5.7e-05	0.070023	0.195975	0.000376	0.018451	0.03864	0.007254	0.330776	0.932059	0.861547	0.771199	0.443191	0.940889	12	"Wholegenome - (CP) Mutational landscape in haemochromatosis"	"DN544017L:G10 (298170)"	43495	"3#25"	30	96.94	2.63	3.49	27.27	7.21	0.21	0.22	0.01	116.96	1.07	0.11	0.01	"Pass"	"75.0 % / 94.2 % sl"	"Accepted"	NA	"cdt"	"cdt"	"DN875987U"	"G10"	"Normal"	20	58.559	"yes"	"no"	87773	"PD51606b-B1-c2-s2-lo31"	""	"17/08/2021"	"PD51606b"
"PD51606b_lo0079"	"6424STDY11162862"	3043453562	44.820897	16.972815	48	7	5.7e-05	0.070023	0.195975	0.000376	0.018451	0.03864	0.007254	0.330776	0.932059	0.861547	0.771199	0.443191	0.940889	12	"Wholegenome - (CP) Mutational landscape in haemochromatosis"	"DN544017L:G10 (298170)"	43495	"4#25"	30	96.83	2.73	3.62	27.57	7.2	0.21	0.23	0.02	116.62	1.07	0.12	0.01	"Pass"	"78.3 % / 93.1 % sl"	"Accepted"	NA	"cdt"	"cdt"	"DN875987U"	"G10"	"Normal"	20	58.559	"yes"	"no"	87773	"PD51606b-B1-c2-s2-lo31"	""	"17/08/2021"	"PD51606b"
"PD51606b_lo0079"	"6424STDY11162862"	3043453562	44.820897	16.972815	48	7	5.7e-05	0.070023	0.195975	0.000376	0.018451	0.03864	0.007254	0.330776	0.932059	0.861547	0.771199	0.443191	0.940889	12	"Wholegenome - (CP) Mutational landscape in haemochromatosis"	"DN544017L:G10 (298170)"	43499	"1#25"	30	97.53	2.16	2.79	32.47	8.45	0.19	0.2	0	124.42	1.08	0.13	0.01	"Pass"	"87.0 % / 96.2 % sl"	"Accepted"	NA	"cdt"	"cdt"	"DN875987U"	"G10"	"Normal"	20	58.559	"yes"	"no"	87773	"PD51606b-B1-c2-s2-lo31"	""	"17/08/2021"	"PD51606b"
"PD51606b_lo0079"	"6424STDY11162862"	3043453562	44.820897	16.972815	48	7	5.7e-05	0.070023	0.195975	0.000376	0.018451	0.03864	0.007254	0.330776	0.932059	0.861547	0.771199	0.443191	0.940889	12	"Wholegenome - (CP) Mutational landscape in haemochromatosis"	"DN544017L:G10 (298170)"	43499	"2#25"	30	97.49	2.15	2.87	32.42	8.44	0.21	0.22	0.01	124.08	1.12	0.13	0.01	"Pass"	"83.7 % / 92.2 % sl"	"Accepted"	NA	"cdt"	"cdt"	"DN875987U"	"G10"	"Normal"	20	58.559	"yes"	"no"	87773	"PD51606b-B1-c2-s2-lo31"	""	"17/08/2021"	"PD51606b"
"PD51606b_lo0079"	"6424STDY11162862"	3043453562	44.820897	16.972815	48	7	5.7e-05	0.070023	0.195975	0.000376	0.018451	0.03864	0.007254	0.330776	0.932059	0.861547	0.771199	0.443191	0.940889	12	"Wholegenome - (CP) Mutational landscape in haemochromatosis"	"DN544017L:G10 (298170)"	43499	"3#25"	30	97.56	2.12	2.77	32.51	8.48	0.2	0.2	0.01	124.34	1.11	0.13	0.01	"Pass"	"83.7 % / 92.2 % sl"	"Accepted"	NA	"cdt"	"cdt"	"DN875987U"	"G10"	"Normal"	20	58.559	"yes"	"no"	87773	"PD51606b-B1-c2-s2-lo31"	""	"17/08/2021"	"PD51606b"
"PD51606b_lo0083"	"6424STDY11162866"	3043453562	51.265725	19.531775	55	8	3.9e-05	0.070482	0.137251	0.000499	0.022739	0.043581	0.007893	0.282483	0.931333	0.875753	0.823215	0.686682	0.940714	12	"Wholegenome - (CP) Mutational landscape in haemochromatosis"	"DN544017L:C11 (298171)"	43495	"1#26"	30	96.48	2.67	4.37	28.64	7.83	0.31	0.36	0.06	115.55	1.19	0.08	0.02	"Pass"	"85.9 % / 92.4 % sl"	"Accepted"	NA	"cdt"	"cdt"	"DN875987U"	"C11"	"Normal"	20	55.168	"yes"	"no"	87773	"PD51606b-B1-c2-s2-lo35"	""	"17/08/2021"	"PD51606b"
"PD51606b_lo0083"	"6424STDY11162866"	3043453562	51.265725	19.531775	55	8	3.9e-05	0.070482	0.137251	0.000499	0.022739	0.043581	0.007893	0.282483	0.931333	0.875753	0.823215	0.686682	0.940714	12	"Wholegenome - (CP) Mutational landscape in haemochromatosis"	"DN544017L:C11 (298171)"	43495	"2#26"	30	96.66	2.5	4.18	29.35	8.04	0.37	0.44	0.07	117.04	1.21	0.08	0.02	"Pass"	"83.7 % / 96.1 % sl"	"Accepted"	NA	"cdt"	"cdt"	"DN875987U"	"C11"	"Normal"	20	55.168	"yes"	"no"	87773	"PD51606b-B1-c2-s2-lo35"	""	"17/08/2021"	"PD51606b"
"PD51606b_lo0083"	"6424STDY11162866"	3043453562	51.265725	19.531775	55	8	3.9e-05	0.070482	0.137251	0.000499	0.022739	0.043581	0.007893	0.282483	0.931333	0.875753	0.823215	0.686682	0.940714	12	"Wholegenome - (CP) Mutational landscape in haemochromatosis"	"DN544017L:C11 (298171)"	43495	"3#26"	30	96.64	2.55	4.16	28.98	7.96	0.33	0.37	0.05	116.65	1.2	0.07	0.02	"Pass"	"87.0 % / 96.2 % sl"	"Accepted"	NA	"cdt"	"cdt"	"DN875987U"	"C11"	"Normal"	20	55.168	"yes"	"no"	87773	"PD51606b-B1-c2-s2-lo35"	""	"17/08/2021"	"PD51606b"
"PD51606b_lo0083"	"6424STDY11162866"	3043453562	51.265725	19.531775	55	8	3.9e-05	0.070482	0.137251	0.000499	0.022739	0.043581	0.007893	0.282483	0.931333	0.875753	0.823215	0.686682	0.940714	12	"Wholegenome - (CP) Mutational landscape in haemochromatosis"	"DN544017L:C11 (298171)"	43495	"4#26"	30	96.49	2.66	4.36	29.19	7.94	0.34	0.4	0.06	116.32	1.2	0.08	0.02	"Pass"	"87.0 % / 96.2 % sl"	"Accepted"	NA	"cdt"	"cdt"	"DN875987U"	"C11"	"Normal"	20	55.168	"yes"	"no"	87773	"PD51606b-B1-c2-s2-lo35"	""	"17/08/2021"	"PD51606b"
"PD51606b_lo0083"	"6424STDY11162866"	3043453562	51.265725	19.531775	55	8	3.9e-05	0.070482	0.137251	0.000499	0.022739	0.043581	0.007893	0.282483	0.931333	0.875753	0.823215	0.686682	0.940714	12	"Wholegenome - (CP) Mutational landscape in haemochromatosis"	"DN544017L:C11 (298171)"	43499	"1#26"	30	97.33	2.11	3.23	35.08	9.25	0.3	0.31	0.01	124.86	1.21	0.12	0.01	"Pass"	"89.1 % / 93.9 % sl"	"Accepted"	NA	"cdt"	"cdt"	"DN875987U"	"C11"	"Normal"	20	55.168	"yes"	"no"	87773	"PD51606b-B1-c2-s2-lo35"	""	"17/08/2021"	"PD51606b"
"PD51606b_lo0083"	"6424STDY11162866"	3043453562	51.265725	19.531775	55	8	3.9e-05	0.070482	0.137251	0.000499	0.022739	0.043581	0.007893	0.282483	0.931333	0.875753	0.823215	0.686682	0.940714	12	"Wholegenome - (CP) Mutational landscape in haemochromatosis"	"DN544017L:C11 (298171)"	43499	"2#26"	30	97.3	2.1	3.3	35.03	9.24	0.32	0.34	0.02	124.47	1.25	0.12	0.01	"Pass"	"88.0 % / 95.1 % sl"	"Accepted"	NA	"cdt"	"cdt"	"DN875987U"	"C11"	"Normal"	20	55.168	"yes"	"no"	87773	"PD51606b-B1-c2-s2-lo35"	""	"17/08/2021"	"PD51606b"
"PD51606b_lo0083"	"6424STDY11162866"	3043453562	51.265725	19.531775	55	8	3.9e-05	0.070482	0.137251	0.000499	0.022739	0.043581	0.007893	0.282483	0.931333	0.875753	0.823215	0.686682	0.940714	12	"Wholegenome - (CP) Mutational landscape in haemochromatosis"	"DN544017L:C11 (298171)"	43499	"3#26"	30	97.36	2.08	3.2	35.15	9.29	0.3	0.32	0.02	124.79	1.24	0.12	0.01	"Pass"	"88.0 % / 95.1 % sl"	"Accepted"	NA	"cdt"	"cdt"	"DN875987U"	"C11"	"Normal"	20	55.168	"yes"	"no"	87773	"PD51606b-B1-c2-s2-lo35"	""	"17/08/2021"	"PD51606b"
"PD51606b_lo0089"	"6424STDY11162872"	3043453562	42.731461	16.346774	46	7	6.2e-05	0.069145	0.114278	0.000501	0.02298	0.04199	0.007637	0.256593	0.931449	0.853139	0.72436	0.344536	0.940806	12	"Wholegenome - (CP) Mutational landscape in haemochromatosis"	"DN544017L:A12 (298172)"	43495	"1#27"	30	96.6	2.77	4.02	22.68	6.32	0.26	0.34	0.08	124.62	1.13	0.06	0.01	"Pass"	"71.7 % / 93.9 % sl"	"Accepted"	NA	"cdt"	"cdt"	"DN875987U"	"A12"	"Normal"	20	63.362	"yes"	"no"	87773	"PD51606b-B1-c2-s2-lo41"	""	"17/08/2021"	"PD51606b"
"PD51606b_lo0089"	"6424STDY11162872"	3043453562	42.731461	16.346774	46	7	6.2e-05	0.069145	0.114278	0.000501	0.02298	0.04199	0.007637	0.256593	0.931449	0.853139	0.72436	0.344536	0.940806	12	"Wholegenome - (CP) Mutational landscape in haemochromatosis"	"DN544017L:A12 (298172)"	43495	"2#27"	30	96.77	2.57	3.88	23.4	6.52	0.33	0.41	0.08	126.55	1.15	0.06	0.01	"Pass"	"63.0 % / 86.2 % sl"	"Accepted"	NA	"cdt"	"cdt"	"DN875987U"	"A12"	"Normal"	20	63.362	"yes"	"no"	87773	"PD51606b-B1-c2-s2-lo41"	""	"17/08/2021"	"PD51606b"
"PD51606b_lo0089"	"6424STDY11162872"	3043453562	42.731461	16.346774	46	7	6.2e-05	0.069145	0.114278	0.000501	0.02298	0.04199	0.007637	0.256593	0.931449	0.853139	0.72436	0.344536	0.940806	12	"Wholegenome - (CP) Mutational landscape in haemochromatosis"	"DN544017L:A12 (298172)"	43495	"3#27"	30	96.77	2.64	3.83	22.99	6.43	0.28	0.35	0.06	125.96	1.13	0.06	0.01	"Pass"	"73.9 % / 88.2 % sl"	"Accepted"	NA	"cdt"	"cdt"	"DN875987U"	"A12"	"Normal"	20	63.362	"yes"	"no"	87773	"PD51606b-B1-c2-s2-lo41"	""	"17/08/2021"	"PD51606b"
"PD51606b_lo0089"	"6424STDY11162872"	3043453562	42.731461	16.346774	46	7	6.2e-05	0.069145	0.114278	0.000501	0.02298	0.04199	0.007637	0.256593	0.931449	0.853139	0.72436	0.344536	0.940806	12	"Wholegenome - (CP) Mutational landscape in haemochromatosis"	"DN544017L:A12 (298172)"	43495	"4#27"	30	96.64	2.74	3.98	23.28	6.45	0.3	0.37	0.08	125.63	1.14	0.07	0.01	"Pass"	"62.0 % / 98.2 % sl"	"Accepted"	NA	"cdt"	"cdt"	"DN875987U"	"A12"	"Normal"	20	63.362	"yes"	"no"	87773	"PD51606b-B1-c2-s2-lo41"	""	"17/08/2021"	"PD51606b"
"PD51606b_lo0089"	"6424STDY11162872"	3043453562	42.731461	16.346774	46	7	6.2e-05	0.069145	0.114278	0.000501	0.02298	0.04199	0.007637	0.256593	0.931449	0.853139	0.72436	0.344536	0.940806	12	"Wholegenome - (CP) Mutational landscape in haemochromatosis"	"DN544017L:A12 (298172)"	43499	"1#27"	30	97.39	2.16	3.05	28.59	7.63	0.26	0.3	0.04	135.56	1.16	0.11	0.01	"Pass"	"81.5 % / 92.0 % sl"	"Accepted"	NA	"cdt"	"cdt"	"DN875987U"	"A12"	"Normal"	20	63.362	"yes"	"no"	87773	"PD51606b-B1-c2-s2-lo41"	""	"17/08/2021"	"PD51606b"
"PD51606b_lo0089"	"6424STDY11162872"	3043453562	42.731461	16.346774	46	7	6.2e-05	0.069145	0.114278	0.000501	0.02298	0.04199	0.007637	0.256593	0.931449	0.853139	0.72436	0.344536	0.940806	12	"Wholegenome - (CP) Mutational landscape in haemochromatosis"	"DN544017L:A12 (298172)"	43499	"2#27"	30	97.35	2.16	3.15	28.54	7.62	0.28	0.33	0.05	135.11	1.2	0.11	0.01	"Pass"	"82.6 % / 93.4 % sl"	"Accepted"	NA	"cdt"	"cdt"	"DN875987U"	"A12"	"Normal"	20	63.362	"yes"	"no"	87773	"PD51606b-B1-c2-s2-lo41"	""	"17/08/2021"	"PD51606b"
"PD51606b_lo0089"	"6424STDY11162872"	3043453562	42.731461	16.346774	46	7	6.2e-05	0.069145	0.114278	0.000501	0.02298	0.04199	0.007637	0.256593	0.931449	0.853139	0.72436	0.344536	0.940806	12	"Wholegenome - (CP) Mutational landscape in haemochromatosis"	"DN544017L:A12 (298172)"	43499	"3#27"	30	97.42	2.13	3.03	28.67	7.67	0.27	0.31	0.04	135.43	1.19	0.11	0.01	"Pass"	"82.6 % / 93.4 % sl"	"Accepted"	NA	"cdt"	"cdt"	"DN875987U"	"A12"	"Normal"	20	63.362	"yes"	"no"	87773	"PD51606b-B1-c2-s2-lo41"	""	"17/08/2021"	"PD51606b"
"PD51606b_lo0091"	"6424STDY11162874"	3043453562	48.495948	18.053048	52	7	6.9e-05	0.069432	0.205131	0.000351	0.018088	0.042144	0.006527	0.341742	0.933549	0.875977	0.818461	0.601205	0.941446	12	"Wholegenome - (CP) Mutational landscape in haemochromatosis"	"DN544017L:C12 (298173)"	43495	"1#28"	30	96.8	2.69	3.71	29.16	7.62	-0.08	-0.06	0.02	113.67	1.11	0.12	0.01	"Pass"	"84.8 % / 85.9 % sl"	"Accepted"	NA	"cdt"	"cdt"	"DN875987U"	"C12"	"Normal"	20	63.398	"yes"	"no"	87773	"PD51606b-B1-c2-s2-lo43"	""	"17/08/2021"	"PD51606b"
"PD51606b_lo0091"	"6424STDY11162874"	3043453562	48.495948	18.053048	52	7	6.9e-05	0.069432	0.205131	0.000351	0.018088	0.042144	0.006527	0.341742	0.933549	0.875977	0.818461	0.601205	0.941446	12	"Wholegenome - (CP) Mutational landscape in haemochromatosis"	"DN544017L:C12 (298173)"	43495	"2#28"	30	96.97	2.51	3.56	29.88	7.83	-0.02	0	0.02	115.01	1.13	0.12	0.01	"Pass"	"83.7 % / 87.0 % sl"	"Accepted"	NA	"cdt"	"cdt"	"DN875987U"	"C12"	"Normal"	20	63.398	"yes"	"no"	87773	"PD51606b-B1-c2-s2-lo43"	""	"17/08/2021"	"PD51606b"
"PD51606b_lo0091"	"6424STDY11162874"	3043453562	48.495948	18.053048	52	7	6.9e-05	0.069432	0.205131	0.000351	0.018088	0.042144	0.006527	0.341742	0.933549	0.875977	0.818461	0.601205	0.941446	12	"Wholegenome - (CP) Mutational landscape in haemochromatosis"	"DN544017L:C12 (298173)"	43495	"3#28"	30	96.96	2.56	3.52	29.42	7.74	-0.05	-0.04	0.01	114.69	1.11	0.12	0.01	"Pass"	"85.9 % / 89.9 % sl"	"Accepted"	NA	"cdt"	"cdt"	"DN875987U"	"C12"	"Normal"	20	63.398	"yes"	"no"	87773	"PD51606b-B1-c2-s2-lo43"	""	"17/08/2021"	"PD51606b"
"PD51606b_lo0091"	"6424STDY11162874"	3043453562	48.495948	18.053048	52	7	6.9e-05	0.069432	0.205131	0.000351	0.018088	0.042144	0.006527	0.341742	0.933549	0.875977	0.818461	0.601205	0.941446	12	"Wholegenome - (CP) Mutational landscape in haemochromatosis"	"DN544017L:C12 (298173)"	43495	"4#28"	30	96.84	2.67	3.66	29.89	7.76	-0.06	-0.04	0.02	114.16	1.11	0.13	0.01	"Pass"	"85.9 % / 89.9 % sl"	"Accepted"	NA	"cdt"	"cdt"	"DN875987U"	"C12"	"Normal"	20	63.398	"yes"	"no"	87773	"PD51606b-B1-c2-s2-lo43"	""	"17/08/2021"	"PD51606b"
"PD51606b_lo0091"	"6424STDY11162874"	3043453562	48.495948	18.053048	52	7	6.9e-05	0.069432	0.205131	0.000351	0.018088	0.042144	0.006527	0.341742	0.933549	0.875977	0.818461	0.601205	0.941446	12	"Wholegenome - (CP) Mutational landscape in haemochromatosis"	"DN544017L:C12 (298173)"	43499	"1#28"	30	97.53	2.13	2.81	36.4	9.33	-0.08	-0.08	0	121.5	1.12	0.15	0.01	"Pass"	"92.4 % / 87.1 % sl"	"Accepted"	NA	"cdt"	"cdt"	"DN875987U"	"C12"	"Normal"	20	63.398	"yes"	"no"	87773	"PD51606b-B1-c2-s2-lo43"	""	"17/08/2021"	"PD51606b"
"PD51606b_lo0091"	"6424STDY11162874"	3043453562	48.495948	18.053048	52	7	6.9e-05	0.069432	0.205131	0.000351	0.018088	0.042144	0.006527	0.341742	0.933549	0.875977	0.818461	0.601205	0.941446	12	"Wholegenome - (CP) Mutational landscape in haemochromatosis"	"DN544017L:C12 (298173)"	43499	"2#28"	30	97.5	2.13	2.87	36.38	9.33	-0.06	-0.05	0.01	121.15	1.15	0.15	0.01	"Pass"	"93.5 % / 87.2 % sl"	"Accepted"	NA	"cdt"	"cdt"	"DN875987U"	"C12"	"Normal"	20	63.398	"yes"	"no"	87773	"PD51606b-B1-c2-s2-lo43"	""	"17/08/2021"	"PD51606b"
"PD51606b_lo0091"	"6424STDY11162874"	3043453562	48.495948	18.053048	52	7	6.9e-05	0.069432	0.205131	0.000351	0.018088	0.042144	0.006527	0.341742	0.933549	0.875977	0.818461	0.601205	0.941446	12	"Wholegenome - (CP) Mutational landscape in haemochromatosis"	"DN544017L:C12 (298173)"	43499	"3#28"	30	97.56	2.1	2.78	36.47	9.37	-0.07	-0.06	0.01	121.45	1.14	0.14	0.01	"Pass"	"93.5 % / 87.2 % sl"	"Accepted"	NA	"cdt"	"cdt"	"DN875987U"	"C12"	"Normal"	20	63.398	"yes"	"no"	87773	"PD51606b-B1-c2-s2-lo43"	""	"17/08/2021"	"PD51606b"
"PD51606b_lo0093"	"6424STDY11162876"	3043453562	38.170707	14.865547	41	6	4.8e-05	0.070383	0.218926	0.000482	0.019003	0.038517	0.006308	0.353667	0.929638	0.823853	0.562573	0.147821	0.939985	12	"Wholegenome - (CP) Mutational landscape in haemochromatosis"	"DN544017L:E12 (298174)"	43495	"1#29"	30	96.51	2.68	4.31	23.55	6.06	0.08	0.12	0.04	112.59	1.19	0.13	0.02	"Pass"	"70.7 % / 89.2 % sl"	"Accepted"	NA	"cdt"	"cdt"	"DN875987U"	"E12"	"Normal"	20	41.278	"yes"	"no"	87773	"PD51606b-B1-c2-s2-lo45"	""	"17/08/2021"	"PD51606b"
"PD51606b_lo0093"	"6424STDY11162876"	3043453562	38.170707	14.865547	41	6	4.8e-05	0.070383	0.218926	0.000482	0.019003	0.038517	0.006308	0.353667	0.929638	0.823853	0.562573	0.147821	0.939985	12	"Wholegenome - (CP) Mutational landscape in haemochromatosis"	"DN544017L:E12 (298174)"	43495	"2#29"	30	96.7	2.49	4.11	24.16	6.25	0.14	0.18	0.05	113.99	1.21	0.13	0.02	"Pass"	"69.6 % / 79.7 % sl"	"Accepted"	NA	"cdt"	"cdt"	"DN875987U"	"E12"	"Normal"	20	41.278	"yes"	"no"	87773	"PD51606b-B1-c2-s2-lo45"	""	"17/08/2021"	"PD51606b"
"PD51606b_lo0093"	"6424STDY11162876"	3043453562	38.170707	14.865547	41	6	4.8e-05	0.070383	0.218926	0.000482	0.019003	0.038517	0.006308	0.353667	0.929638	0.823853	0.562573	0.147821	0.939985	12	"Wholegenome - (CP) Mutational landscape in haemochromatosis"	"DN544017L:E12 (298174)"	43495	"3#29"	30	96.67	2.55	4.1	23.85	6.18	0.1	0.12	0.03	113.48	1.19	0.13	0.02	"Pass"	"58.7 % / 88.9 % sl"	"Accepted"	NA	"cdt"	"cdt"	"DN875987U"	"E12"	"Normal"	20	41.278	"yes"	"no"	87773	"PD51606b-B1-c2-s2-lo45"	""	"17/08/2021"	"PD51606b"
"PD51606b_lo0093"	"6424STDY11162876"	3043453562	38.170707	14.865547	41	6	4.8e-05	0.070383	0.218926	0.000482	0.019003	0.038517	0.006308	0.353667	0.929638	0.823853	0.562573	0.147821	0.939985	12	"Wholegenome - (CP) Mutational landscape in haemochromatosis"	"DN544017L:E12 (298174)"	43495	"4#29"	30	96.52	2.66	4.31	23.98	6.14	0.1	0.14	0.04	113.39	1.2	0.14	0.02	"Pass"	"59.8 % / 81.8 % sl"	"Accepted"	NA	"cdt"	"cdt"	"DN875987U"	"E12"	"Normal"	20	41.278	"yes"	"no"	87773	"PD51606b-B1-c2-s2-lo45"	""	"17/08/2021"	"PD51606b"
"PD51606b_lo0093"	"6424STDY11162876"	3043453562	38.170707	14.865547	41	6	4.8e-05	0.070383	0.218926	0.000482	0.019003	0.038517	0.006308	0.353667	0.929638	0.823853	0.562573	0.147821	0.939985	12	"Wholegenome - (CP) Mutational landscape in haemochromatosis"	"DN544017L:E12 (298174)"	43499	"1#29"	30	97.37	2.1	3.15	29.03	7.5	0.06	0.07	0.01	120.81	1.21	0.14	0.01	"Pass"	"77.2 % / 87.3 % sl"	"Accepted"	NA	"cdt"	"cdt"	"DN875987U"	"E12"	"Normal"	20	41.278	"yes"	"no"	87773	"PD51606b-B1-c2-s2-lo45"	""	"17/08/2021"	"PD51606b"
"PD51606b_lo0093"	"6424STDY11162876"	3043453562	38.170707	14.865547	41	6	4.8e-05	0.070383	0.218926	0.000482	0.019003	0.038517	0.006308	0.353667	0.929638	0.823853	0.562573	0.147821	0.939985	12	"Wholegenome - (CP) Mutational landscape in haemochromatosis"	"DN544017L:E12 (298174)"	43499	"2#29"	30	97.34	2.1	3.23	28.95	7.49	0.08	0.11	0.02	120.48	1.25	0.14	0.01	"Pass"	"73.9 % / 86.8 % sl"	"Accepted"	NA	"cdt"	"cdt"	"DN875987U"	"E12"	"Normal"	20	41.278	"yes"	"no"	87773	"PD51606b-B1-c2-s2-lo45"	""	"17/08/2021"	"PD51606b"
"PD51606b_lo0093"	"6424STDY11162876"	3043453562	38.170707	14.865547	41	6	4.8e-05	0.070383	0.218926	0.000482	0.019003	0.038517	0.006308	0.353667	0.929638	0.823853	0.562573	0.147821	0.939985	12	"Wholegenome - (CP) Mutational landscape in haemochromatosis"	"DN544017L:E12 (298174)"	43499	"3#29"	30	97.4	2.07	3.13	29.13	7.55	0.07	0.08	0.02	120.72	1.24	0.14	0.01	"Pass"	"73.9 % / 86.8 % sl"	"Accepted"	NA	"cdt"	"cdt"	"DN875987U"	"E12"	"Normal"	20	41.278	"yes"	"no"	87773	"PD51606b-B1-c2-s2-lo45"	""	"17/08/2021"	"PD51606b"
"PD51606b_lo0095"	"6424STDY11162878"	3043453562	20.198343	9.172887	21	5	0.000123	0.065899	0.443206	0.00022	0.010143	0.027291	0.006243	0.553126	0.891457	0.098389	0.00721	0.001953	0.933592	12	"Wholegenome - (CP) Mutational landscape in haemochromatosis"	"DN544017L:G12 (298175)"	43495	"1#30"	30	96.87	2.45	3.81	17.85	3.67	0.95	1.01	0.06	115.43	1.13	0.31	0.01	"Pass"	"19.6 % / 83.3 % sl"	"Accepted"	NA	"cdt"	"cdt"	"DN875987U"	"G12"	"Normal"	20	12.327	"yes"	"no"	87773	"PD51606b-B1-c3-s5-lo47"	"1 cut (?)"	"17/08/2021"	"PD51606b"
"PD51606b_lo0095"	"6424STDY11162878"	3043453562	20.198343	9.172887	21	5	0.000123	0.065899	0.443206	0.00022	0.010143	0.027291	0.006243	0.553126	0.891457	0.098389	0.00721	0.001953	0.933592	12	"Wholegenome - (CP) Mutational landscape in haemochromatosis"	"DN544017L:G12 (298175)"	43495	"2#30"	30	97.03	2.28	3.67	18.35	3.85	1.01	1.08	0.07	116.82	1.15	0.3	0.01	"Pass"	"18.5 % / 82.4 % sl"	"Accepted"	NA	"cdt"	"cdt"	"DN875987U"	"G12"	"Normal"	20	12.327	"yes"	"no"	87773	"PD51606b-B1-c3-s5-lo47"	"1 cut (?)"	"17/08/2021"	"PD51606b"
"PD51606b_lo0095"	"6424STDY11162878"	3043453562	20.198343	9.172887	21	5	0.000123	0.065899	0.443206	0.00022	0.010143	0.027291	0.006243	0.553126	0.891457	0.098389	0.00721	0.001953	0.933592	12	"Wholegenome - (CP) Mutational landscape in haemochromatosis"	"DN544017L:G12 (298175)"	43495	"3#30"	30	97.02	2.33	3.62	18.11	3.8	0.96	1.02	0.05	116.38	1.13	0.3	0.01	"Pass"	"29.3 % / 85.2 % sl"	"Accepted"	NA	"cdt"	"cdt"	"DN875987U"	"G12"	"Normal"	20	12.327	"yes"	"no"	87773	"PD51606b-B1-c3-s5-lo47"	"1 cut (?)"	"17/08/2021"	"PD51606b"
"PD51606b_lo0095"	"6424STDY11162878"	3043453562	20.198343	9.172887	21	5	0.000123	0.065899	0.443206	0.00022	0.010143	0.027291	0.006243	0.553126	0.891457	0.098389	0.00721	0.001953	0.933592	12	"Wholegenome - (CP) Mutational landscape in haemochromatosis"	"DN544017L:G12 (298175)"	43495	"4#30"	30	96.89	2.44	3.79	18.22	3.74	0.98	1.04	0.06	116.19	1.14	0.31	0.01	"Pass"	"22.8 % / 90.5 % sl"	"Accepted"	NA	"cdt"	"cdt"	"DN875987U"	"G12"	"Normal"	20	12.327	"yes"	"no"	87773	"PD51606b-B1-c3-s5-lo47"	"1 cut (?)"	"17/08/2021"	"PD51606b"
"PD51606b_lo0095"	"6424STDY11162878"	3043453562	20.198343	9.172887	21	5	0.000123	0.065899	0.443206	0.00022	0.010143	0.027291	0.006243	0.553126	0.891457	0.098389	0.00721	0.001953	0.933592	12	"Wholegenome - (CP) Mutational landscape in haemochromatosis"	"DN544017L:G12 (298175)"	43499	"1#30"	30	97.67	1.91	2.76	22.19	5.38	0.95	0.99	0.04	123.32	1.14	0.19	0.01	"Pass"	"45.7 % / 88.1 % sl"	"Accepted"	NA	"cdt"	"cdt"	"DN875987U"	"G12"	"Normal"	20	12.327	"yes"	"no"	87773	"PD51606b-B1-c3-s5-lo47"	"1 cut (?)"	"17/08/2021"	"PD51606b"
"PD51606b_lo0095"	"6424STDY11162878"	3043453562	20.198343	9.172887	21	5	0.000123	0.065899	0.443206	0.00022	0.010143	0.027291	0.006243	0.553126	0.891457	0.098389	0.00721	0.001953	0.933592	12	"Wholegenome - (CP) Mutational landscape in haemochromatosis"	"DN544017L:G12 (298175)"	43499	"2#30"	30	97.63	1.9	2.85	22.16	5.38	0.98	1.02	0.05	123.02	1.18	0.19	0.01	"Pass"	"43.5 % / 95.0 % sl"	"Accepted"	NA	"cdt"	"cdt"	"DN875987U"	"G12"	"Normal"	20	12.327	"yes"	"no"	87773	"PD51606b-B1-c3-s5-lo47"	"1 cut (?)"	"17/08/2021"	"PD51606b"
"PD51606b_lo0095"	"6424STDY11162878"	3043453562	20.198343	9.172887	21	5	0.000123	0.065899	0.443206	0.00022	0.010143	0.027291	0.006243	0.553126	0.891457	0.098389	0.00721	0.001953	0.933592	12	"Wholegenome - (CP) Mutational landscape in haemochromatosis"	"DN544017L:G12 (298175)"	43499	"3#30"	30	97.69	1.88	2.75	22.24	5.41	0.96	0.99	0.04	123.25	1.17	0.19	0.01	"Pass"	"43.5 % / 95.0 % sl"	"Accepted"	NA	"cdt"	"cdt"	"DN875987U"	"G12"	"Normal"	20	12.327	"yes"	"no"	87773	"PD51606b-B1-c3-s5-lo47"	"1 cut (?)"	"17/08/2021"	"PD51606b"
"PD51607b_lo0051"	"6424STDY11162882"	3043453562	36.394739	15.187221	39	7	7.7e-05	0.06844	0.240724	0.000369	0.016192	0.038457	0.008748	0.373007	0.922552	0.773373	0.487606	0.125299	0.938259	12	"Wholegenome - (CP) Mutational landscape in haemochromatosis"	"DN549935O:C1 (298267)"	43521	"1#1"	26	97.1	2.36	3.44	29.22	7.05	0.8	0.86	0.06	120.14	1.2	0.19	0.01	"Pass"	"78.3 % / 87.5 % sl"	"Accepted"	NA	"cdt"	"cdt"	"DN875988V"	"C1"	"Normal"	20	39.364	"yes"	"no"	87064	"PD51607b-B1-c3-s5-lo3"	""	"23/08/2021"	"PD51607b"
"PD51607b_lo0051"	"6424STDY11162882"	3043453562	36.394739	15.187221	39	7	7.7e-05	0.06844	0.240724	0.000369	0.016192	0.038457	0.008748	0.373007	0.922552	0.773373	0.487606	0.125299	0.938259	12	"Wholegenome - (CP) Mutational landscape in haemochromatosis"	"DN549935O:C1 (298267)"	43521	"2#1"	26	97.24	2.24	3.27	30.01	7.21	0.9	0.97	0.07	121.03	1.24	0.2	0.01	"Pass"	"82.6 % / 89.5 % sl"	"Accepted"	NA	"cdt"	"cdt"	"DN875988V"	"C1"	"Normal"	20	39.364	"yes"	"no"	87064	"PD51607b-B1-c3-s5-lo3"	""	"23/08/2021"	"PD51607b"
"PD51607b_lo0051"	"6424STDY11162882"	3043453562	36.394739	15.187221	39	7	7.7e-05	0.06844	0.240724	0.000369	0.016192	0.038457	0.008748	0.373007	0.922552	0.773373	0.487606	0.125299	0.938259	12	"Wholegenome - (CP) Mutational landscape in haemochromatosis"	"DN549935O:C1 (298267)"	43521	"3#1"	26	97.35	2.17	3.12	31.07	7.69	0.87	0.92	0.05	126.01	1.2	0.18	0.01	"Pass"	"82.6 % / 92.1 % sl"	"Accepted"	NA	"cdt"	"cdt"	"DN875988V"	"C1"	"Normal"	20	39.364	"yes"	"no"	87064	"PD51607b-B1-c3-s5-lo3"	""	"23/08/2021"	"PD51607b"
"PD51607b_lo0051"	"6424STDY11162882"	3043453562	36.394739	15.187221	39	7	7.7e-05	0.06844	0.240724	0.000369	0.016192	0.038457	0.008748	0.373007	0.922552	0.773373	0.487606	0.125299	0.938259	12	"Wholegenome - (CP) Mutational landscape in haemochromatosis"	"DN549935O:C1 (298267)"	43521	"4#1"	26	97.36	2.18	3.11	31.24	7.7	0.91	0.97	0.06	125.4	1.22	0.18	0.01	"Pass"	"83.7 % / 85.7 % sl"	"Accepted"	NA	"cdt"	"cdt"	"DN875988V"	"C1"	"Normal"	20	39.364	"yes"	"no"	87064	"PD51607b-B1-c3-s5-lo3"	""	"23/08/2021"	"PD51607b"
"PD51607b_lo0051"	"6424STDY11162882"	3043453562	36.394739	15.187221	39	7	7.7e-05	0.06844	0.240724	0.000369	0.016192	0.038457	0.008748	0.373007	0.922552	0.773373	0.487606	0.125299	0.938259	12	"Wholegenome - (CP) Mutational landscape in haemochromatosis"	"DN549935O:C1 (298267)"	43563	"2#1"	26	97.02	2.02	3.95	28.75	7.45	0.72	0.85	0.12	135.09	1.47	0.13	0.02	"Pass"	"80.4 % / 90.5 % sl"	"Accepted"	NA	"cdt"	"cdt"	"DN875988V"	"C1"	"Normal"	20	39.364	"yes"	"no"	87064	"PD51607b-B1-c3-s5-lo3"	""	"23/08/2021"	"PD51607b"
"PD51607b_lo0051"	"6424STDY11162882"	3043453562	36.394739	15.187221	39	7	7.7e-05	0.06844	0.240724	0.000369	0.016192	0.038457	0.008748	0.373007	0.922552	0.773373	0.487606	0.125299	0.938259	12	"Wholegenome - (CP) Mutational landscape in haemochromatosis"	"DN549935O:C1 (298267)"	43563	"3#1"	26	97.07	2.03	3.83	28.67	7.46	0.74	0.85	0.1	136.24	1.44	0.13	0.02	"Pass"	"80.4 % / 90.5 % sl"	"Accepted"	NA	"cdt"	"cdt"	"DN875988V"	"C1"	"Normal"	20	39.364	"yes"	"no"	87064	"PD51607b-B1-c3-s5-lo3"	""	"23/08/2021"	"PD51607b"
"PD51607b_lo0053"	"6424STDY11162884"	3043453562	34.661653	13.985725	37	6	0.000124	0.06886	0.297706	0.00035	0.013917	0.03786	0.006583	0.4254	0.928997	0.761186	0.374015	0.067833	0.939955	12	"Wholegenome - (CP) Mutational landscape in haemochromatosis"	"DN549935O:E1 (298268)"	43521	"1#2"	26	97.08	2.38	3.46	30.91	6.99	0.56	0.56	0.01	115.35	1.15	0.24	0.01	"Pass"	"81.5 % / 81.3 % sl"	"Accepted"	NA	"cdt"	"cdt"	"DN875988V"	"E1"	"Normal"	20	32.797	"yes"	"no"	87064	"PD51607b-B1-c3-s5-lo5"	""	"23/08/2021"	"PD51607b"
"PD51607b_lo0053"	"6424STDY11162884"	3043453562	34.661653	13.985725	37	6	0.000124	0.06886	0.297706	0.00035	0.013917	0.03786	0.006583	0.4254	0.928997	0.761186	0.374015	0.067833	0.939955	12	"Wholegenome - (CP) Mutational landscape in haemochromatosis"	"DN549935O:E1 (298268)"	43521	"2#2"	26	97.22	2.26	3.3	31.84	7.16	0.67	0.67	0	116.17	1.18	0.25	0.01	"Pass"	"73.9 % / 88.2 % sl"	"Accepted"	NA	"cdt"	"cdt"	"DN875988V"	"E1"	"Normal"	20	32.797	"yes"	"no"	87064	"PD51607b-B1-c3-s5-lo5"	""	"23/08/2021"	"PD51607b"
"PD51607b_lo0053"	"6424STDY11162884"	3043453562	34.661653	13.985725	37	6	0.000124	0.06886	0.297706	0.00035	0.013917	0.03786	0.006583	0.4254	0.928997	0.761186	0.374015	0.067833	0.939955	12	"Wholegenome - (CP) Mutational landscape in haemochromatosis"	"DN549935O:E1 (298268)"	43521	"3#2"	26	97.35	2.19	3.11	31.76	7.41	0.63	0.63	0	120.67	1.14	0.22	0.01	"Pass"	"78.3 % / 87.5 % sl"	"Accepted"	NA	"cdt"	"cdt"	"DN875988V"	"E1"	"Normal"	20	32.797	"yes"	"no"	87064	"PD51607b-B1-c3-s5-lo5"	""	"23/08/2021"	"PD51607b"
"PD51607b_lo0053"	"6424STDY11162884"	3043453562	34.661653	13.985725	37	6	0.000124	0.06886	0.297706	0.00035	0.013917	0.03786	0.006583	0.4254	0.928997	0.761186	0.374015	0.067833	0.939955	12	"Wholegenome - (CP) Mutational landscape in haemochromatosis"	"DN549935O:E1 (298268)"	43521	"4#2"	26	97.34	2.19	3.12	32.01	7.42	0.68	0.68	0	120	1.17	0.23	0.01	"Pass"	"87.0 % / 86.2 % sl"	"Accepted"	NA	"cdt"	"cdt"	"DN875988V"	"E1"	"Normal"	20	32.797	"yes"	"no"	87064	"PD51607b-B1-c3-s5-lo5"	""	"23/08/2021"	"PD51607b"
"PD51607b_lo0053"	"6424STDY11162884"	3043453562	34.661653	13.985725	37	6	0.000124	0.06886	0.297706	0.00035	0.013917	0.03786	0.006583	0.4254	0.928997	0.761186	0.374015	0.067833	0.939955	12	"Wholegenome - (CP) Mutational landscape in haemochromatosis"	"DN549935O:E1 (298268)"	43563	"2#2"	26	96.98	2.03	4.02	29.77	7.52	0.41	0.44	0.03	130.67	1.43	0.15	0.02	"Pass"	"87.0 % / 88.8 % sl"	"Accepted"	NA	"cdt"	"cdt"	"DN875988V"	"E1"	"Normal"	20	32.797	"yes"	"no"	87064	"PD51607b-B1-c3-s5-lo5"	""	"23/08/2021"	"PD51607b"
"PD51607b_lo0053"	"6424STDY11162884"	3043453562	34.661653	13.985725	37	6	0.000124	0.06886	0.297706	0.00035	0.013917	0.03786	0.006583	0.4254	0.928997	0.761186	0.374015	0.067833	0.939955	12	"Wholegenome - (CP) Mutational landscape in haemochromatosis"	"DN549935O:E1 (298268)"	43563	"3#2"	26	97.02	2.03	3.92	29.7	7.54	0.42	0.44	0.02	131.76	1.41	0.15	0.02	"Pass"	"87.0 % / 88.8 % sl"	"Accepted"	NA	"cdt"	"cdt"	"DN875988V"	"E1"	"Normal"	20	32.797	"yes"	"no"	87064	"PD51607b-B1-c3-s5-lo5"	""	"23/08/2021"	"PD51607b"
"PD51607b_lo0056"	"6424STDY11162887"	3043453562	27.912661	12.166097	30	6	0.000139	0.069182	0.31923	0.000272	0.012534	0.046258	0.005026	0.452642	0.915039	0.5001	0.105852	0.011063	0.936432	12	"Wholegenome - (CP) Mutational landscape in haemochromatosis"	"DN549935O:H1 (298269)"	43521	"1#3"	26	97.25	2.31	3.2	26.6	5.83	0.94	0.98	0.04	110.61	1.11	0.27	0.01	"Pass"	"44.6 % / 82.9 % sl"	"Accepted"	NA	"cdt"	"cdt"	"DN875988V"	"H1"	"Normal"	20	18.463	"yes"	"no"	87064	"PD51607b-B1-c3-s5-lo8"	""	"23/08/2021"	"PD51607b"
"PD51607b_lo0056"	"6424STDY11162887"	3043453562	27.912661	12.166097	30	6	0.000139	0.069182	0.31923	0.000272	0.012534	0.046258	0.005026	0.452642	0.915039	0.5001	0.105852	0.011063	0.936432	12	"Wholegenome - (CP) Mutational landscape in haemochromatosis"	"DN549935O:H1 (298269)"	43521	"2#3"	26	97.37	2.2	3.06	27.38	6	1.05	1.1	0.04	111.49	1.14	0.27	0.01	"Pass"	"56.5 % / 90.4 % sl"	"Accepted"	NA	"cdt"	"cdt"	"DN875988V"	"H1"	"Normal"	20	18.463	"yes"	"no"	87064	"PD51607b-B1-c3-s5-lo8"	""	"23/08/2021"	"PD51607b"
"PD51607b_lo0056"	"6424STDY11162887"	3043453562	27.912661	12.166097	30	6	0.000139	0.069182	0.31923	0.000272	0.012534	0.046258	0.005026	0.452642	0.915039	0.5001	0.105852	0.011063	0.936432	12	"Wholegenome - (CP) Mutational landscape in haemochromatosis"	"DN549935O:H1 (298269)"	43521	"3#3"	26	97.51	2.12	2.86	27.63	6.25	1	1.03	0.03	114.51	1.1	0.25	0.01	"Pass"	"60.9 % / 85.7 % sl"	"Accepted"	NA	"cdt"	"cdt"	"DN875988V"	"H1"	"Normal"	20	18.463	"yes"	"no"	87064	"PD51607b-B1-c3-s5-lo8"	""	"23/08/2021"	"PD51607b"
"PD51607b_lo0056"	"6424STDY11162887"	3043453562	27.912661	12.166097	30	6	0.000139	0.069182	0.31923	0.000272	0.012534	0.046258	0.005026	0.452642	0.915039	0.5001	0.105852	0.011063	0.936432	12	"Wholegenome - (CP) Mutational landscape in haemochromatosis"	"DN549935O:H1 (298269)"	43521	"4#3"	26	97.5	2.13	2.86	27.84	6.26	1.05	1.09	0.04	113.99	1.12	0.25	0.01	"Pass"	"62.0 % / 86.0 % sl"	"Accepted"	NA	"cdt"	"cdt"	"DN875988V"	"H1"	"Normal"	20	18.463	"yes"	"no"	87064	"PD51607b-B1-c3-s5-lo8"	""	"23/08/2021"	"PD51607b"
"PD51607b_lo0056"	"6424STDY11162887"	3043453562	27.912661	12.166097	30	6	0.000139	0.069182	0.31923	0.000272	0.012534	0.046258	0.005026	0.452642	0.915039	0.5001	0.105852	0.011063	0.936432	12	"Wholegenome - (CP) Mutational landscape in haemochromatosis"	"DN549935O:H1 (298269)"	43563	"2#3"	26	97.25	2.01	3.49	23.85	6.13	0.83	0.89	0.07	123.12	1.32	0.14	0.02	"Pass"	"62.0 % / 78.9 % sl"	"Accepted"	NA	"cdt"	"cdt"	"DN875988V"	"H1"	"Normal"	20	18.463	"yes"	"no"	87064	"PD51607b-B1-c3-s5-lo8"	""	"23/08/2021"	"PD51607b"
"PD51607b_lo0056"	"6424STDY11162887"	3043453562	27.912661	12.166097	30	6	0.000139	0.069182	0.31923	0.000272	0.012534	0.046258	0.005026	0.452642	0.915039	0.5001	0.105852	0.011063	0.936432	12	"Wholegenome - (CP) Mutational landscape in haemochromatosis"	"DN549935O:H1 (298269)"	43563	"3#3"	26	97.31	2.01	3.37	23.71	6.12	0.84	0.89	0.05	123.7	1.29	0.14	0.01	"Pass"	"62.0 % / 78.9 % sl"	"Accepted"	NA	"cdt"	"cdt"	"DN875988V"	"H1"	"Normal"	20	18.463	"yes"	"no"	87064	"PD51607b-B1-c3-s5-lo8"	""	"23/08/2021"	"PD51607b"
"PD51607b_lo0059"	"6424STDY11162890"	3043453562	18.144017	8.382884	19	4	0.000242	0.069378	0.526671	0.000154	0.006273	0.036067	0.004767	0.643551	0.886479	0.041335	0.003571	0.001808	0.933949	12	"Wholegenome - (CP) Mutational landscape in haemochromatosis"	"DN549935O:C2 (298270)"	43521	"1#4"	26	97.15	2.43	3.26	26.18	4.15	0.77	0.8	0.03	105.46	1.11	0.47	0.01	"Pass"	"29.3 % / 85.2 % sl"	"Accepted"	NA	"cdt"	"cdt"	"DN875988V"	"C2"	"Normal"	20	10.358	"yes"	"no"	87064	"PD51607b-B1-c3-s5-lo11"	""	"23/08/2021"	"PD51607b"
"PD51607b_lo0059"	"6424STDY11162890"	3043453562	18.144017	8.382884	19	4	0.000242	0.069378	0.526671	0.000154	0.006273	0.036067	0.004767	0.643551	0.886479	0.041335	0.003571	0.001808	0.933949	12	"Wholegenome - (CP) Mutational landscape in haemochromatosis"	"DN549935O:C2 (298270)"	43521	"2#4"	26	97.28	2.31	3.12	26.89	4.29	0.89	0.92	0.03	106.18	1.13	0.47	0.01	"Pass"	"38.0 % / 82.9 % sl"	"Accepted"	NA	"cdt"	"cdt"	"DN875988V"	"C2"	"Normal"	20	10.358	"yes"	"no"	87064	"PD51607b-B1-c3-s5-lo11"	""	"23/08/2021"	"PD51607b"
"PD51607b_lo0059"	"6424STDY11162890"	3043453562	18.144017	8.382884	19	4	0.000242	0.069378	0.526671	0.000154	0.006273	0.036067	0.004767	0.643551	0.886479	0.041335	0.003571	0.001808	0.933949	12	"Wholegenome - (CP) Mutational landscape in haemochromatosis"	"DN549935O:C2 (298270)"	43521	"3#4"	26	97.43	2.22	2.91	26.95	4.51	0.83	0.86	0.03	109.36	1.1	0.44	0.01	"Pass"	"40.2 % / 81.1 % sl"	"Accepted"	NA	"cdt"	"cdt"	"DN875988V"	"C2"	"Normal"	20	10.358	"yes"	"no"	87064	"PD51607b-B1-c3-s5-lo11"	""	"23/08/2021"	"PD51607b"
"PD51607b_lo0059"	"6424STDY11162890"	3043453562	18.144017	8.382884	19	4	0.000242	0.069378	0.526671	0.000154	0.006273	0.036067	0.004767	0.643551	0.886479	0.041335	0.003571	0.001808	0.933949	12	"Wholegenome - (CP) Mutational landscape in haemochromatosis"	"DN549935O:C2 (298270)"	43521	"4#4"	26	97.42	2.23	2.93	27.26	4.5	0.89	0.92	0.03	108.82	1.12	0.45	0.01	"Pass"	"39.1 % / 83.3 % sl"	"Accepted"	NA	"cdt"	"cdt"	"DN875988V"	"C2"	"Normal"	20	10.358	"yes"	"no"	87064	"PD51607b-B1-c3-s5-lo11"	""	"23/08/2021"	"PD51607b"
"PD51607b_lo0059"	"6424STDY11162890"	3043453562	18.144017	8.382884	19	4	0.000242	0.069378	0.526671	0.000154	0.006273	0.036067	0.004767	0.643551	0.886479	0.041335	0.003571	0.001808	0.933949	12	"Wholegenome - (CP) Mutational landscape in haemochromatosis"	"DN549935O:C2 (298270)"	43563	"2#4"	26	97.22	2.07	3.5	24.57	5.69	0.59	0.64	0.05	118.21	1.32	0.23	0.01	"Pass"	"53.3 % / 85.7 % sl"	"Accepted"	NA	"cdt"	"cdt"	"DN875988V"	"C2"	"Normal"	20	10.358	"yes"	"no"	87064	"PD51607b-B1-c3-s5-lo11"	""	"23/08/2021"	"PD51607b"
"PD51607b_lo0059"	"6424STDY11162890"	3043453562	18.144017	8.382884	19	4	0.000242	0.069378	0.526671	0.000154	0.006273	0.036067	0.004767	0.643551	0.886479	0.041335	0.003571	0.001808	0.933949	12	"Wholegenome - (CP) Mutational landscape in haemochromatosis"	"DN549935O:C2 (298270)"	43563	"3#4"	26	97.26	2.07	3.41	24.53	5.7	0.6	0.64	0.03	118.82	1.3	0.22	0.01	"Pass"	"53.3 % / 85.7 % sl"	"Accepted"	NA	"cdt"	"cdt"	"DN875988V"	"C2"	"Normal"	20	10.358	"yes"	"no"	87064	"PD51607b-B1-c3-s5-lo11"	""	"23/08/2021"	"PD51607b"
"PD51607b_lo0064"	"6424STDY11162895"	3043453562	23.824866	10.702617	25	5	0.000156	0.071854	0.464131	0.000211	0.00878	0.031951	0.004446	0.581528	0.910953	0.267333	0.027611	0.003917	0.936788	12	"Wholegenome - (CP) Mutational landscape in haemochromatosis"	"DN549935O:H2 (298271)"	43521	"1#5"	26	97.04	2.35	3.57	28.61	5.13	0.57	0.64	0.07	115.13	1.21	0.4	0.01	"Pass"	"55.4 % / 82.4 % sl"	"Accepted"	NA	"cdt"	"cdt"	"DN875988V"	"H2"	"Normal"	20	14.946	"yes"	"yes"	87064	"PD51607b-B1-c3-s5-lo16"	""	"23/08/2021"	"PD51607b"
"PD51607b_lo0064"	"6424STDY11162895"	3043453562	23.824866	10.702617	25	5	0.000156	0.071854	0.464131	0.000211	0.00878	0.031951	0.004446	0.581528	0.910953	0.267333	0.027611	0.003917	0.936788	12	"Wholegenome - (CP) Mutational landscape in haemochromatosis"	"DN549935O:H2 (298271)"	43521	"2#5"	26	97.16	2.25	3.43	29.47	5.29	0.68	0.75	0.08	115.96	1.24	0.4	0.01	"Pass"	"54.3 % / 82.0 % sl"	"Accepted"	NA	"cdt"	"cdt"	"DN875988V"	"H2"	"Normal"	20	14.946	"yes"	"yes"	87064	"PD51607b-B1-c3-s5-lo16"	""	"23/08/2021"	"PD51607b"
"PD51607b_lo0064"	"6424STDY11162895"	3043453562	23.824866	10.702617	25	5	0.000156	0.071854	0.464131	0.000211	0.00878	0.031951	0.004446	0.581528	0.910953	0.267333	0.027611	0.003917	0.936788	12	"Wholegenome - (CP) Mutational landscape in haemochromatosis"	"DN549935O:H2 (298271)"	43521	"3#5"	26	97.29	2.18	3.24	29.77	5.59	0.65	0.71	0.06	120.28	1.19	0.37	0.01	"Pass"	"52.2 % / 83.3 % sl"	"Accepted"	NA	"cdt"	"cdt"	"DN875988V"	"H2"	"Normal"	20	14.946	"yes"	"yes"	87064	"PD51607b-B1-c3-s5-lo16"	""	"23/08/2021"	"PD51607b"
"PD51607b_lo0064"	"6424STDY11162895"	3043453562	23.824866	10.702617	25	5	0.000156	0.071854	0.464131	0.000211	0.00878	0.031951	0.004446	0.581528	0.910953	0.267333	0.027611	0.003917	0.936788	12	"Wholegenome - (CP) Mutational landscape in haemochromatosis"	"DN549935O:H2 (298271)"	43521	"4#5"	26	97.28	2.2	3.25	29.93	5.56	0.69	0.76	0.07	119.69	1.22	0.38	0.01	"Pass"	"63.0 % / 82.8 % sl"	"Accepted"	NA	"cdt"	"cdt"	"DN875988V"	"H2"	"Normal"	20	14.946	"yes"	"yes"	87064	"PD51607b-B1-c3-s5-lo16"	""	"23/08/2021"	"PD51607b"
"PD51607b_lo0064"	"6424STDY11162895"	3043453562	23.824866	10.702617	25	5	0.000156	0.071854	0.464131	0.000211	0.00878	0.031951	0.004446	0.581528	0.910953	0.267333	0.027611	0.003917	0.936788	12	"Wholegenome - (CP) Mutational landscape in haemochromatosis"	"DN549935O:H2 (298271)"	43563	"2#5"	26	96.89	2.06	4.16	28.54	6.73	0.47	0.57	0.1	128.87	1.48	0.21	0.02	"Pass"	"70.7 % / 84.6 % sl"	"Accepted"	NA	"cdt"	"cdt"	"DN875988V"	"H2"	"Normal"	20	14.946	"yes"	"yes"	87064	"PD51607b-B1-c3-s5-lo16"	""	"23/08/2021"	"PD51607b"
"PD51607b_lo0064"	"6424STDY11162895"	3043453562	23.824866	10.702617	25	5	0.000156	0.071854	0.464131	0.000211	0.00878	0.031951	0.004446	0.581528	0.910953	0.267333	0.027611	0.003917	0.936788	12	"Wholegenome - (CP) Mutational landscape in haemochromatosis"	"DN549935O:H2 (298271)"	43563	"3#5"	26	96.95	2.06	4.04	28.54	6.75	0.48	0.56	0.08	129.82	1.45	0.21	0.02	"Pass"	"70.7 % / 84.6 % sl"	"Accepted"	NA	"cdt"	"cdt"	"DN875988V"	"H2"	"Normal"	20	14.946	"yes"	"yes"	87064	"PD51607b-B1-c3-s5-lo16"	""	"23/08/2021"	"PD51607b"
"PD51607b_lo0066"	"6424STDY11162897"	3043453562	18.220243	8.33735	19	4	0.000239	0.068827	0.436535	0.000243	0.008991	0.033787	0.005247	0.553869	0.882471	0.041459	0.003215	0.001671	0.933348	12	"Wholegenome - (CP) Mutational landscape in haemochromatosis"	"DN549935O:B3 (298272)"	43521	"1#6"	26	97.26	2.29	3.19	20.72	3.88	0.67	0.79	0.12	115.27	1.12	0.37	0.01	"Pass"	"23.9 % / 59.1 % sl"	"Accepted"	NA	"cdt"	"cdt"	"DN875988V"	"B3"	"Normal"	20	11.999	"yes"	"no"	87064	"PD51607b-B1-c3-s5-lo18"	""	"23/08/2021"	"PD51607b"
"PD51607b_lo0066"	"6424STDY11162897"	3043453562	18.220243	8.33735	19	4	0.000239	0.068827	0.436535	0.000243	0.008991	0.033787	0.005247	0.553869	0.882471	0.041459	0.003215	0.001671	0.933348	12	"Wholegenome - (CP) Mutational landscape in haemochromatosis"	"DN549935O:B3 (298272)"	43521	"2#6"	26	97.37	2.19	3.06	21.39	4.02	0.79	0.92	0.13	116.39	1.14	0.37	0.01	"Pass"	"25.0 % / 91.3 % sl"	"Accepted"	NA	"cdt"	"cdt"	"DN875988V"	"B3"	"Normal"	20	11.999	"yes"	"no"	87064	"PD51607b-B1-c3-s5-lo18"	""	"23/08/2021"	"PD51607b"
"PD51607b_lo0066"	"6424STDY11162897"	3043453562	18.220243	8.33735	19	4	0.000239	0.068827	0.436535	0.000243	0.008991	0.033787	0.005247	0.553869	0.882471	0.041459	0.003215	0.001671	0.933348	12	"Wholegenome - (CP) Mutational landscape in haemochromatosis"	"DN549935O:B3 (298272)"	43521	"3#6"	26	97.5	2.1	2.9	21.63	4.23	0.73	0.84	0.11	120.26	1.11	0.35	0.01	"Pass"	"28.3 % / 73.1 % sl"	"Accepted"	NA	"cdt"	"cdt"	"DN875988V"	"B3"	"Normal"	20	11.999	"yes"	"no"	87064	"PD51607b-B1-c3-s5-lo18"	""	"23/08/2021"	"PD51607b"
"PD51607b_lo0066"	"6424STDY11162897"	3043453562	18.220243	8.33735	19	4	0.000239	0.068827	0.436535	0.000243	0.008991	0.033787	0.005247	0.553869	0.882471	0.041459	0.003215	0.001671	0.933348	12	"Wholegenome - (CP) Mutational landscape in haemochromatosis"	"DN549935O:B3 (298272)"	43521	"4#6"	26	97.5	2.12	2.88	21.78	4.22	0.78	0.89	0.12	119.66	1.13	0.35	0.01	"Pass"	"26.1 % / 83.3 % sl"	"Accepted"	NA	"cdt"	"cdt"	"DN875988V"	"B3"	"Normal"	20	11.999	"yes"	"no"	87064	"PD51607b-B1-c3-s5-lo18"	""	"23/08/2021"	"PD51607b"
"PD51607b_lo0066"	"6424STDY11162897"	3043453562	18.220243	8.33735	19	4	0.000239	0.068827	0.436535	0.000243	0.008991	0.033787	0.005247	0.553869	0.882471	0.041459	0.003215	0.001671	0.933348	12	"Wholegenome - (CP) Mutational landscape in haemochromatosis"	"DN549935O:B3 (298272)"	43563	"2#6"	26	97.23	1.98	3.57	20.03	4.92	0.49	0.62	0.13	131.13	1.33	0.18	0.02	"Pass"	"39.1 % / 75.0 % sl"	"Accepted"	NA	"cdt"	"cdt"	"DN875988V"	"B3"	"Normal"	20	11.999	"yes"	"no"	87064	"PD51607b-B1-c3-s5-lo18"	""	"23/08/2021"	"PD51607b"
"PD51607b_lo0066"	"6424STDY11162897"	3043453562	18.220243	8.33735	19	4	0.000239	0.068827	0.436535	0.000243	0.008991	0.033787	0.005247	0.553869	0.882471	0.041459	0.003215	0.001671	0.933348	12	"Wholegenome - (CP) Mutational landscape in haemochromatosis"	"DN549935O:B3 (298272)"	43563	"3#6"	26	97.29	1.98	3.44	19.98	4.92	0.51	0.62	0.11	131.93	1.29	0.18	0.02	"Pass"	"39.1 % / 75.0 % sl"	"Accepted"	NA	"cdt"	"cdt"	"DN875988V"	"B3"	"Normal"	20	11.999	"yes"	"no"	87064	"PD51607b-B1-c3-s5-lo18"	""	"23/08/2021"	"PD51607b"
"PD51607b_lo0068"	"6424STDY11162899"	3043453562	43.578929	16.84844	47	7	0.000116	0.063953	0.223266	0.000424	0.016399	0.032962	0.008577	0.345697	0.928343	0.853645	0.740694	0.389353	0.94067	12	"Wholegenome - (CP) Mutational landscape in haemochromatosis"	"DN549935O:D3 (298273)"	43521	"1#7"	26	97.14	2.35	3.38	33.21	8.2	0.5	0.53	0.02	129.39	1.14	0.17	0.01	"Pass"	"88.0 % / 92.6 % sl"	"Accepted"	NA	"cdt"	"cdt"	"DN875988V"	"D3"	"Normal"	20	53.775	"yes"	"no"	87064	"PD51607b-B1-c3-s5-lo20"	""	"23/08/2021"	"PD51607b"
"PD51607b_lo0068"	"6424STDY11162899"	3043453562	43.578929	16.84844	47	7	0.000116	0.063953	0.223266	0.000424	0.016399	0.032962	0.008577	0.345697	0.928343	0.853645	0.740694	0.389353	0.94067	12	"Wholegenome - (CP) Mutational landscape in haemochromatosis"	"DN549935O:D3 (298273)"	43521	"2#7"	26	97.26	2.25	3.24	34.08	8.35	0.6	0.63	0.03	130.6	1.17	0.18	0.01	"Pass"	"88.0 % / 91.4 % sl"	"Accepted"	NA	"cdt"	"cdt"	"DN875988V"	"D3"	"Normal"	20	53.775	"yes"	"no"	87064	"PD51607b-B1-c3-s5-lo20"	""	"23/08/2021"	"PD51607b"
"PD51607b_lo0068"	"6424STDY11162899"	3043453562	43.578929	16.84844	47	7	0.000116	0.063953	0.223266	0.000424	0.016399	0.032962	0.008577	0.345697	0.928343	0.853645	0.740694	0.389353	0.94067	12	"Wholegenome - (CP) Mutational landscape in haemochromatosis"	"DN549935O:D3 (298273)"	43521	"3#7"	26	97.36	2.16	3.11	35.04	8.86	0.59	0.6	0.01	137.09	1.15	0.16	0.01	"Pass"	"88.0 % / 93.8 % sl"	"Accepted"	NA	"cdt"	"cdt"	"DN875988V"	"D3"	"Normal"	20	53.775	"yes"	"no"	87064	"PD51607b-B1-c3-s5-lo20"	""	"23/08/2021"	"PD51607b"
"PD51607b_lo0068"	"6424STDY11162899"	3043453562	43.578929	16.84844	47	7	0.000116	0.063953	0.223266	0.000424	0.016399	0.032962	0.008577	0.345697	0.928343	0.853645	0.740694	0.389353	0.94067	12	"Wholegenome - (CP) Mutational landscape in haemochromatosis"	"DN549935O:D3 (298273)"	43521	"4#7"	26	97.36	2.17	3.1	35.17	8.86	0.62	0.64	0.02	136.37	1.16	0.16	0.01	"Pass"	"89.1 % / 91.5 % sl"	"Accepted"	NA	"cdt"	"cdt"	"DN875988V"	"D3"	"Normal"	20	53.775	"yes"	"no"	87064	"PD51607b-B1-c3-s5-lo20"	""	"23/08/2021"	"PD51607b"
"PD51607b_lo0068"	"6424STDY11162899"	3043453562	43.578929	16.84844	47	7	0.000116	0.063953	0.223266	0.000424	0.016399	0.032962	0.008577	0.345697	0.928343	0.853645	0.740694	0.389353	0.94067	12	"Wholegenome - (CP) Mutational landscape in haemochromatosis"	"DN549935O:D3 (298273)"	43563	"2#7"	26	97	2.01	3.99	34.02	8.69	0.41	0.46	0.05	148.23	1.4	0.15	0.02	"Pass"	"83.7 % / 93.5 % sl"	"Accepted"	NA	"cdt"	"cdt"	"DN875988V"	"D3"	"Normal"	20	53.775	"yes"	"no"	87064	"PD51607b-B1-c3-s5-lo20"	""	"23/08/2021"	"PD51607b"
"PD51607b_lo0068"	"6424STDY11162899"	3043453562	43.578929	16.84844	47	7	0.000116	0.063953	0.223266	0.000424	0.016399	0.032962	0.008577	0.345697	0.928343	0.853645	0.740694	0.389353	0.94067	12	"Wholegenome - (CP) Mutational landscape in haemochromatosis"	"DN549935O:D3 (298273)"	43563	"3#7"	26	97.07	2.02	3.85	34.07	8.73	0.42	0.46	0.04	149.73	1.36	0.14	0.02	"Pass"	"83.7 % / 93.5 % sl"	"Accepted"	NA	"cdt"	"cdt"	"DN875988V"	"D3"	"Normal"	20	53.775	"yes"	"no"	87064	"PD51607b-B1-c3-s5-lo20"	""	"23/08/2021"	"PD51607b"
"PD51607b_lo0069"	"6424STDY11162900"	3043453562	50.801481	19.281781	55	8	8.4e-05	0.063902	0.166602	0.000443	0.018016	0.039782	0.007962	0.296791	0.931252	0.880187	0.825571	0.667102	0.94169	12	"Wholegenome - (CP) Mutational landscape in haemochromatosis"	"DN549935O:E3 (298274)"	43521	"1#8"	26	97.32	2.2	3.17	35.87	9.38	0.53	0.54	0.01	130.16	1.15	0.13	0.01	"Pass"	"94.6 % / 90.8 % sl"	"Accepted"	NA	"cdt"	"cdt"	"DN875988V"	"E3"	"Normal"	20	49.71	"yes"	"no"	87064	"PD51607b-B1-c3-s5-lo21"	""	"23/08/2021"	"PD51607b"
"PD51607b_lo0069"	"6424STDY11162900"	3043453562	50.801481	19.281781	55	8	8.4e-05	0.063902	0.166602	0.000443	0.018016	0.039782	0.007962	0.296791	0.931252	0.880187	0.825571	0.667102	0.94169	12	"Wholegenome - (CP) Mutational landscape in haemochromatosis"	"DN549935O:E3 (298274)"	43521	"2#8"	26	97.42	2.11	3.04	36.87	9.53	0.64	0.66	0.02	131.2	1.17	0.14	0.01	"Pass"	"93.5 % / 90.7 % sl"	"Accepted"	NA	"cdt"	"cdt"	"DN875988V"	"E3"	"Normal"	20	49.71	"yes"	"no"	87064	"PD51607b-B1-c3-s5-lo21"	""	"23/08/2021"	"PD51607b"
"PD51607b_lo0069"	"6424STDY11162900"	3043453562	50.801481	19.281781	55	8	8.4e-05	0.063902	0.166602	0.000443	0.018016	0.039782	0.007962	0.296791	0.931252	0.880187	0.825571	0.667102	0.94169	12	"Wholegenome - (CP) Mutational landscape in haemochromatosis"	"DN549935O:E3 (298274)"	43521	"3#8"	26	97.49	2.04	2.99	37.42	9.99	0.61	0.62	0.01	138.77	1.16	0.11	0.01	"Pass"	"97.8 % / 90.0 % sl"	"Accepted"	NA	"cdt"	"cdt"	"DN875988V"	"E3"	"Normal"	20	49.71	"yes"	"no"	87064	"PD51607b-B1-c3-s5-lo21"	""	"23/08/2021"	"PD51607b"
"PD51607b_lo0069"	"6424STDY11162900"	3043453562	50.801481	19.281781	55	8	8.4e-05	0.063902	0.166602	0.000443	0.018016	0.039782	0.007962	0.296791	0.931252	0.880187	0.825571	0.667102	0.94169	12	"Wholegenome - (CP) Mutational landscape in haemochromatosis"	"DN549935O:E3 (298274)"	43521	"4#8"	26	97.5	2.05	2.95	37.61	10	0.65	0.66	0.01	137.83	1.17	0.11	0.01	"Pass"	"96.7 % / 85.4 % sl"	"Accepted"	NA	"cdt"	"cdt"	"DN875988V"	"E3"	"Normal"	20	49.71	"yes"	"no"	87064	"PD51607b-B1-c3-s5-lo21"	""	"23/08/2021"	"PD51607b"
"PD51607b_lo0069"	"6424STDY11162900"	3043453562	50.801481	19.281781	55	8	8.4e-05	0.063902	0.166602	0.000443	0.018016	0.039782	0.007962	0.296791	0.931252	0.880187	0.825571	0.667102	0.94169	12	"Wholegenome - (CP) Mutational landscape in haemochromatosis"	"DN549935O:E3 (298274)"	43563	"2#8"	26	97.07	1.93	3.94	37.72	9.65	0.41	0.45	0.05	150.27	1.42	0.14	0.02	"Pass"	"96.7 % / 91.0 % sl"	"Accepted"	NA	"cdt"	"cdt"	"DN875988V"	"E3"	"Normal"	20	49.71	"yes"	"no"	87064	"PD51607b-B1-c3-s5-lo21"	""	"23/08/2021"	"PD51607b"
"PD51607b_lo0069"	"6424STDY11162900"	3043453562	50.801481	19.281781	55	8	8.4e-05	0.063902	0.166602	0.000443	0.018016	0.039782	0.007962	0.296791	0.931252	0.880187	0.825571	0.667102	0.94169	12	"Wholegenome - (CP) Mutational landscape in haemochromatosis"	"DN549935O:E3 (298274)"	43563	"3#8"	26	97.13	1.93	3.81	37.8	9.71	0.42	0.45	0.03	152.02	1.38	0.14	0.02	"Pass"	"96.7 % / 91.0 % sl"	"Accepted"	NA	"cdt"	"cdt"	"DN875988V"	"E3"	"Normal"	20	49.71	"yes"	"no"	87064	"PD51607b-B1-c3-s5-lo21"	""	"23/08/2021"	"PD51607b"
"PD51607b_lo0072"	"6424STDY11162903"	3043453562	29.817852	12.531986	32	6	0.00017	0.068986	0.35068	0.00025	0.011364	0.039693	0.005299	0.476441	0.921718	0.597896	0.1561	0.014417	0.938519	12	"Wholegenome - (CP) Mutational landscape in haemochromatosis"	"DN549935O:H3 (298275)"	43521	"1#9"	26	97.22	2.42	3.14	29.21	6.18	0.43	0.47	0.05	114.28	1.08	0.29	0.01	"Pass"	"68.5 % / 81.0 % sl"	"Accepted"	NA	"cdt"	"cdt"	"DN875988V"	"H3"	"Normal"	20	20.899	"yes"	"no"	87064	"PD51607b-B1-c3-s5-lo24"	""	"23/08/2021"	"PD51607b"
"PD51607b_lo0072"	"6424STDY11162903"	3043453562	29.817852	12.531986	32	6	0.00017	0.068986	0.35068	0.00025	0.011364	0.039693	0.005299	0.476441	0.921718	0.597896	0.1561	0.014417	0.938519	12	"Wholegenome - (CP) Mutational landscape in haemochromatosis"	"DN549935O:H3 (298275)"	43521	"2#9"	26	97.34	2.3	3.02	30.1	6.36	0.54	0.59	0.05	115.29	1.11	0.29	0.01	"Pass"	"66.3 % / 90.2 % sl"	"Accepted"	NA	"cdt"	"cdt"	"DN875988V"	"H3"	"Normal"	20	20.899	"yes"	"no"	87064	"PD51607b-B1-c3-s5-lo24"	""	"23/08/2021"	"PD51607b"
"PD51607b_lo0072"	"6424STDY11162903"	3043453562	29.817852	12.531986	32	6	0.00017	0.068986	0.35068	0.00025	0.011364	0.039693	0.005299	0.476441	0.921718	0.597896	0.1561	0.014417	0.938519	12	"Wholegenome - (CP) Mutational landscape in haemochromatosis"	"DN549935O:H3 (298275)"	43521	"3#9"	26	97.46	2.23	2.86	30.2	6.61	0.49	0.54	0.04	119.3	1.08	0.27	0.01	"Pass"	"63.0 % / 84.5 % sl"	"Accepted"	NA	"cdt"	"cdt"	"DN875988V"	"H3"	"Normal"	20	20.899	"yes"	"no"	87064	"PD51607b-B1-c3-s5-lo24"	""	"23/08/2021"	"PD51607b"
"PD51607b_lo0072"	"6424STDY11162903"	3043453562	29.817852	12.531986	32	6	0.00017	0.068986	0.35068	0.00025	0.011364	0.039693	0.005299	0.476441	0.921718	0.597896	0.1561	0.014417	0.938519	12	"Wholegenome - (CP) Mutational landscape in haemochromatosis"	"DN549935O:H3 (298275)"	43521	"4#9"	26	97.45	2.23	2.86	30.43	6.62	0.54	0.59	0.05	118.7	1.1	0.27	0.01	"Pass"	"69.6 % / 84.4 % sl"	"Accepted"	NA	"cdt"	"cdt"	"DN875988V"	"H3"	"Normal"	20	20.899	"yes"	"no"	87064	"PD51607b-B1-c3-s5-lo24"	""	"23/08/2021"	"PD51607b"
"PD51607b_lo0072"	"6424STDY11162903"	3043453562	29.817852	12.531986	32	6	0.00017	0.068986	0.35068	0.00025	0.011364	0.039693	0.005299	0.476441	0.921718	0.597896	0.1561	0.014417	0.938519	12	"Wholegenome - (CP) Mutational landscape in haemochromatosis"	"DN549935O:H3 (298275)"	43563	"2#9"	26	97.21	2.09	3.48	27.62	6.89	0.28	0.36	0.07	129.01	1.3	0.17	0.01	"Pass"	"68.5 % / 85.7 % sl"	"Accepted"	NA	"cdt"	"cdt"	"DN875988V"	"H3"	"Normal"	20	20.899	"yes"	"no"	87064	"PD51607b-B1-c3-s5-lo24"	""	"23/08/2021"	"PD51607b"
"PD51607b_lo0072"	"6424STDY11162903"	3043453562	29.817852	12.531986	32	6	0.00017	0.068986	0.35068	0.00025	0.011364	0.039693	0.005299	0.476441	0.921718	0.597896	0.1561	0.014417	0.938519	12	"Wholegenome - (CP) Mutational landscape in haemochromatosis"	"DN549935O:H3 (298275)"	43563	"3#9"	26	97.27	2.09	3.37	27.61	6.91	0.3	0.36	0.06	129.87	1.27	0.16	0.01	"Pass"	"68.5 % / 85.7 % sl"	"Accepted"	NA	"cdt"	"cdt"	"DN875988V"	"H3"	"Normal"	20	20.899	"yes"	"no"	87064	"PD51607b-B1-c3-s5-lo24"	""	"23/08/2021"	"PD51607b"
"PD51607b_lo0082"	"6424STDY11162913"	3043453562	50.651549	19.11046	55	7	0.000225	0.068581	0.237552	0.000301	0.014875	0.039402	0.006981	0.367918	0.932823	0.87695	0.821397	0.673793	0.941238	12	"Wholegenome - (CP) Mutational landscape in haemochromatosis"	"DN549935O:B5 (298276)"	43521	"1#10"	26	97.32	2.26	3.1	40.01	9.72	0.36	0.42	0.06	115.89	1.13	0.19	0.01	"Pass"	"94.6 % / 94.3 % sl"	"Accepted"	NA	"cdt"	"cdt"	"DN875988V"	"B5"	"Normal"	20	49.348	"yes"	"no"	87064	"PD51607b-B1-c3-s5-lo34"	""	"23/08/2021"	"PD51607b"
"PD51607b_lo0082"	"6424STDY11162913"	3043453562	50.651549	19.11046	55	7	0.000225	0.068581	0.237552	0.000301	0.014875	0.039402	0.006981	0.367918	0.932823	0.87695	0.821397	0.673793	0.941238	12	"Wholegenome - (CP) Mutational landscape in haemochromatosis"	"DN549935O:B5 (298276)"	43521	"2#10"	26	97.44	2.16	2.96	41.09	9.9	0.45	0.52	0.06	116.69	1.15	0.2	0.01	"Pass"	"96.7 % / 95.5 % sl"	"Accepted"	NA	"cdt"	"cdt"	"DN875988V"	"B5"	"Normal"	20	49.348	"yes"	"no"	87064	"PD51607b-B1-c3-s5-lo34"	""	"23/08/2021"	"PD51607b"
"PD51607b_lo0082"	"6424STDY11162913"	3043453562	50.651549	19.11046	55	7	0.000225	0.068581	0.237552	0.000301	0.014875	0.039402	0.006981	0.367918	0.932823	0.87695	0.821397	0.673793	0.941238	12	"Wholegenome - (CP) Mutational landscape in haemochromatosis"	"DN549935O:B5 (298276)"	43521	"3#10"	26	97.55	2.09	2.82	42.12	10.49	0.43	0.47	0.04	121.47	1.13	0.17	0.01	"Pass"	"95.7 % / 89.8 % sl"	"Accepted"	NA	"cdt"	"cdt"	"DN875988V"	"B5"	"Normal"	20	49.348	"yes"	"no"	87064	"PD51607b-B1-c3-s5-lo34"	""	"23/08/2021"	"PD51607b"
"PD51607b_lo0082"	"6424STDY11162913"	3043453562	50.651549	19.11046	55	7	0.000225	0.068581	0.237552	0.000301	0.014875	0.039402	0.006981	0.367918	0.932823	0.87695	0.821397	0.673793	0.941238	12	"Wholegenome - (CP) Mutational landscape in haemochromatosis"	"DN549935O:B5 (298276)"	43521	"4#10"	26	97.54	2.1	2.82	42.46	10.52	0.47	0.52	0.05	120.84	1.14	0.17	0.01	"Pass"	"97.8 % / 93.3 % sl"	"Accepted"	NA	"cdt"	"cdt"	"DN875988V"	"B5"	"Normal"	20	49.348	"yes"	"no"	87064	"PD51607b-B1-c3-s5-lo34"	""	"23/08/2021"	"PD51607b"
"PD51607b_lo0082"	"6424STDY11162913"	3043453562	50.651549	19.11046	55	7	0.000225	0.068581	0.237552	0.000301	0.014875	0.039402	0.006981	0.367918	0.932823	0.87695	0.821397	0.673793	0.941238	12	"Wholegenome - (CP) Mutational landscape in haemochromatosis"	"DN549935O:B5 (298276)"	43563	"2#10"	26	97.31	1.97	3.42	40.54	10.31	0.23	0.3	0.06	130.63	1.34	0.15	0.02	"Pass"	"95.7 % / 94.3 % sl"	"Accepted"	NA	"cdt"	"cdt"	"DN875988V"	"B5"	"Normal"	20	49.348	"yes"	"no"	87064	"PD51607b-B1-c3-s5-lo34"	""	"23/08/2021"	"PD51607b"
"PD51607b_lo0082"	"6424STDY11162913"	3043453562	50.651549	19.11046	55	7	0.000225	0.068581	0.237552	0.000301	0.014875	0.039402	0.006981	0.367918	0.932823	0.87695	0.821397	0.673793	0.941238	12	"Wholegenome - (CP) Mutational landscape in haemochromatosis"	"DN549935O:B5 (298276)"	43563	"3#10"	26	97.35	1.97	3.32	40.62	10.37	0.25	0.29	0.05	131.56	1.31	0.15	0.01	"Pass"	"95.7 % / 94.3 % sl"	"Accepted"	NA	"cdt"	"cdt"	"DN875988V"	"B5"	"Normal"	20	49.348	"yes"	"no"	87064	"PD51607b-B1-c3-s5-lo34"	""	"23/08/2021"	"PD51607b"
"PD51607b_lo0087"	"6424STDY11162918"	3043453562	34.301935	14.035449	36	6	9.1e-05	0.070952	0.323385	0.000524	0.015206	0.038307	0.005399	0.453864	0.927639	0.747793	0.363228	0.061141	0.939448	12	"Wholegenome - (CP) Mutational landscape in haemochromatosis"	"DN549935O:G5 (298277)"	43521	"1#11"	26	96.65	2.36	4.33	31.82	6.95	0.27	0.37	0.1	111.91	1.32	0.27	0.02	"Pass"	"73.9 % / 88.2 % sl"	"Accepted"	NA	"cdt"	"cdt"	"DN875988V"	"G5"	"Normal"	20	23.966	"yes"	"no"	87064	"PD51607b-B1-c3-s5-lo39"	""	"23/08/2021"	"PD51607b"
"PD51607b_lo0087"	"6424STDY11162918"	3043453562	34.301935	14.035449	36	6	9.1e-05	0.070952	0.323385	0.000524	0.015206	0.038307	0.005399	0.453864	0.927639	0.747793	0.363228	0.061141	0.939448	12	"Wholegenome - (CP) Mutational landscape in haemochromatosis"	"DN549935O:G5 (298277)"	43521	"2#11"	26	96.77	2.27	4.2	32.85	7.12	0.36	0.48	0.12	112.62	1.37	0.27	0.02	"Pass"	"81.5 % / 89.3 % sl"	"Accepted"	NA	"cdt"	"cdt"	"DN875988V"	"G5"	"Normal"	20	23.966	"yes"	"no"	87064	"PD51607b-B1-c3-s5-lo39"	""	"23/08/2021"	"PD51607b"
"PD51607b_lo0087"	"6424STDY11162918"	3043453562	34.301935	14.035449	36	6	9.1e-05	0.070952	0.323385	0.000524	0.015206	0.038307	0.005399	0.453864	0.927639	0.747793	0.363228	0.061141	0.939448	12	"Wholegenome - (CP) Mutational landscape in haemochromatosis"	"DN549935O:G5 (298277)"	43521	"3#11"	26	96.97	2.2	3.86	33.22	7.53	0.33	0.43	0.1	116.87	1.3	0.24	0.02	"Pass"	"80.4 % / 87.8 % sl"	"Accepted"	NA	"cdt"	"cdt"	"DN875988V"	"G5"	"Normal"	20	23.966	"yes"	"no"	87064	"PD51607b-B1-c3-s5-lo39"	""	"23/08/2021"	"PD51607b"
"PD51607b_lo0087"	"6424STDY11162918"	3043453562	34.301935	14.035449	36	6	9.1e-05	0.070952	0.323385	0.000524	0.015206	0.038307	0.005399	0.453864	0.927639	0.747793	0.363228	0.061141	0.939448	12	"Wholegenome - (CP) Mutational landscape in haemochromatosis"	"DN549935O:G5 (298277)"	43521	"4#11"	26	96.93	2.21	3.93	33.45	7.51	0.36	0.47	0.11	116.33	1.34	0.25	0.02	"Pass"	"84.8 % / 92.3 % sl"	"Accepted"	NA	"cdt"	"cdt"	"DN875988V"	"G5"	"Normal"	20	23.966	"yes"	"no"	87064	"PD51607b-B1-c3-s5-lo39"	""	"23/08/2021"	"PD51607b"
"PD51607b_lo0087"	"6424STDY11162918"	3043453562	34.301935	14.035449	36	6	9.1e-05	0.070952	0.323385	0.000524	0.015206	0.038307	0.005399	0.453864	0.927639	0.747793	0.363228	0.061141	0.939448	12	"Wholegenome - (CP) Mutational landscape in haemochromatosis"	"DN549935O:G5 (298277)"	43563	"2#11"	26	96.12	2.07	5.7	31.3	7.74	0.15	0.35	0.2	124.44	1.7	0.16	0.04	"Pass"	"82.6 % / 90.8 % sl"	"Accepted"	NA	"cdt"	"cdt"	"DN875988V"	"G5"	"Normal"	20	23.966	"yes"	"no"	87064	"PD51607b-B1-c3-s5-lo39"	""	"23/08/2021"	"PD51607b"
"PD51607b_lo0087"	"6424STDY11162918"	3043453562	34.301935	14.035449	36	6	9.1e-05	0.070952	0.323385	0.000524	0.015206	0.038307	0.005399	0.453864	0.927639	0.747793	0.363228	0.061141	0.939448	12	"Wholegenome - (CP) Mutational landscape in haemochromatosis"	"DN549935O:G5 (298277)"	43563	"3#11"	26	96.2	2.07	5.53	31.31	7.77	0.16	0.33	0.17	125.4	1.66	0.16	0.04	"Pass"	"82.6 % / 90.8 % sl"	"Accepted"	NA	"cdt"	"cdt"	"DN875988V"	"G5"	"Normal"	20	23.966	"yes"	"no"	87064	"PD51607b-B1-c3-s5-lo39"	""	"23/08/2021"	"PD51607b"
"PD51607b_lo0092"	"6424STDY11162923"	3043453562	32.60202	12.982858	35	6	0.000111	0.066785	0.274594	0.000354	0.014094	0.038155	0.006518	0.400611	0.929711	0.71637	0.261569	0.031093	0.940268	12	"Wholegenome - (CP) Mutational landscape in haemochromatosis"	"DN549935O:D6 (298278)"	43521	"1#12"	26	97.2	2.35	3.25	27.17	6.35	0.34	0.38	0.04	118.09	1.11	0.22	0.01	"Pass"	"75.0 % / 84.1 % sl"	"Accepted"	NA	"cdt"	"cdt"	"DN875988V"	"D6"	"Normal"	20	29.266	"yes"	"no"	87064	"PD51607b-B1-c2-s2-lo44"	""	"23/08/2021"	"PD51607b"
"PD51607b_lo0092"	"6424STDY11162923"	3043453562	32.60202	12.982858	35	6	0.000111	0.066785	0.274594	0.000354	0.014094	0.038155	0.006518	0.400611	0.929711	0.71637	0.261569	0.031093	0.940268	12	"Wholegenome - (CP) Mutational landscape in haemochromatosis"	"DN549935O:D6 (298278)"	43521	"2#12"	26	97.32	2.25	3.11	27.86	6.48	0.44	0.49	0.04	119.06	1.13	0.22	0.01	"Pass"	"67.4 % / 82.3 % sl"	"Accepted"	NA	"cdt"	"cdt"	"DN875988V"	"D6"	"Normal"	20	29.266	"yes"	"no"	87064	"PD51607b-B1-c2-s2-lo44"	""	"23/08/2021"	"PD51607b"
"PD51607b_lo0092"	"6424STDY11162923"	3043453562	32.60202	12.982858	35	6	0.000111	0.066785	0.274594	0.000354	0.014094	0.038155	0.006518	0.400611	0.929711	0.71637	0.261569	0.031093	0.940268	12	"Wholegenome - (CP) Mutational landscape in haemochromatosis"	"DN549935O:D6 (298278)"	43521	"3#12"	26	97.44	2.17	2.96	28.71	6.89	0.41	0.45	0.03	123.91	1.11	0.2	0.01	"Pass"	"68.5 % / 82.5 % sl"	"Accepted"	NA	"cdt"	"cdt"	"DN875988V"	"D6"	"Normal"	20	29.266	"yes"	"no"	87064	"PD51607b-B1-c2-s2-lo44"	""	"23/08/2021"	"PD51607b"
"PD51607b_lo0092"	"6424STDY11162923"	3043453562	32.60202	12.982858	35	6	0.000111	0.066785	0.274594	0.000354	0.014094	0.038155	0.006518	0.400611	0.929711	0.71637	0.261569	0.031093	0.940268	12	"Wholegenome - (CP) Mutational landscape in haemochromatosis"	"DN549935O:D6 (298278)"	43521	"4#12"	26	97.43	2.18	2.96	28.93	6.91	0.45	0.49	0.04	123.3	1.13	0.2	0.01	"Pass"	"71.7 % / 84.8 % sl"	"Accepted"	NA	"cdt"	"cdt"	"DN875988V"	"D6"	"Normal"	20	29.266	"yes"	"no"	87064	"PD51607b-B1-c2-s2-lo44"	""	"23/08/2021"	"PD51607b"
"PD51607b_lo0092"	"6424STDY11162923"	3043453562	32.60202	12.982858	35	6	0.000111	0.066785	0.274594	0.000354	0.014094	0.038155	0.006518	0.400611	0.929711	0.71637	0.261569	0.031093	0.940268	12	"Wholegenome - (CP) Mutational landscape in haemochromatosis"	"DN549935O:D6 (298278)"	43563	"2#12"	26	97.14	2.02	3.69	27.48	7.01	0.18	0.25	0.07	134.22	1.36	0.15	0.02	"Pass"	"77.2 % / 83.1 % sl"	"Accepted"	NA	"cdt"	"cdt"	"DN875988V"	"D6"	"Normal"	20	29.266	"yes"	"no"	87064	"PD51607b-B1-c2-s2-lo44"	""	"23/08/2021"	"PD51607b"
"PD51607b_lo0092"	"6424STDY11162923"	3043453562	32.60202	12.982858	35	6	0.000111	0.066785	0.274594	0.000354	0.014094	0.038155	0.006518	0.400611	0.929711	0.71637	0.261569	0.031093	0.940268	12	"Wholegenome - (CP) Mutational landscape in haemochromatosis"	"DN549935O:D6 (298278)"	43563	"3#12"	26	97.2	2.03	3.58	27.49	7.04	0.2	0.25	0.05	135.29	1.33	0.14	0.02	"Pass"	"77.2 % / 83.1 % sl"	"Accepted"	NA	"cdt"	"cdt"	"DN875988V"	"D6"	"Normal"	20	29.266	"yes"	"no"	87064	"PD51607b-B1-c2-s2-lo44"	""	"23/08/2021"	"PD51607b"
"PD51607b_lo0093"	"6424STDY11162924"	3043453562	31.457269	12.663245	33	6	0.000149	0.066301	0.309365	0.000269	0.01305	0.034434	0.006656	0.430224	0.926426	0.677951	0.208747	0.018481	0.939766	12	"Wholegenome - (CP) Mutational landscape in haemochromatosis"	"DN549935O:E6 (298279)"	43521	"1#13"	26	97.31	2.31	3.07	27.76	6.23	0.22	0.24	0.02	118.21	1.11	0.25	0.01	"Pass"	"77.2 % / 84.5 % sl"	"Accepted"	NA	"cdt"	"cdt"	"DN875988V"	"E6"	"Normal"	20	27.638	"yes"	"no"	87064	"PD51607b-B1-c2-s2-lo45"	""	"23/08/2021"	"PD51607b"
"PD51607b_lo0093"	"6424STDY11162924"	3043453562	31.457269	12.663245	33	6	0.000149	0.066301	0.309365	0.000269	0.01305	0.034434	0.006656	0.430224	0.926426	0.677951	0.208747	0.018481	0.939766	12	"Wholegenome - (CP) Mutational landscape in haemochromatosis"	"DN549935O:E6 (298279)"	43521	"2#13"	26	97.43	2.21	2.94	28.52	6.37	0.31	0.34	0.03	118.98	1.13	0.25	0.01	"Pass"	"68.5 % / 84.1 % sl"	"Accepted"	NA	"cdt"	"cdt"	"DN875988V"	"E6"	"Normal"	20	27.638	"yes"	"no"	87064	"PD51607b-B1-c2-s2-lo45"	""	"23/08/2021"	"PD51607b"
"PD51607b_lo0093"	"6424STDY11162924"	3043453562	31.457269	12.663245	33	6	0.000149	0.066301	0.309365	0.000269	0.01305	0.034434	0.006656	0.430224	0.926426	0.677951	0.208747	0.018481	0.939766	12	"Wholegenome - (CP) Mutational landscape in haemochromatosis"	"DN549935O:E6 (298279)"	43521	"3#13"	26	97.51	2.14	2.83	29.16	6.74	0.28	0.3	0.02	124.47	1.11	0.23	0.01	"Pass"	"73.9 % / 85.3 % sl"	"Accepted"	NA	"cdt"	"cdt"	"DN875988V"	"E6"	"Normal"	20	27.638	"yes"	"no"	87064	"PD51607b-B1-c2-s2-lo45"	""	"23/08/2021"	"PD51607b"
"PD51607b_lo0093"	"6424STDY11162924"	3043453562	31.457269	12.663245	33	6	0.000149	0.066301	0.309365	0.000269	0.01305	0.034434	0.006656	0.430224	0.926426	0.677951	0.208747	0.018481	0.939766	12	"Wholegenome - (CP) Mutational landscape in haemochromatosis"	"DN549935O:E6 (298279)"	43521	"4#13"	26	97.51	2.15	2.83	29.27	6.72	0.32	0.34	0.03	123.83	1.13	0.23	0.01	"Pass"	"76.1 % / 82.9 % sl"	"Accepted"	NA	"cdt"	"cdt"	"DN875988V"	"E6"	"Normal"	20	27.638	"yes"	"no"	87064	"PD51607b-B1-c2-s2-lo45"	""	"23/08/2021"	"PD51607b"
"PD51607b_lo0093"	"6424STDY11162924"	3043453562	31.457269	12.663245	33	6	0.000149	0.066301	0.309365	0.000269	0.01305	0.034434	0.006656	0.430224	0.926426	0.677951	0.208747	0.018481	0.939766	12	"Wholegenome - (CP) Mutational landscape in haemochromatosis"	"DN549935O:E6 (298279)"	43563	"2#13"	26	97.26	2.03	3.45	27.61	6.96	0.05	0.11	0.06	133.44	1.34	0.16	0.01	"Pass"	"73.9 % / 88.2 % sl"	"Accepted"	NA	"cdt"	"cdt"	"DN875988V"	"E6"	"Normal"	20	27.638	"yes"	"no"	87064	"PD51607b-B1-c2-s2-lo45"	""	"23/08/2021"	"PD51607b"
"PD51607b_lo0093"	"6424STDY11162924"	3043453562	31.457269	12.663245	33	6	0.000149	0.066301	0.309365	0.000269	0.01305	0.034434	0.006656	0.430224	0.926426	0.677951	0.208747	0.018481	0.939766	12	"Wholegenome - (CP) Mutational landscape in haemochromatosis"	"DN549935O:E6 (298279)"	43563	"3#13"	26	97.31	2.03	3.35	27.61	6.98	0.07	0.11	0.04	134.79	1.31	0.16	0.01	"Pass"	"73.9 % / 88.2 % sl"	"Accepted"	NA	"cdt"	"cdt"	"DN875988V"	"E6"	"Normal"	20	27.638	"yes"	"no"	87064	"PD51607b-B1-c2-s2-lo45"	""	"23/08/2021"	"PD51607b"
"PD51607b_lo0095"	"6424STDY11162926"	3043453562	50.906992	19.156415	55	7	0.00012	0.064712	0.174673	0.000548	0.018897	0.041022	0.008852	0.308825	0.931169	0.881482	0.828598	0.680694	0.941404	12	"Wholegenome - (CP) Mutational landscape in haemochromatosis"	"DN549935O:G6 (298280)"	43521	"1#14"	26	97.03	2.39	3.56	37.23	9.6	0.36	0.42	0.06	124.79	1.16	0.14	0.01	"Pass"	"92.4 % / 89.4 % sl"	"Accepted"	NA	"cdt"	"cdt"	"DN875988V"	"G6"	"Normal"	20	76.442	"yes"	"no"	87064	"PD51607b-B1-c2-s2-lo47"	""	"23/08/2021"	"PD51607b"
"PD51607b_lo0095"	"6424STDY11162926"	3043453562	50.906992	19.156415	55	7	0.00012	0.064712	0.174673	0.000548	0.018897	0.041022	0.008852	0.308825	0.931169	0.881482	0.828598	0.680694	0.941404	12	"Wholegenome - (CP) Mutational landscape in haemochromatosis"	"DN549935O:G6 (298280)"	43521	"2#14"	26	97.15	2.28	3.42	38.63	9.86	0.46	0.53	0.07	125.89	1.19	0.15	0.01	"Pass"	"95.7 % / 93.2 % sl"	"Accepted"	NA	"cdt"	"cdt"	"DN875988V"	"G6"	"Normal"	20	76.442	"yes"	"no"	87064	"PD51607b-B1-c2-s2-lo47"	""	"23/08/2021"	"PD51607b"
"PD51607b_lo0095"	"6424STDY11162926"	3043453562	50.906992	19.156415	55	7	0.00012	0.064712	0.174673	0.000548	0.018897	0.041022	0.008852	0.308825	0.931169	0.881482	0.828598	0.680694	0.941404	12	"Wholegenome - (CP) Mutational landscape in haemochromatosis"	"DN549935O:G6 (298280)"	43521	"3#14"	26	97.27	2.2	3.27	38.52	10.15	0.44	0.5	0.06	131.95	1.17	0.12	0.01	"Pass"	"94.6 % / 93.1 % sl"	"Accepted"	NA	"cdt"	"cdt"	"DN875988V"	"G6"	"Normal"	20	76.442	"yes"	"no"	87064	"PD51607b-B1-c2-s2-lo47"	""	"23/08/2021"	"PD51607b"
"PD51607b_lo0095"	"6424STDY11162926"	3043453562	50.906992	19.156415	55	7	0.00012	0.064712	0.174673	0.000548	0.018897	0.041022	0.008852	0.308825	0.931169	0.881482	0.828598	0.680694	0.941404	12	"Wholegenome - (CP) Mutational landscape in haemochromatosis"	"DN549935O:G6 (298280)"	43521	"4#14"	26	97.27	2.2	3.26	38.79	10.18	0.48	0.55	0.06	131.13	1.19	0.12	0.01	"Pass"	"90.2 % / 94.0 % sl"	"Accepted"	NA	"cdt"	"cdt"	"DN875988V"	"G6"	"Normal"	20	76.442	"yes"	"no"	87064	"PD51607b-B1-c2-s2-lo47"	""	"23/08/2021"	"PD51607b"
"PD51607b_lo0095"	"6424STDY11162926"	3043453562	50.906992	19.156415	55	7	0.00012	0.064712	0.174673	0.000548	0.018897	0.041022	0.008852	0.308825	0.931169	0.881482	0.828598	0.680694	0.941404	12	"Wholegenome - (CP) Mutational landscape in haemochromatosis"	"DN549935O:G6 (298280)"	43563	"2#14"	26	96.8	2.05	4.35	37.35	9.6	0.29	0.4	0.11	143.65	1.45	0.14	0.02	"Pass"	"92.4 % / 92.9 % sl"	"Accepted"	NA	"cdt"	"cdt"	"DN875988V"	"G6"	"Normal"	20	76.442	"yes"	"no"	87064	"PD51607b-B1-c2-s2-lo47"	""	"23/08/2021"	"PD51607b"
"PD51607b_lo0095"	"6424STDY11162926"	3043453562	50.906992	19.156415	55	7	0.00012	0.064712	0.174673	0.000548	0.018897	0.041022	0.008852	0.308825	0.931169	0.881482	0.828598	0.680694	0.941404	12	"Wholegenome - (CP) Mutational landscape in haemochromatosis"	"DN549935O:G6 (298280)"	43563	"3#14"	26	96.87	2.05	4.21	37.37	9.64	0.3	0.39	0.09	144.95	1.42	0.14	0.02	"Pass"	"92.4 % / 92.9 % sl"	"Accepted"	NA	"cdt"	"cdt"	"DN875988V"	"G6"	"Normal"	20	76.442	"yes"	"no"	87064	"PD51607b-B1-c2-s2-lo47"	""	"23/08/2021"	"PD51607b"
"PD51608b_lo0049"	"6424STDY11162928"	3043453562	45.887327	17.543701	49	7	0.000331	0.06766	0.165573	0.00039	0.018122	0.052354	0.005929	0.310359	0.926172	0.888653	0.78649	0.463981	0.935247	12	"Wholegenome - (CP) Mutational landscape in haemochromatosis"	"DN549935O:A7 (298281)"	43521	"1#15"	26	97.27	2.23	3.22	34.66	8.97	0.44	0.52	0.07	112.48	1.15	0.13	0.01	"Pass"	"80.4 % / 95.9 % sl"	"Accepted"	NA	"cdt"	"cdt"	"DN875988V"	"A7"	"Normal"	20	67.672	"yes"	"no"	87064	"PD51608b-B1-c3-s5-lo1"	""	"23/08/2021"	"PD51608b"
"PD51608b_lo0049"	"6424STDY11162928"	3043453562	45.887327	17.543701	49	7	0.000331	0.06766	0.165573	0.00039	0.018122	0.052354	0.005929	0.310359	0.926172	0.888653	0.78649	0.463981	0.935247	12	"Wholegenome - (CP) Mutational landscape in haemochromatosis"	"DN549935O:A7 (298281)"	43521	"2#15"	26	97.39	2.13	3.09	35.74	9.16	0.55	0.63	0.08	113.16	1.18	0.14	0.01	"Pass"	"80.4 % / 95.9 % sl"	"Accepted"	NA	"cdt"	"cdt"	"DN875988V"	"A7"	"Normal"	20	67.672	"yes"	"no"	87064	"PD51608b-B1-c3-s5-lo1"	""	"23/08/2021"	"PD51608b"
"PD51608b_lo0049"	"6424STDY11162928"	3043453562	45.887327	17.543701	49	7	0.000331	0.06766	0.165573	0.00039	0.018122	0.052354	0.005929	0.310359	0.926172	0.888653	0.78649	0.463981	0.935247	12	"Wholegenome - (CP) Mutational landscape in haemochromatosis"	"DN549935O:A7 (298281)"	43521	"3#15"	26	97.51	2.06	2.93	35.57	9.39	0.5	0.58	0.07	117.33	1.14	0.12	0.01	"Pass"	"84.8 % / 92.3 % sl"	"Accepted"	NA	"cdt"	"cdt"	"DN875988V"	"A7"	"Normal"	20	67.672	"yes"	"no"	87064	"PD51608b-B1-c3-s5-lo1"	""	"23/08/2021"	"PD51608b"
"PD51608b_lo0049"	"6424STDY11162928"	3043453562	45.887327	17.543701	49	7	0.000331	0.06766	0.165573	0.00039	0.018122	0.052354	0.005929	0.310359	0.926172	0.888653	0.78649	0.463981	0.935247	12	"Wholegenome - (CP) Mutational landscape in haemochromatosis"	"DN549935O:A7 (298281)"	43521	"4#15"	26	97.5	2.07	2.94	35.85	9.43	0.56	0.64	0.08	116.68	1.17	0.12	0.01	"Pass"	"82.6 % / 92.1 % sl"	"Accepted"	NA	"cdt"	"cdt"	"DN875988V"	"A7"	"Normal"	20	67.672	"yes"	"no"	87064	"PD51608b-B1-c3-s5-lo1"	""	"23/08/2021"	"PD51608b"
"PD51608b_lo0049"	"6424STDY11162928"	3043453562	45.887327	17.543701	49	7	0.000331	0.06766	0.165573	0.00039	0.018122	0.052354	0.005929	0.310359	0.926172	0.888653	0.78649	0.463981	0.935247	12	"Wholegenome - (CP) Mutational landscape in haemochromatosis"	"DN549935O:A7 (298281)"	43563	"2#15"	26	97.22	1.95	3.62	32	8.36	0.28	0.38	0.1	126.61	1.37	0.13	0.02	"Pass"	"81.5 % / 89.3 % sl"	"Accepted"	NA	"cdt"	"cdt"	"DN875988V"	"A7"	"Normal"	20	67.672	"yes"	"no"	87064	"PD51608b-B1-c3-s5-lo1"	""	"23/08/2021"	"PD51608b"
"PD51608b_lo0049"	"6424STDY11162928"	3043453562	45.887327	17.543701	49	7	0.000331	0.06766	0.165573	0.00039	0.018122	0.052354	0.005929	0.310359	0.926172	0.888653	0.78649	0.463981	0.935247	12	"Wholegenome - (CP) Mutational landscape in haemochromatosis"	"DN549935O:A7 (298281)"	43563	"3#15"	26	97.27	1.95	3.51	31.95	8.37	0.3	0.38	0.08	127.49	1.34	0.12	0.02	"Pass"	"81.5 % / 89.3 % sl"	"Accepted"	NA	"cdt"	"cdt"	"DN875988V"	"A7"	"Normal"	20	67.672	"yes"	"no"	87064	"PD51608b-B1-c3-s5-lo1"	""	"23/08/2021"	"PD51608b"
"PD51608b_lo0050"	"6424STDY11162929"	3043453562	50.711315	18.420452	54	7	0.000216	0.066017	0.105738	0.00047	0.020107	0.06023	0.007219	0.259998	0.927761	0.904328	0.865021	0.67006	0.935812	12	"Wholegenome - (CP) Mutational landscape in haemochromatosis"	"DN549935O:B7 (298282)"	43521	"1#16"	26	97.26	2.25	3.24	34.88	9.55	0.61	0.64	0.04	113.94	1.12	0.08	0.01	"Pass"	"91.3 % / 91.7 % sl"	"Accepted"	NA	"cdt"	"cdt"	"DN875988V"	"B7"	"Normal"	20	65.873	"yes"	"no"	87064	"PD51608b-B1-c3-s5-lo2"	"lots of laser"	"23/08/2021"	"PD51608b"
"PD51608b_lo0050"	"6424STDY11162929"	3043453562	50.711315	18.420452	54	7	0.000216	0.066017	0.105738	0.00047	0.020107	0.06023	0.007219	0.259998	0.927761	0.904328	0.865021	0.67006	0.935812	12	"Wholegenome - (CP) Mutational landscape in haemochromatosis"	"DN549935O:B7 (298282)"	43521	"2#16"	26	97.37	2.15	3.1	35.83	9.71	0.71	0.75	0.04	114.7	1.15	0.09	0.01	"Pass"	"92.4 % / 94.1 % sl"	"Accepted"	NA	"cdt"	"cdt"	"DN875988V"	"B7"	"Normal"	20	65.873	"yes"	"no"	87064	"PD51608b-B1-c3-s5-lo2"	"lots of laser"	"23/08/2021"	"PD51608b"
"PD51608b_lo0050"	"6424STDY11162929"	3043453562	50.711315	18.420452	54	7	0.000216	0.066017	0.105738	0.00047	0.020107	0.06023	0.007219	0.259998	0.927761	0.904328	0.865021	0.67006	0.935812	12	"Wholegenome - (CP) Mutational landscape in haemochromatosis"	"DN549935O:B7 (298282)"	43521	"3#16"	26	97.49	2.08	2.94	36.46	10.15	0.66	0.7	0.04	119.07	1.12	0.07	0.01	"Pass"	"93.5 % / 95.3 % sl"	"Accepted"	NA	"cdt"	"cdt"	"DN875988V"	"B7"	"Normal"	20	65.873	"yes"	"no"	87064	"PD51608b-B1-c3-s5-lo2"	"lots of laser"	"23/08/2021"	"PD51608b"
"PD51608b_lo0050"	"6424STDY11162929"	3043453562	50.711315	18.420452	54	7	0.000216	0.066017	0.105738	0.00047	0.020107	0.06023	0.007219	0.259998	0.927761	0.904328	0.865021	0.67006	0.935812	12	"Wholegenome - (CP) Mutational landscape in haemochromatosis"	"DN549935O:B7 (298282)"	43521	"4#16"	26	97.48	2.09	2.95	36.8	10.21	0.71	0.75	0.04	118.36	1.14	0.07	0.01	"Pass"	"93.5 % / 94.2 % sl"	"Accepted"	NA	"cdt"	"cdt"	"DN875988V"	"B7"	"Normal"	20	65.873	"yes"	"no"	87064	"PD51608b-B1-c3-s5-lo2"	"lots of laser"	"23/08/2021"	"PD51608b"
"PD51608b_lo0050"	"6424STDY11162929"	3043453562	50.711315	18.420452	54	7	0.000216	0.066017	0.105738	0.00047	0.020107	0.06023	0.007219	0.259998	0.927761	0.904328	0.865021	0.67006	0.935812	12	"Wholegenome - (CP) Mutational landscape in haemochromatosis"	"DN549935O:B7 (298282)"	43563	"2#16"	26	97.24	1.95	3.58	34.12	9.02	0.45	0.52	0.07	128.4	1.35	0.12	0.02	"Pass"	"92.4 % / 96.5 % sl"	"Accepted"	NA	"cdt"	"cdt"	"DN875988V"	"B7"	"Normal"	20	65.873	"yes"	"no"	87064	"PD51608b-B1-c3-s5-lo2"	"lots of laser"	"23/08/2021"	"PD51608b"
"PD51608b_lo0050"	"6424STDY11162929"	3043453562	50.711315	18.420452	54	7	0.000216	0.066017	0.105738	0.00047	0.020107	0.06023	0.007219	0.259998	0.927761	0.904328	0.865021	0.67006	0.935812	12	"Wholegenome - (CP) Mutational landscape in haemochromatosis"	"DN549935O:B7 (298282)"	43563	"3#16"	26	97.28	1.96	3.48	34.2	9.08	0.46	0.52	0.06	129.21	1.32	0.11	0.02	"Pass"	"92.4 % / 96.5 % sl"	"Accepted"	NA	"cdt"	"cdt"	"DN875988V"	"B7"	"Normal"	20	65.873	"yes"	"no"	87064	"PD51608b-B1-c3-s5-lo2"	"lots of laser"	"23/08/2021"	"PD51608b"
"PD51608b_lo0051"	"6424STDY11162930"	3043453562	59.545577	20.856255	64	7	8.8e-05	0.064466	0.124611	0.000367	0.01857	0.061652	0.007403	0.277157	0.929607	0.913843	0.89899	0.852652	0.936557	12	"Wholegenome - (CP) Mutational landscape in haemochromatosis"	"DN549935O:C7 (298283)"	43521	"1#17"	26	97.39	2.25	2.96	42.58	11.5	0.31	0.32	0.01	112.57	1.09	0.1	0.01	"Pass"	"92.4 % / 91.8 % sl"	"Accepted"	NA	"cdt"	"cdt"	"DN875988V"	"C7"	"Normal"	20	68.542	"yes"	"no"	87064	"PD51608b-B1-c3-s5-lo3"	""	"23/08/2021"	"PD51608b"
"PD51608b_lo0051"	"6424STDY11162930"	3043453562	59.545577	20.856255	64	7	8.8e-05	0.064466	0.124611	0.000367	0.01857	0.061652	0.007403	0.277157	0.929607	0.913843	0.89899	0.852652	0.936557	12	"Wholegenome - (CP) Mutational landscape in haemochromatosis"	"DN549935O:C7 (298283)"	43521	"2#17"	26	97.5	2.16	2.83	43.67	11.63	0.4	0.42	0.01	113.2	1.11	0.11	0.01	"Pass"	"92.4 % / 94.1 % sl"	"Accepted"	NA	"cdt"	"cdt"	"DN875988V"	"C7"	"Normal"	20	68.542	"yes"	"no"	87064	"PD51608b-B1-c3-s5-lo3"	""	"23/08/2021"	"PD51608b"
"PD51608b_lo0051"	"6424STDY11162930"	3043453562	59.545577	20.856255	64	7	8.8e-05	0.064466	0.124611	0.000367	0.01857	0.061652	0.007403	0.277157	0.929607	0.913843	0.89899	0.852652	0.936557	12	"Wholegenome - (CP) Mutational landscape in haemochromatosis"	"DN549935O:C7 (298283)"	43521	"3#17"	26	97.6	2.08	2.72	43.68	12.02	0.38	0.39	0.01	117.89	1.09	0.08	0.01	"Pass"	"95.7 % / 95.5 % sl"	"Accepted"	NA	"cdt"	"cdt"	"DN875988V"	"C7"	"Normal"	20	68.542	"yes"	"no"	87064	"PD51608b-B1-c3-s5-lo3"	""	"23/08/2021"	"PD51608b"
"PD51608b_lo0051"	"6424STDY11162930"	3043453562	59.545577	20.856255	64	7	8.8e-05	0.064466	0.124611	0.000367	0.01857	0.061652	0.007403	0.277157	0.929607	0.913843	0.89899	0.852652	0.936557	12	"Wholegenome - (CP) Mutational landscape in haemochromatosis"	"DN549935O:C7 (298283)"	43521	"4#17"	26	97.59	2.1	2.72	44.18	12.12	0.42	0.43	0.01	117.2	1.11	0.09	0.01	"Pass"	"96.7 % / 96.6 % sl"	"Accepted"	NA	"cdt"	"cdt"	"DN875988V"	"C7"	"Normal"	20	68.542	"yes"	"no"	87064	"PD51608b-B1-c3-s5-lo3"	""	"23/08/2021"	"PD51608b"
"PD51608b_lo0051"	"6424STDY11162930"	3043453562	59.545577	20.856255	64	7	8.8e-05	0.064466	0.124611	0.000367	0.01857	0.061652	0.007403	0.277157	0.929607	0.913843	0.89899	0.852652	0.936557	12	"Wholegenome - (CP) Mutational landscape in haemochromatosis"	"DN549935O:C7 (298283)"	43563	"2#17"	26	97.37	1.95	3.3	40.25	10.44	0.2	0.25	0.05	127.45	1.32	0.13	0.01	"Pass"	"94.6 % / 95.4 % sl"	"Accepted"	NA	"cdt"	"cdt"	"DN875988V"	"C7"	"Normal"	20	68.542	"yes"	"no"	87064	"PD51608b-B1-c3-s5-lo3"	""	"23/08/2021"	"PD51608b"
"PD51608b_lo0051"	"6424STDY11162930"	3043453562	59.545577	20.856255	64	7	8.8e-05	0.064466	0.124611	0.000367	0.01857	0.061652	0.007403	0.277157	0.929607	0.913843	0.89899	0.852652	0.936557	12	"Wholegenome - (CP) Mutational landscape in haemochromatosis"	"DN549935O:C7 (298283)"	43563	"3#17"	26	97.42	1.96	3.2	40.31	10.5	0.21	0.25	0.04	128.29	1.29	0.13	0.01	"Pass"	"94.6 % / 95.4 % sl"	"Accepted"	NA	"cdt"	"cdt"	"DN875988V"	"C7"	"Normal"	20	68.542	"yes"	"no"	87064	"PD51608b-B1-c3-s5-lo3"	""	"23/08/2021"	"PD51608b"
"PD51608b_lo0052"	"6424STDY11162931"	3043453562	53.804296	18.974443	57	7	8.8e-05	0.065127	0.153418	0.000513	0.019016	0.053385	0.006608	0.298155	0.929644	0.91248	0.889386	0.766635	0.936475	12	"Wholegenome - (CP) Mutational landscape in haemochromatosis"	"DN549935O:D7 (298284)"	43521	"1#18"	26	97.1	2.33	3.46	39.31	10.33	0.25	0.33	0.08	110.31	1.14	0.12	0.01	"Pass"	"92.4 % / 92.9 % sl"	"Accepted"	NA	"cdt"	"cdt"	"DN875988V"	"D7"	"Normal"	20	81.502	"yes"	"no"	87064	"PD51608b-B1-c3-s5-lo4"	""	"23/08/2021"	"PD51608b"
"PD51608b_lo0052"	"6424STDY11162931"	3043453562	53.804296	18.974443	57	7	8.8e-05	0.065127	0.153418	0.000513	0.019016	0.053385	0.006608	0.298155	0.929644	0.91248	0.889386	0.766635	0.936475	12	"Wholegenome - (CP) Mutational landscape in haemochromatosis"	"DN549935O:D7 (298284)"	43521	"2#18"	26	97.26	2.21	3.27	40.54	10.54	0.35	0.43	0.08	111.03	1.16	0.13	0.01	"Pass"	"93.5 % / 96.5 % sl"	"Accepted"	NA	"cdt"	"cdt"	"DN875988V"	"D7"	"Normal"	20	81.502	"yes"	"no"	87064	"PD51608b-B1-c3-s5-lo4"	""	"23/08/2021"	"PD51608b"
"PD51608b_lo0052"	"6424STDY11162931"	3043453562	53.804296	18.974443	57	7	8.8e-05	0.065127	0.153418	0.000513	0.019016	0.053385	0.006608	0.298155	0.929644	0.91248	0.889386	0.766635	0.936475	12	"Wholegenome - (CP) Mutational landscape in haemochromatosis"	"DN549935O:D7 (298284)"	43521	"3#18"	26	97.4	2.14	3.05	40.36	10.83	0.31	0.36	0.05	115.43	1.13	0.1	0.01	"Pass"	"93.5 % / 97.7 % sl"	"Accepted"	NA	"cdt"	"cdt"	"DN875988V"	"D7"	"Normal"	20	81.502	"yes"	"no"	87064	"PD51608b-B1-c3-s5-lo4"	""	"23/08/2021"	"PD51608b"
"PD51608b_lo0052"	"6424STDY11162931"	3043453562	53.804296	18.974443	57	7	8.8e-05	0.065127	0.153418	0.000513	0.019016	0.053385	0.006608	0.298155	0.929644	0.91248	0.889386	0.766635	0.936475	12	"Wholegenome - (CP) Mutational landscape in haemochromatosis"	"DN549935O:D7 (298284)"	43521	"4#18"	26	97.41	2.15	3.03	40.78	10.91	0.35	0.41	0.05	114.82	1.14	0.11	0.01	"Pass"	"95.7 % / 94.3 % sl"	"Accepted"	NA	"cdt"	"cdt"	"DN875988V"	"D7"	"Normal"	20	81.502	"yes"	"no"	87064	"PD51608b-B1-c3-s5-lo4"	""	"23/08/2021"	"PD51608b"
"PD51608b_lo0052"	"6424STDY11162931"	3043453562	53.804296	18.974443	57	7	8.8e-05	0.065127	0.153418	0.000513	0.019016	0.053385	0.006608	0.298155	0.929644	0.91248	0.889386	0.766635	0.936475	12	"Wholegenome - (CP) Mutational landscape in haemochromatosis"	"DN549935O:D7 (298284)"	43563	"2#18"	26	97.14	2	3.71	38.12	9.9	0.1	0.19	0.09	124.95	1.37	0.13	0.02	"Pass"	"94.6 % / 93.1 % sl"	"Accepted"	NA	"cdt"	"cdt"	"DN875988V"	"D7"	"Normal"	20	81.502	"yes"	"no"	87064	"PD51608b-B1-c3-s5-lo4"	""	"23/08/2021"	"PD51608b"
"PD51608b_lo0052"	"6424STDY11162931"	3043453562	53.804296	18.974443	57	7	8.8e-05	0.065127	0.153418	0.000513	0.019016	0.053385	0.006608	0.298155	0.929644	0.91248	0.889386	0.766635	0.936475	12	"Wholegenome - (CP) Mutational landscape in haemochromatosis"	"DN549935O:D7 (298284)"	43563	"3#18"	26	97.2	2	3.6	38.12	9.93	0.11	0.18	0.07	125.79	1.34	0.13	0.02	"Pass"	"94.6 % / 93.1 % sl"	"Accepted"	NA	"cdt"	"cdt"	"DN875988V"	"D7"	"Normal"	20	81.502	"yes"	"no"	87064	"PD51608b-B1-c3-s5-lo4"	""	"23/08/2021"	"PD51608b"
"PD51608b_lo0053"	"6424STDY11162932"	3043453562	50.810504	18.197002	54	7	0.000113	0.06461	0.101187	0.000566	0.020421	0.055633	0.007275	0.249806	0.928969	0.908149	0.870847	0.673601	0.936485	12	"Wholegenome - (CP) Mutational landscape in haemochromatosis"	"DN549935O:E7 (298285)"	43521	"1#19"	26	97.19	2.34	3.29	34.8	9.57	0.41	0.43	0.03	123.13	1.11	0.08	0.01	"Pass"	"85.9 % / 92.4 % sl"	"Accepted"	NA	"cdt"	"cdt"	"DN875988V"	"E7"	"Normal"	20	71.29	"yes"	"no"	87064	"PD51608b-B1-c3-s5-lo5"	""	"23/08/2021"	"PD51608b"
"PD51608b_lo0053"	"6424STDY11162932"	3043453562	50.810504	18.197002	54	7	0.000113	0.06461	0.101187	0.000566	0.020421	0.055633	0.007275	0.249806	0.928969	0.908149	0.870847	0.673601	0.936485	12	"Wholegenome - (CP) Mutational landscape in haemochromatosis"	"DN549935O:E7 (298285)"	43521	"2#19"	26	97.31	2.23	3.16	35.86	9.76	0.51	0.54	0.03	124.3	1.14	0.09	0.01	"Pass"	"85.9 % / 89.9 % sl"	"Accepted"	NA	"cdt"	"cdt"	"DN875988V"	"E7"	"Normal"	20	71.29	"yes"	"no"	87064	"PD51608b-B1-c3-s5-lo5"	""	"23/08/2021"	"PD51608b"
"PD51608b_lo0053"	"6424STDY11162932"	3043453562	50.810504	18.197002	54	7	0.000113	0.06461	0.101187	0.000566	0.020421	0.055633	0.007275	0.249806	0.928969	0.908149	0.870847	0.673601	0.936485	12	"Wholegenome - (CP) Mutational landscape in haemochromatosis"	"DN549935O:E7 (298285)"	43521	"3#19"	26	97.42	2.15	3.02	36.18	10.11	0.49	0.51	0.02	130.1	1.12	0.07	0.01	"Pass"	"88.0 % / 91.4 % sl"	"Accepted"	NA	"cdt"	"cdt"	"DN875988V"	"E7"	"Normal"	20	71.29	"yes"	"no"	87064	"PD51608b-B1-c3-s5-lo5"	""	"23/08/2021"	"PD51608b"
"PD51608b_lo0053"	"6424STDY11162932"	3043453562	50.810504	18.197002	54	7	0.000113	0.06461	0.101187	0.000566	0.020421	0.055633	0.007275	0.249806	0.928969	0.908149	0.870847	0.673601	0.936485	12	"Wholegenome - (CP) Mutational landscape in haemochromatosis"	"DN549935O:E7 (298285)"	43521	"4#19"	26	97.42	2.15	3.01	36.56	10.19	0.53	0.56	0.03	129.18	1.13	0.07	0.01	"Pass"	"87.0 % / 87.5 % sl"	"Accepted"	NA	"cdt"	"cdt"	"DN875988V"	"E7"	"Normal"	20	71.29	"yes"	"no"	87064	"PD51608b-B1-c3-s5-lo5"	""	"23/08/2021"	"PD51608b"
"PD51608b_lo0053"	"6424STDY11162932"	3043453562	50.810504	18.197002	54	7	0.000113	0.06461	0.101187	0.000566	0.020421	0.055633	0.007275	0.249806	0.928969	0.908149	0.870847	0.673601	0.936485	12	"Wholegenome - (CP) Mutational landscape in haemochromatosis"	"DN549935O:E7 (298285)"	43563	"2#19"	26	97.06	2	3.88	33.32	8.85	0.31	0.38	0.07	143.3	1.37	0.11	0.02	"Pass"	"83.7 % / 93.5 % sl"	"Accepted"	NA	"cdt"	"cdt"	"DN875988V"	"E7"	"Normal"	20	71.29	"yes"	"no"	87064	"PD51608b-B1-c3-s5-lo5"	""	"23/08/2021"	"PD51608b"
"PD51608b_lo0053"	"6424STDY11162932"	3043453562	50.810504	18.197002	54	7	0.000113	0.06461	0.101187	0.000566	0.020421	0.055633	0.007275	0.249806	0.928969	0.908149	0.870847	0.673601	0.936485	12	"Wholegenome - (CP) Mutational landscape in haemochromatosis"	"DN549935O:E7 (298285)"	43563	"3#19"	26	97.11	2	3.77	33.33	8.88	0.33	0.38	0.05	144.64	1.34	0.11	0.02	"Pass"	"83.7 % / 93.5 % sl"	"Accepted"	NA	"cdt"	"cdt"	"DN875988V"	"E7"	"Normal"	20	71.29	"yes"	"no"	87064	"PD51608b-B1-c3-s5-lo5"	""	"23/08/2021"	"PD51608b"
"PD51608b_lo0054"	"6424STDY11162933"	3043453562	48.134337	17.211753	51	6	0.000106	0.063369	0.196059	0.00034	0.016286	0.050383	0.006507	0.333049	0.92897	0.907315	0.851652	0.566895	0.936188	12	"Wholegenome - (CP) Mutational landscape in haemochromatosis"	"DN549935O:F7 (298286)"	43521	"1#20"	26	97.44	2.24	2.88	36.66	9.32	0.34	0.39	0.05	111.81	1.07	0.15	0.01	"Pass"	"83.7 % / 90.9 % sl"	"Accepted"	NA	"cdt"	"cdt"	"DN875988V"	"F7"	"Normal"	20	60.812	"yes"	"no"	87064	"PD51608b-B1-c3-s5-lo6"	"extra laser; 1 cut"	"23/08/2021"	"PD51608b"
"PD51608b_lo0054"	"6424STDY11162933"	3043453562	48.134337	17.211753	51	6	0.000106	0.063369	0.196059	0.00034	0.016286	0.050383	0.006507	0.333049	0.92897	0.907315	0.851652	0.566895	0.936188	12	"Wholegenome - (CP) Mutational landscape in haemochromatosis"	"DN549935O:F7 (298286)"	43521	"2#20"	26	97.55	2.14	2.76	37.84	9.52	0.45	0.51	0.06	112.52	1.1	0.16	0.01	"Pass"	"87.0 % / 92.5 % sl"	"Accepted"	NA	"cdt"	"cdt"	"DN875988V"	"F7"	"Normal"	20	60.812	"yes"	"no"	87064	"PD51608b-B1-c3-s5-lo6"	"extra laser; 1 cut"	"23/08/2021"	"PD51608b"
"PD51608b_lo0054"	"6424STDY11162933"	3043453562	48.134337	17.211753	51	6	0.000106	0.063369	0.196059	0.00034	0.016286	0.050383	0.006507	0.333049	0.92897	0.907315	0.851652	0.566895	0.936188	12	"Wholegenome - (CP) Mutational landscape in haemochromatosis"	"DN549935O:F7 (298286)"	43521	"3#20"	26	97.65	2.06	2.64	37.54	9.75	0.4	0.45	0.05	116.84	1.07	0.14	0.01	"Pass"	"90.2 % / 92.8 % sl"	"Accepted"	NA	"cdt"	"cdt"	"DN875988V"	"F7"	"Normal"	20	60.812	"yes"	"no"	87064	"PD51608b-B1-c3-s5-lo6"	"extra laser; 1 cut"	"23/08/2021"	"PD51608b"
"PD51608b_lo0054"	"6424STDY11162933"	3043453562	48.134337	17.211753	51	6	0.000106	0.063369	0.196059	0.00034	0.016286	0.050383	0.006507	0.333049	0.92897	0.907315	0.851652	0.566895	0.936188	12	"Wholegenome - (CP) Mutational landscape in haemochromatosis"	"DN549935O:F7 (298286)"	43521	"4#20"	26	97.65	2.08	2.63	37.89	9.8	0.44	0.5	0.05	116.16	1.09	0.14	0.01	"Pass"	"87.0 % / 93.8 % sl"	"Accepted"	NA	"cdt"	"cdt"	"DN875988V"	"F7"	"Normal"	20	60.812	"yes"	"no"	87064	"PD51608b-B1-c3-s5-lo6"	"extra laser; 1 cut"	"23/08/2021"	"PD51608b"
"PD51608b_lo0054"	"6424STDY11162933"	3043453562	48.134337	17.211753	51	6	0.000106	0.063369	0.196059	0.00034	0.016286	0.050383	0.006507	0.333049	0.92897	0.907315	0.851652	0.566895	0.936188	12	"Wholegenome - (CP) Mutational landscape in haemochromatosis"	"DN549935O:F7 (298286)"	43563	"2#20"	26	97.42	1.94	3.22	36.33	9.35	0.2	0.29	0.08	126.51	1.28	0.14	0.01	"Pass"	"88.0 % / 91.4 % sl"	"Accepted"	NA	"cdt"	"cdt"	"DN875988V"	"F7"	"Normal"	20	60.812	"yes"	"no"	87064	"PD51608b-B1-c3-s5-lo6"	"extra laser; 1 cut"	"23/08/2021"	"PD51608b"
"PD51608b_lo0054"	"6424STDY11162933"	3043453562	48.134337	17.211753	51	6	0.000106	0.063369	0.196059	0.00034	0.016286	0.050383	0.006507	0.333049	0.92897	0.907315	0.851652	0.566895	0.936188	12	"Wholegenome - (CP) Mutational landscape in haemochromatosis"	"DN549935O:F7 (298286)"	43563	"3#20"	26	97.47	1.94	3.11	36.35	9.39	0.22	0.29	0.07	127.3	1.25	0.14	0.01	"Pass"	"88.0 % / 91.4 % sl"	"Accepted"	NA	"cdt"	"cdt"	"DN875988V"	"F7"	"Normal"	20	60.812	"yes"	"no"	87064	"PD51608b-B1-c3-s5-lo6"	"extra laser; 1 cut"	"23/08/2021"	"PD51608b"
"PD51608b_lo0056"	"6424STDY11162935"	3043453562	32.099386	12.400351	34	5	0.000103	0.064173	0.317724	0.000298	0.012878	0.040635	0.005123	0.440934	0.92477	0.716042	0.212614	0.016684	0.934622	12	"Wholegenome - (CP) Mutational landscape in haemochromatosis"	"DN549935O:H7 (298287)"	43521	"1#21"	26	97.32	2.22	3.15	29.45	6.54	0.11	0.12	0.01	112.15	1.14	0.26	0.01	"Pass"	"68.5 % / 84.1 % sl"	"Accepted"	NA	"cdt"	"cdt"	"DN875988V"	"H7"	"Normal"	20	24.947	"yes"	"no"	87064	"PD51608b-B1-c3-s5-lo8"	"extra laser; 1 cut"	"23/08/2021"	"PD51608b"
"PD51608b_lo0056"	"6424STDY11162935"	3043453562	32.099386	12.400351	34	5	0.000103	0.064173	0.317724	0.000298	0.012878	0.040635	0.005123	0.440934	0.92477	0.716042	0.212614	0.016684	0.934622	12	"Wholegenome - (CP) Mutational landscape in haemochromatosis"	"DN549935O:H7 (298287)"	43521	"2#21"	26	97.44	2.11	3.01	30.19	6.66	0.21	0.22	0.01	112.82	1.16	0.26	0.01	"Pass"	"58.7 % / 83.3 % sl"	"Accepted"	NA	"cdt"	"cdt"	"DN875988V"	"H7"	"Normal"	20	24.947	"yes"	"no"	87064	"PD51608b-B1-c3-s5-lo8"	"extra laser; 1 cut"	"23/08/2021"	"PD51608b"
"PD51608b_lo0056"	"6424STDY11162935"	3043453562	32.099386	12.400351	34	5	0.000103	0.064173	0.317724	0.000298	0.012878	0.040635	0.005123	0.440934	0.92477	0.716042	0.212614	0.016684	0.934622	12	"Wholegenome - (CP) Mutational landscape in haemochromatosis"	"DN549935O:H7 (298287)"	43521	"3#21"	26	97.56	2.04	2.84	30.54	7	0.2	0.21	0.01	116.99	1.13	0.24	0.01	"Pass"	"70.7 % / 84.6 % sl"	"Accepted"	NA	"cdt"	"cdt"	"DN875988V"	"H7"	"Normal"	20	24.947	"yes"	"no"	87064	"PD51608b-B1-c3-s5-lo8"	"extra laser; 1 cut"	"23/08/2021"	"PD51608b"
"PD51608b_lo0056"	"6424STDY11162935"	3043453562	32.099386	12.400351	34	5	0.000103	0.064173	0.317724	0.000298	0.012878	0.040635	0.005123	0.440934	0.92477	0.716042	0.212614	0.016684	0.934622	12	"Wholegenome - (CP) Mutational landscape in haemochromatosis"	"DN549935O:H7 (298287)"	43521	"4#21"	26	97.54	2.05	2.86	30.82	7.01	0.23	0.25	0.01	116.38	1.15	0.24	0.01	"Pass"	"72.8 % / 86.6 % sl"	"Accepted"	NA	"cdt"	"cdt"	"DN875988V"	"H7"	"Normal"	20	24.947	"yes"	"no"	87064	"PD51608b-B1-c3-s5-lo8"	"extra laser; 1 cut"	"23/08/2021"	"PD51608b"
"PD51608b_lo0056"	"6424STDY11162935"	3043453562	32.099386	12.400351	34	5	0.000103	0.064173	0.317724	0.000298	0.012878	0.040635	0.005123	0.440934	0.92477	0.716042	0.212614	0.016684	0.934622	12	"Wholegenome - (CP) Mutational landscape in haemochromatosis"	"DN549935O:H7 (298287)"	43563	"2#21"	26	97.22	1.89	3.67	27.93	7.05	0.01	0.05	0.04	126.07	1.42	0.16	0.02	"Pass"	"69.6 % / 87.5 % sl"	"Accepted"	NA	"cdt"	"cdt"	"DN875988V"	"H7"	"Normal"	20	24.947	"yes"	"no"	87064	"PD51608b-B1-c3-s5-lo8"	"extra laser; 1 cut"	"23/08/2021"	"PD51608b"
"PD51608b_lo0056"	"6424STDY11162935"	3043453562	32.099386	12.400351	34	5	0.000103	0.064173	0.317724	0.000298	0.012878	0.040635	0.005123	0.440934	0.92477	0.716042	0.212614	0.016684	0.934622	12	"Wholegenome - (CP) Mutational landscape in haemochromatosis"	"DN549935O:H7 (298287)"	43563	"3#21"	26	97.26	1.9	3.58	27.92	7.07	0.02	0.05	0.03	126.91	1.39	0.15	0.02	"Pass"	"69.6 % / 87.5 % sl"	"Accepted"	NA	"cdt"	"cdt"	"DN875988V"	"H7"	"Normal"	20	24.947	"yes"	"no"	87064	"PD51608b-B1-c3-s5-lo8"	"extra laser; 1 cut"	"23/08/2021"	"PD51608b"
"PD51608b_lo0058"	"6424STDY11162937"	3043453562	51.515865	18.579168	55	7	0.000269	0.066374	0.207196	0.000434	0.016728	0.046835	0.006395	0.344231	0.929251	0.908311	0.869827	0.691962	0.936495	12	"Wholegenome - (CP) Mutational landscape in haemochromatosis"	"DN549935O:B8 (298288)"	43521	"1#22"	26	97.16	2.3	3.38	40	9.97	0.3	0.33	0.03	115.78	1.14	0.16	0.01	"Pass"	"95.7 % / 89.8 % sl"	"Accepted"	NA	"cdt"	"cdt"	"DN875988V"	"B8"	"Normal"	20	61.218	"yes"	"no"	87064	"PD51608b-B1-c3-s5-lo10"	""	"23/08/2021"	"PD51608b"
"PD51608b_lo0058"	"6424STDY11162937"	3043453562	51.515865	18.579168	55	7	0.000269	0.066374	0.207196	0.000434	0.016728	0.046835	0.006395	0.344231	0.929251	0.908311	0.869827	0.691962	0.936495	12	"Wholegenome - (CP) Mutational landscape in haemochromatosis"	"DN549935O:B8 (298288)"	43521	"2#22"	26	97.28	2.2	3.24	40.97	10.12	0.4	0.43	0.03	116.56	1.16	0.17	0.01	"Pass"	"95.7 % / 89.8 % sl"	"Accepted"	NA	"cdt"	"cdt"	"DN875988V"	"B8"	"Normal"	20	61.218	"yes"	"no"	87064	"PD51608b-B1-c3-s5-lo10"	""	"23/08/2021"	"PD51608b"
"PD51608b_lo0058"	"6424STDY11162937"	3043453562	51.515865	18.579168	55	7	0.000269	0.066374	0.207196	0.000434	0.016728	0.046835	0.006395	0.344231	0.929251	0.908311	0.869827	0.691962	0.936495	12	"Wholegenome - (CP) Mutational landscape in haemochromatosis"	"DN549935O:B8 (298288)"	43521	"3#22"	26	97.42	2.12	3.04	41.86	10.68	0.37	0.39	0.03	121.38	1.13	0.15	0.01	"Pass"	"95.7 % / 94.3 % sl"	"Accepted"	NA	"cdt"	"cdt"	"DN875988V"	"B8"	"Normal"	20	61.218	"yes"	"no"	87064	"PD51608b-B1-c3-s5-lo10"	""	"23/08/2021"	"PD51608b"
"PD51608b_lo0058"	"6424STDY11162937"	3043453562	51.515865	18.579168	55	7	0.000269	0.066374	0.207196	0.000434	0.016728	0.046835	0.006395	0.344231	0.929251	0.908311	0.869827	0.691962	0.936495	12	"Wholegenome - (CP) Mutational landscape in haemochromatosis"	"DN549935O:B8 (298288)"	43521	"4#22"	26	97.4	2.13	3.07	42.16	10.71	0.41	0.45	0.03	120.71	1.15	0.15	0.01	"Pass"	"94.6 % / 93.1 % sl"	"Accepted"	NA	"cdt"	"cdt"	"DN875988V"	"B8"	"Normal"	20	61.218	"yes"	"no"	87064	"PD51608b-B1-c3-s5-lo10"	""	"23/08/2021"	"PD51608b"
"PD51608b_lo0058"	"6424STDY11162937"	3043453562	51.515865	18.579168	55	7	0.000269	0.066374	0.207196	0.000434	0.016728	0.046835	0.006395	0.344231	0.929251	0.908311	0.869827	0.691962	0.936495	12	"Wholegenome - (CP) Mutational landscape in haemochromatosis"	"DN549935O:B8 (298288)"	43563	"2#22"	26	97.06	1.98	3.89	38.95	9.98	0.15	0.2	0.06	131.17	1.39	0.14	0.02	"Pass"	"93.5 % / 89.5 % sl"	"Accepted"	NA	"cdt"	"cdt"	"DN875988V"	"B8"	"Normal"	20	61.218	"yes"	"no"	87064	"PD51608b-B1-c3-s5-lo10"	""	"23/08/2021"	"PD51608b"
"PD51608b_lo0058"	"6424STDY11162937"	3043453562	51.515865	18.579168	55	7	0.000269	0.066374	0.207196	0.000434	0.016728	0.046835	0.006395	0.344231	0.929251	0.908311	0.869827	0.691962	0.936495	12	"Wholegenome - (CP) Mutational landscape in haemochromatosis"	"DN549935O:B8 (298288)"	43563	"3#22"	26	97.11	1.99	3.79	38.96	10.02	0.16	0.2	0.04	132.15	1.36	0.14	0.02	"Pass"	"93.5 % / 89.5 % sl"	"Accepted"	NA	"cdt"	"cdt"	"DN875988V"	"B8"	"Normal"	20	61.218	"yes"	"no"	87064	"PD51608b-B1-c3-s5-lo10"	""	"23/08/2021"	"PD51608b"
"PD51608b_lo0061"	"6424STDY11162940"	3043453562	62.740341	22.01974	67	8	5.6e-05	0.065082	0.154057	0.000336	0.018222	0.051396	0.006573	0.295722	0.930083	0.915592	0.902405	0.868082	0.936907	12	"Wholegenome - (CP) Mutational landscape in haemochromatosis"	"DN549935O:E8 (298289)"	43521	"1#23"	26	97.38	2.23	3.01	45.07	11.9	0.23	0.21	0.02	114.97	1.11	0.12	0.01	"Pass"	"97.8 % / 96.7 % sl"	"Accepted"	NA	"cdt"	"cdt"	"DN875988V"	"E8"	"Normal"	20	50.996	"yes"	"no"	87064	"PD51608b-B1-c3-s5-lo13"	""	"23/08/2021"	"PD51608b"
"PD51608b_lo0061"	"6424STDY11162940"	3043453562	62.740341	22.01974	67	8	5.6e-05	0.065082	0.154057	0.000336	0.018222	0.051396	0.006573	0.295722	0.930083	0.915592	0.902405	0.868082	0.936907	12	"Wholegenome - (CP) Mutational landscape in haemochromatosis"	"DN549935O:E8 (298289)"	43521	"2#23"	26	97.5	2.13	2.86	46.08	12.04	0.32	0.3	0.02	115.65	1.13	0.13	0.01	"Pass"	"95.7 % / 94.3 % sl"	"Accepted"	NA	"cdt"	"cdt"	"DN875988V"	"E8"	"Normal"	20	50.996	"yes"	"no"	87064	"PD51608b-B1-c3-s5-lo13"	""	"23/08/2021"	"PD51608b"
"PD51608b_lo0061"	"6424STDY11162940"	3043453562	62.740341	22.01974	67	8	5.6e-05	0.065082	0.154057	0.000336	0.018222	0.051396	0.006573	0.295722	0.930083	0.915592	0.902405	0.868082	0.936907	12	"Wholegenome - (CP) Mutational landscape in haemochromatosis"	"DN549935O:E8 (298289)"	43521	"3#23"	26	97.58	2.07	2.77	47.23	12.71	0.3	0.28	0.02	120.47	1.1	0.1	0.01	"Pass"	"95.7 % / 95.5 % sl"	"Accepted"	NA	"cdt"	"cdt"	"DN875988V"	"E8"	"Normal"	20	50.996	"yes"	"no"	87064	"PD51608b-B1-c3-s5-lo13"	""	"23/08/2021"	"PD51608b"
"PD51608b_lo0061"	"6424STDY11162940"	3043453562	62.740341	22.01974	67	8	5.6e-05	0.065082	0.154057	0.000336	0.018222	0.051396	0.006573	0.295722	0.930083	0.915592	0.902405	0.868082	0.936907	12	"Wholegenome - (CP) Mutational landscape in haemochromatosis"	"DN549935O:E8 (298289)"	43521	"4#23"	26	97.58	2.08	2.76	47.5	12.74	0.34	0.32	0.02	119.81	1.12	0.11	0.01	"Pass"	"97.8 % / 97.8 % sl"	"Accepted"	NA	"cdt"	"cdt"	"DN875988V"	"E8"	"Normal"	20	50.996	"yes"	"no"	87064	"PD51608b-B1-c3-s5-lo13"	""	"23/08/2021"	"PD51608b"
"PD51608b_lo0061"	"6424STDY11162940"	3043453562	62.740341	22.01974	67	8	5.6e-05	0.065082	0.154057	0.000336	0.018222	0.051396	0.006573	0.295722	0.930083	0.915592	0.902405	0.868082	0.936907	12	"Wholegenome - (CP) Mutational landscape in haemochromatosis"	"DN549935O:E8 (298289)"	43563	"2#23"	26	97.31	1.95	3.43	44.53	11.59	0.1	0.13	0.03	129.05	1.33	0.13	0.02	"Pass"	"95.7 % / 93.2 % sl"	"Accepted"	NA	"cdt"	"cdt"	"DN875988V"	"E8"	"Normal"	20	50.996	"yes"	"no"	87064	"PD51608b-B1-c3-s5-lo13"	""	"23/08/2021"	"PD51608b"
"PD51608b_lo0061"	"6424STDY11162940"	3043453562	62.740341	22.01974	67	8	5.6e-05	0.065082	0.154057	0.000336	0.018222	0.051396	0.006573	0.295722	0.930083	0.915592	0.902405	0.868082	0.936907	12	"Wholegenome - (CP) Mutational landscape in haemochromatosis"	"DN549935O:E8 (298289)"	43563	"3#23"	26	97.35	1.96	3.34	44.64	11.66	0.12	0.13	0.01	130.09	1.3	0.13	0.01	"Pass"	"95.7 % / 93.2 % sl"	"Accepted"	NA	"cdt"	"cdt"	"DN875988V"	"E8"	"Normal"	20	50.996	"yes"	"no"	87064	"PD51608b-B1-c3-s5-lo13"	""	"23/08/2021"	"PD51608b"
"PD51608b_lo0065"	"6424STDY11162944"	3043453562	55.023015	20.784579	59	8	0.00016	0.066091	0.171086	0.000446	0.018652	0.046457	0.007077	0.309969	0.926048	0.896355	0.862035	0.760699	0.935612	12	"Wholegenome - (CP) Mutational landscape in haemochromatosis"	"DN549935O:A9 (298290)"	43521	"1#24"	26	97.12	2.29	3.46	40.26	10.43	0.68	0.73	0.06	120.64	1.17	0.13	0.01	"Pass"	"95.7 % / 96.6 % sl"	"Accepted"	NA	"cdt"	"cdt"	"DN875988V"	"A9"	"Normal"	20	80.672	"yes"	"no"	87064	"PD51608b-B1-c3-s5-lo17"	""	"23/08/2021"	"PD51608b"
"PD51608b_lo0065"	"6424STDY11162944"	3043453562	55.023015	20.784579	59	8	0.00016	0.066091	0.171086	0.000446	0.018652	0.046457	0.007077	0.309969	0.926048	0.896355	0.862035	0.760699	0.935612	12	"Wholegenome - (CP) Mutational landscape in haemochromatosis"	"DN549935O:A9 (298290)"	43521	"2#24"	26	97.26	2.17	3.31	41.36	10.6	0.78	0.85	0.07	121.67	1.21	0.14	0.01	"Pass"	"96.7 % / 97.8 % sl"	"Accepted"	NA	"cdt"	"cdt"	"DN875988V"	"A9"	"Normal"	20	80.672	"yes"	"no"	87064	"PD51608b-B1-c3-s5-lo17"	""	"23/08/2021"	"PD51608b"
"PD51608b_lo0065"	"6424STDY11162944"	3043453562	55.023015	20.784579	59	8	0.00016	0.066091	0.171086	0.000446	0.018652	0.046457	0.007077	0.309969	0.926048	0.896355	0.862035	0.760699	0.935612	12	"Wholegenome - (CP) Mutational landscape in haemochromatosis"	"DN549935O:A9 (298290)"	43521	"3#24"	26	97.38	2.1	3.14	41.95	11.1	0.75	0.8	0.05	126.79	1.17	0.12	0.01	"Pass"	"94.6 % / 98.9 % sl"	"Accepted"	NA	"cdt"	"cdt"	"DN875988V"	"A9"	"Normal"	20	80.672	"yes"	"no"	87064	"PD51608b-B1-c3-s5-lo17"	""	"23/08/2021"	"PD51608b"
"PD51608b_lo0065"	"6424STDY11162944"	3043453562	55.023015	20.784579	59	8	0.00016	0.066091	0.171086	0.000446	0.018652	0.046457	0.007077	0.309969	0.926048	0.896355	0.862035	0.760699	0.935612	12	"Wholegenome - (CP) Mutational landscape in haemochromatosis"	"DN549935O:A9 (298290)"	43521	"4#24"	26	97.37	2.1	3.15	42.23	11.13	0.79	0.85	0.06	126.11	1.19	0.12	0.01	"Pass"	"93.5 % / 96.5 % sl"	"Accepted"	NA	"cdt"	"cdt"	"DN875988V"	"A9"	"Normal"	20	80.672	"yes"	"no"	87064	"PD51608b-B1-c3-s5-lo17"	""	"23/08/2021"	"PD51608b"
"PD51608b_lo0065"	"6424STDY11162944"	3043453562	55.023015	20.784579	59	8	0.00016	0.066091	0.171086	0.000446	0.018652	0.046457	0.007077	0.309969	0.926048	0.896355	0.862035	0.760699	0.935612	12	"Wholegenome - (CP) Mutational landscape in haemochromatosis"	"DN549935O:A9 (298290)"	43563	"2#24"	26	97.07	1.95	3.91	40.42	10.41	0.59	0.67	0.09	136.69	1.44	0.14	0.02	"Pass"	"94.6 % / 96.6 % sl"	"Accepted"	NA	"cdt"	"cdt"	"DN875988V"	"A9"	"Normal"	20	80.672	"yes"	"no"	87064	"PD51608b-B1-c3-s5-lo17"	""	"23/08/2021"	"PD51608b"
"PD51608b_lo0065"	"6424STDY11162944"	3043453562	55.023015	20.784579	59	8	0.00016	0.066091	0.171086	0.000446	0.018652	0.046457	0.007077	0.309969	0.926048	0.896355	0.862035	0.760699	0.935612	12	"Wholegenome - (CP) Mutational landscape in haemochromatosis"	"DN549935O:A9 (298290)"	43563	"3#24"	26	97.12	1.95	3.8	40.43	10.45	0.61	0.68	0.07	137.87	1.41	0.14	0.02	"Pass"	"94.6 % / 96.6 % sl"	"Accepted"	NA	"cdt"	"cdt"	"DN875988V"	"A9"	"Normal"	20	80.672	"yes"	"no"	87064	"PD51608b-B1-c3-s5-lo17"	""	"23/08/2021"	"PD51608b"
"PD51608b_lo0069"	"6424STDY11162948"	3043453562	46.312009	16.905289	49	6	0.000101	0.064195	0.129701	0.000651	0.021424	0.049011	0.007045	0.27213	0.927653	0.899532	0.819397	0.486675	0.93588	12	"Wholegenome - (CP) Mutational landscape in haemochromatosis"	"DN549935O:E9 (298291)"	43521	"1#25"	26	97.01	2.25	3.72	33.22	8.91	0.33	0.44	0.1	120.43	1.23	0.1	0.02	"Pass"	"82.6 % / 90.8 % sl"	"Accepted"	NA	"cdt"	"cdt"	"DN875988V"	"E9"	"Normal"	20	45.647	"yes"	"no"	87064	"PD51608b-B1-c3-s5-lo21"	""	"23/08/2021"	"PD51608b"
"PD51608b_lo0069"	"6424STDY11162948"	3043453562	46.312009	16.905289	49	6	0.000101	0.064195	0.129701	0.000651	0.021424	0.049011	0.007045	0.27213	0.927653	0.899532	0.819397	0.486675	0.93588	12	"Wholegenome - (CP) Mutational landscape in haemochromatosis"	"DN549935O:E9 (298291)"	43521	"2#25"	26	97.14	2.15	3.57	34.61	9.18	0.43	0.55	0.12	121.27	1.26	0.11	0.01	"Pass"	"87.0 % / 92.5 % sl"	"Accepted"	NA	"cdt"	"cdt"	"DN875988V"	"E9"	"Normal"	20	45.647	"yes"	"no"	87064	"PD51608b-B1-c3-s5-lo21"	""	"23/08/2021"	"PD51608b"
"PD51608b_lo0069"	"6424STDY11162948"	3043453562	46.312009	16.905289	49	6	0.000101	0.064195	0.129701	0.000651	0.021424	0.049011	0.007045	0.27213	0.927653	0.899532	0.819397	0.486675	0.93588	12	"Wholegenome - (CP) Mutational landscape in haemochromatosis"	"DN549935O:E9 (298291)"	43521	"3#25"	26	97.27	2.08	3.37	33.64	9.19	0.41	0.51	0.1	126.79	1.22	0.09	0.01	"Pass"	"82.6 % / 89.5 % sl"	"Accepted"	NA	"cdt"	"cdt"	"DN875988V"	"E9"	"Normal"	20	45.647	"yes"	"no"	87064	"PD51608b-B1-c3-s5-lo21"	""	"23/08/2021"	"PD51608b"
"PD51608b_lo0069"	"6424STDY11162948"	3043453562	46.312009	16.905289	49	6	0.000101	0.064195	0.129701	0.000651	0.021424	0.049011	0.007045	0.27213	0.927653	0.899532	0.819397	0.486675	0.93588	12	"Wholegenome - (CP) Mutational landscape in haemochromatosis"	"DN549935O:E9 (298291)"	43521	"4#25"	26	97.26	2.09	3.39	33.97	9.25	0.45	0.56	0.11	125.96	1.24	0.09	0.01	"Pass"	"84.8 % / 91.0 % sl"	"Accepted"	NA	"cdt"	"cdt"	"DN875988V"	"E9"	"Normal"	20	45.647	"yes"	"no"	87064	"PD51608b-B1-c3-s5-lo21"	""	"23/08/2021"	"PD51608b"
"PD51608b_lo0069"	"6424STDY11162948"	3043453562	46.312009	16.905289	49	6	0.000101	0.064195	0.129701	0.000651	0.021424	0.049011	0.007045	0.27213	0.927653	0.899532	0.819397	0.486675	0.93588	12	"Wholegenome - (CP) Mutational landscape in haemochromatosis"	"DN549935O:E9 (298291)"	43563	"2#25"	26	96.72	1.94	4.62	31.02	8.16	0.23	0.4	0.17	138.26	1.54	0.12	0.03	"Pass"	"81.5 % / 93.3 % sl"	"Accepted"	NA	"cdt"	"cdt"	"DN875988V"	"E9"	"Normal"	20	45.647	"yes"	"no"	87064	"PD51608b-B1-c3-s5-lo21"	""	"23/08/2021"	"PD51608b"
"PD51608b_lo0069"	"6424STDY11162948"	3043453562	46.312009	16.905289	49	6	0.000101	0.064195	0.129701	0.000651	0.021424	0.049011	0.007045	0.27213	0.927653	0.899532	0.819397	0.486675	0.93588	12	"Wholegenome - (CP) Mutational landscape in haemochromatosis"	"DN549935O:E9 (298291)"	43563	"3#25"	26	96.8	1.94	4.47	30.92	8.17	0.25	0.39	0.14	139.46	1.51	0.11	0.03	"Pass"	"81.5 % / 93.3 % sl"	"Accepted"	NA	"cdt"	"cdt"	"DN875988V"	"E9"	"Normal"	20	45.647	"yes"	"no"	87064	"PD51608b-B1-c3-s5-lo21"	""	"23/08/2021"	"PD51608b"
"PD51608b_lo0073"	"6424STDY11162952"	3043453562	42.814337	16.424734	46	6	0.000293	0.067549	0.145248	0.000348	0.018663	0.057023	0.006758	0.295881	0.923764	0.875372	0.72963	0.336211	0.934364	12	"Wholegenome - (CP) Mutational landscape in haemochromatosis"	"DN549935O:A10 (298292)"	43521	"1#26"	26	97.29	2.29	3.14	31.52	8.31	0.39	0.49	0.1	108.13	1.11	0.12	0.01	"Pass"	"79.3 % / 90.4 % sl"	"Accepted"	NA	"cdt"	"cdt"	"DN875988V"	"A10"	"Normal"	20	67.082	"yes"	"no"	87064	"PD51608b-B1-c3-s5-lo25"	"extra laser; 1 cut"	"23/08/2021"	"PD51608b"
"PD51608b_lo0073"	"6424STDY11162952"	3043453562	42.814337	16.424734	46	6	0.000293	0.067549	0.145248	0.000348	0.018663	0.057023	0.006758	0.295881	0.923764	0.875372	0.72963	0.336211	0.934364	12	"Wholegenome - (CP) Mutational landscape in haemochromatosis"	"DN549935O:A10 (298292)"	43521	"2#26"	26	97.41	2.18	3	32.51	8.5	0.5	0.61	0.11	108.88	1.14	0.13	0.01	"Pass"	"83.7 % / 92.2 % sl"	"Accepted"	NA	"cdt"	"cdt"	"DN875988V"	"A10"	"Normal"	20	67.082	"yes"	"no"	87064	"PD51608b-B1-c3-s5-lo25"	"extra laser; 1 cut"	"23/08/2021"	"PD51608b"
"PD51608b_lo0073"	"6424STDY11162952"	3043453562	42.814337	16.424734	46	6	0.000293	0.067549	0.145248	0.000348	0.018663	0.057023	0.006758	0.295881	0.923764	0.875372	0.72963	0.336211	0.934364	12	"Wholegenome - (CP) Mutational landscape in haemochromatosis"	"DN549935O:A10 (298292)"	43521	"3#26"	26	97.54	2.11	2.82	32.8	8.82	0.45	0.53	0.08	112.4	1.09	0.1	0.01	"Pass"	"85.9 % / 91.1 % sl"	"Accepted"	NA	"cdt"	"cdt"	"DN875988V"	"A10"	"Normal"	20	67.082	"yes"	"no"	87064	"PD51608b-B1-c3-s5-lo25"	"extra laser; 1 cut"	"23/08/2021"	"PD51608b"
"PD51608b_lo0073"	"6424STDY11162952"	3043453562	42.814337	16.424734	46	6	0.000293	0.067549	0.145248	0.000348	0.018663	0.057023	0.006758	0.295881	0.923764	0.875372	0.72963	0.336211	0.934364	12	"Wholegenome - (CP) Mutational landscape in haemochromatosis"	"DN549935O:A10 (298292)"	43521	"4#26"	26	97.53	2.12	2.82	33.13	8.88	0.5	0.59	0.09	111.93	1.11	0.11	0.01	"Pass"	"83.7 % / 89.6 % sl"	"Accepted"	NA	"cdt"	"cdt"	"DN875988V"	"A10"	"Normal"	20	67.082	"yes"	"no"	87064	"PD51608b-B1-c3-s5-lo25"	"extra laser; 1 cut"	"23/08/2021"	"PD51608b"
"PD51608b_lo0073"	"6424STDY11162952"	3043453562	42.814337	16.424734	46	6	0.000293	0.067549	0.145248	0.000348	0.018663	0.057023	0.006758	0.295881	0.923764	0.875372	0.72963	0.336211	0.934364	12	"Wholegenome - (CP) Mutational landscape in haemochromatosis"	"DN549935O:A10 (298292)"	43563	"2#26"	26	97.38	1.98	3.26	29.02	7.72	0.22	0.32	0.09	121.3	1.3	0.11	0.01	"Pass"	"77.2 % / 93.0 % sl"	"Accepted"	NA	"cdt"	"cdt"	"DN875988V"	"A10"	"Normal"	20	67.082	"yes"	"no"	87064	"PD51608b-B1-c3-s5-lo25"	"extra laser; 1 cut"	"23/08/2021"	"PD51608b"
"PD51608b_lo0073"	"6424STDY11162952"	3043453562	42.814337	16.424734	46	6	0.000293	0.067549	0.145248	0.000348	0.018663	0.057023	0.006758	0.295881	0.923764	0.875372	0.72963	0.336211	0.934364	12	"Wholegenome - (CP) Mutational landscape in haemochromatosis"	"DN549935O:A10 (298292)"	43563	"3#26"	26	97.43	1.98	3.16	28.98	7.73	0.24	0.32	0.08	121.98	1.27	0.11	0.01	"Pass"	"77.2 % / 93.0 % sl"	"Accepted"	NA	"cdt"	"cdt"	"DN875988V"	"A10"	"Normal"	20	67.082	"yes"	"no"	87064	"PD51608b-B1-c3-s5-lo25"	"extra laser; 1 cut"	"23/08/2021"	"PD51608b"
"PD52285b_lo0005"	"6424STDY11162980"	3043453562	46.507647	17.560414	50	7	5.2e-05	0.066995	0.11816	0.000613	0.021926	0.054593	0.005973	0.268312	0.932578	0.86614	0.787558	0.523891	0.941121	12	"Wholegenome - (CP) Mutational landscape in haemochromatosis"	"DN537149G:E1 (298326)"	43520	"1#1"	21	96.99	2.33	3.7	39.89	10.78	0.05	0.01	0.04	118.37	1.13	0.09	0.01	"Pass"	"92.4 % / 95.3 % sl"	"Accepted"	NA	"cdt"	"cdt"	"DN875989W"	"E1"	"Normal"	20	91.472	"yes"	"yes"	87639	"PD52285b-B1-c2-s2-lo5"	""	"30/11/2021"	"PD52285b"
"PD52285b_lo0005"	"6424STDY11162980"	3043453562	46.507647	17.560414	50	7	5.2e-05	0.066995	0.11816	0.000613	0.021926	0.054593	0.005973	0.268312	0.932578	0.86614	0.787558	0.523891	0.941121	12	"Wholegenome - (CP) Mutational landscape in haemochromatosis"	"DN537149G:E1 (298326)"	43520	"2#1"	21	97.02	2.35	3.61	39.89	10.74	0.04	0.01	0.03	118.27	1.12	0.1	0.01	"Pass"	"90.2 % / 95.2 % sl"	"Accepted"	NA	"cdt"	"cdt"	"DN875989W"	"E1"	"Normal"	20	91.472	"yes"	"yes"	87639	"PD52285b-B1-c2-s2-lo5"	""	"30/11/2021"	"PD52285b"
"PD52285b_lo0005"	"6424STDY11162980"	3043453562	46.507647	17.560414	50	7	5.2e-05	0.066995	0.11816	0.000613	0.021926	0.054593	0.005973	0.268312	0.932578	0.86614	0.787558	0.523891	0.941121	12	"Wholegenome - (CP) Mutational landscape in haemochromatosis"	"DN537149G:E1 (298326)"	43520	"3#1"	21	96.58	2.44	4.39	38.45	10.3	-0.03	-0.08	0.04	117.34	1.16	0.1	0.02	"Pass"	"92.4 % / 95.3 % sl"	"Accepted"	NA	"cdt"	"cdt"	"DN875989W"	"E1"	"Normal"	20	91.472	"yes"	"yes"	87639	"PD52285b-B1-c2-s2-lo5"	""	"30/11/2021"	"PD52285b"
"PD52285b_lo0005"	"6424STDY11162980"	3043453562	46.507647	17.560414	50	7	5.2e-05	0.066995	0.11816	0.000613	0.021926	0.054593	0.005973	0.268312	0.932578	0.86614	0.787558	0.523891	0.941121	12	"Wholegenome - (CP) Mutational landscape in haemochromatosis"	"DN537149G:E1 (298326)"	43520	"4#1"	21	96.86	2.39	3.89	38.53	10.33	-0.03	-0.08	0.04	116.04	1.15	0.1	0.02	"Pass"	"92.4 % / 96.5 % sl"	"Accepted"	NA	"cdt"	"cdt"	"DN875989W"	"E1"	"Normal"	20	91.472	"yes"	"yes"	87639	"PD52285b-B1-c2-s2-lo5"	""	"30/11/2021"	"PD52285b"
"PD52285b_lo0005"	"6424STDY11162980"	3043453562	46.507647	17.560414	50	7	5.2e-05	0.066995	0.11816	0.000613	0.021926	0.054593	0.005973	0.268312	0.932578	0.86614	0.787558	0.523891	0.941121	12	"Wholegenome - (CP) Mutational landscape in haemochromatosis"	"DN537149G:E1 (298326)"	43563	"1#1"	21	97.17	1.95	3.72	40.75	10.49	0.02	0.02	0	129.25	1.4	0.14	0.02	"Pass"	"92.4 % / 96.5 % sl"	"Accepted"	NA	"cdt"	"cdt"	"DN875989W"	"E1"	"Normal"	20	91.472	"yes"	"yes"	87639	"PD52285b-B1-c2-s2-lo5"	""	"30/11/2021"	"PD52285b"
"PD52285b_lo0007"	"6424STDY11162982"	3043453562	40.296417	15.353267	43	6	6.5e-05	0.065965	0.120552	0.000599	0.021013	0.049073	0.007267	0.264534	0.93114	0.842173	0.653641	0.227413	0.94077	12	"Wholegenome - (CP) Mutational landscape in haemochromatosis"	"DN537149G:G1 (298327)"	43520	"1#2"	21	97	2.46	3.54	34.32	9.27	0.14	0.15	0.02	125.68	1.08	0.09	0.01	"Pass"	"81.5 % / 96.0 % sl"	"Accepted"	NA	"cdt"	"cdt"	"DN875989W"	"G1"	"Normal"	20	78.766	"yes"	"yes"	87639	"PD52285b-B1-c2-s2-lo7"	"rescued cut"	"30/11/2021"	"PD52285b"
"PD52285b_lo0007"	"6424STDY11162982"	3043453562	40.296417	15.353267	43	6	6.5e-05	0.065965	0.120552	0.000599	0.021013	0.049073	0.007267	0.264534	0.93114	0.842173	0.653641	0.227413	0.94077	12	"Wholegenome - (CP) Mutational landscape in haemochromatosis"	"DN537149G:G1 (298327)"	43520	"2#2"	21	97.04	2.48	3.44	34.55	9.3	0.12	0.14	0.02	125.5	1.06	0.1	0.01	"Pass"	"87.0 % / 91.2 % sl"	"Accepted"	NA	"cdt"	"cdt"	"DN875989W"	"G1"	"Normal"	20	78.766	"yes"	"yes"	87639	"PD52285b-B1-c2-s2-lo7"	"rescued cut"	"30/11/2021"	"PD52285b"
"PD52285b_lo0007"	"6424STDY11162982"	3043453562	40.296417	15.353267	43	6	6.5e-05	0.065965	0.120552	0.000599	0.021013	0.049073	0.007267	0.264534	0.93114	0.842173	0.653641	0.227413	0.94077	12	"Wholegenome - (CP) Mutational landscape in haemochromatosis"	"DN537149G:G1 (298327)"	43520	"3#2"	21	96.66	2.61	4.07	33.12	8.87	0.04	0.06	0.02	124.4	1.09	0.1	0.02	"Pass"	"84.8 % / 96.2 % sl"	"Accepted"	NA	"cdt"	"cdt"	"DN875989W"	"G1"	"Normal"	20	78.766	"yes"	"yes"	87639	"PD52285b-B1-c2-s2-lo7"	"rescued cut"	"30/11/2021"	"PD52285b"
"PD52285b_lo0007"	"6424STDY11162982"	3043453562	40.296417	15.353267	43	6	6.5e-05	0.065965	0.120552	0.000599	0.021013	0.049073	0.007267	0.264534	0.93114	0.842173	0.653641	0.227413	0.94077	12	"Wholegenome - (CP) Mutational landscape in haemochromatosis"	"DN537149G:G1 (298327)"	43520	"4#2"	21	96.92	2.55	3.6	33.24	8.91	0.03	0.05	0.02	122.84	1.07	0.1	0.01	"Pass"	"84.8 % / 88.5 % sl"	"Accepted"	NA	"cdt"	"cdt"	"DN875989W"	"G1"	"Normal"	20	78.766	"yes"	"yes"	87639	"PD52285b-B1-c2-s2-lo7"	"rescued cut"	"30/11/2021"	"PD52285b"
"PD52285b_lo0007"	"6424STDY11162982"	3043453562	40.296417	15.353267	43	6	6.5e-05	0.065965	0.120552	0.000599	0.021013	0.049073	0.007267	0.264534	0.93114	0.842173	0.653641	0.227413	0.94077	12	"Wholegenome - (CP) Mutational landscape in haemochromatosis"	"DN537149G:G1 (298327)"	43563	"1#2"	21	97.3	1.99	3.41	34.85	9.04	0.1	0.14	0.05	138.93	1.3	0.13	0.01	"Pass"	"84.8 % / 88.5 % sl"	"Accepted"	NA	"cdt"	"cdt"	"DN875989W"	"G1"	"Normal"	20	78.766	"yes"	"yes"	87639	"PD52285b-B1-c2-s2-lo7"	"rescued cut"	"30/11/2021"	"PD52285b"
"PD52285b_lo0012"	"6424STDY11162987"	3043453562	33.522406	13.376743	36	6	4.5e-05	0.066833	0.178183	0.000555	0.019226	0.046682	0.006116	0.31764	0.927681	0.741112	0.320383	0.04128	0.939422	12	"Wholegenome - (CP) Mutational landscape in haemochromatosis"	"DN537149G:D2 (298328)"	43520	"1#3"	21	96.99	2.45	3.58	30.93	7.88	-0.01	0	0.01	113.26	1.08	0.14	0.01	"Pass"	"67.4 % / 95.2 % sl"	"Accepted"	NA	"cdt"	"cdt"	"DN875989W"	"D2"	"Normal"	20	38.386	"yes"	"no"	87639	"PD52285b-B1-c2-s2-lo12"	""	"30/11/2021"	"PD52285b"
"PD52285b_lo0012"	"6424STDY11162987"	3043453562	33.522406	13.376743	36	6	4.5e-05	0.066833	0.178183	0.000555	0.019226	0.046682	0.006116	0.31764	0.927681	0.741112	0.320383	0.04128	0.939422	12	"Wholegenome - (CP) Mutational landscape in haemochromatosis"	"DN537149G:D2 (298328)"	43520	"2#3"	21	97.04	2.47	3.46	31.08	7.89	-0.02	0	0.02	113.09	1.06	0.15	0.01	"Pass"	"76.1 % / 88.6 % sl"	"Accepted"	NA	"cdt"	"cdt"	"DN875989W"	"D2"	"Normal"	20	38.386	"yes"	"no"	87639	"PD52285b-B1-c2-s2-lo12"	""	"30/11/2021"	"PD52285b"
"PD52285b_lo0012"	"6424STDY11162987"	3043453562	33.522406	13.376743	36	6	4.5e-05	0.066833	0.178183	0.000555	0.019226	0.046682	0.006116	0.31764	0.927681	0.741112	0.320383	0.04128	0.939422	12	"Wholegenome - (CP) Mutational landscape in haemochromatosis"	"DN537149G:D2 (298328)"	43520	"3#3"	21	96.61	2.6	4.18	29.84	7.5	-0.1	-0.08	0.02	112.3	1.1	0.15	0.02	"Pass"	"78.3 % / 93.1 % sl"	"Accepted"	NA	"cdt"	"cdt"	"DN875989W"	"D2"	"Normal"	20	38.386	"yes"	"no"	87639	"PD52285b-B1-c2-s2-lo12"	""	"30/11/2021"	"PD52285b"
"PD52285b_lo0012"	"6424STDY11162987"	3043453562	33.522406	13.376743	36	6	4.5e-05	0.066833	0.178183	0.000555	0.019226	0.046682	0.006116	0.31764	0.927681	0.741112	0.320383	0.04128	0.939422	12	"Wholegenome - (CP) Mutational landscape in haemochromatosis"	"DN537149G:D2 (298328)"	43520	"4#3"	21	96.9	2.54	3.67	29.92	7.54	-0.1	-0.09	0.01	111.1	1.08	0.15	0.01	"Pass"	"75.0 % / 95.7 % sl"	"Accepted"	NA	"cdt"	"cdt"	"DN875989W"	"D2"	"Normal"	20	38.386	"yes"	"no"	87639	"PD52285b-B1-c2-s2-lo12"	""	"30/11/2021"	"PD52285b"
"PD52285b_lo0012"	"6424STDY11162987"	3043453562	33.522406	13.376743	36	6	4.5e-05	0.066833	0.178183	0.000555	0.019226	0.046682	0.006116	0.31764	0.927681	0.741112	0.320383	0.04128	0.939422	12	"Wholegenome - (CP) Mutational landscape in haemochromatosis"	"DN537149G:D2 (298328)"	43563	"1#3"	21	97.29	1.99	3.43	30.44	7.8	-0.05	0.01	0.06	123.03	1.3	0.14	0.01	"Pass"	"75.0 % / 95.7 % sl"	"Accepted"	NA	"cdt"	"cdt"	"DN875989W"	"D2"	"Normal"	20	38.386	"yes"	"no"	87639	"PD52285b-B1-c2-s2-lo12"	""	"30/11/2021"	"PD52285b"
"PD52285b_lo0015"	"6424STDY11162990"	3043453562	47.792285	17.74724	52	7	5.8e-05	0.066322	0.11643	0.000914	0.024556	0.050943	0.007138	0.266361	0.932778	0.872825	0.812575	0.579526	0.941291	12	"Wholegenome - (CP) Mutational landscape in haemochromatosis"	"DN537149G:G2 (298329)"	43520	"1#4"	21	96.52	2.43	4.53	41.33	11.12	0.09	0.13	0.04	121.1	1.23	0.09	0.02	"Pass"	"98.9 % / 95.6 % sl"	"Accepted"	NA	"cdt"	"cdt"	"DN875989W"	"G2"	"Normal"	20	88.018	"yes"	"no"	87639	"PD52285b-B1-c2-s2-lo15"	"1 cut"	"30/11/2021"	"PD52285b"
"PD52285b_lo0015"	"6424STDY11162990"	3043453562	47.792285	17.74724	52	7	5.8e-05	0.066322	0.11643	0.000914	0.024556	0.050943	0.007138	0.266361	0.932778	0.872825	0.812575	0.579526	0.941291	12	"Wholegenome - (CP) Mutational landscape in haemochromatosis"	"DN537149G:G2 (298329)"	43520	"2#4"	21	96.56	2.45	4.42	41.65	11.17	0.08	0.14	0.06	121.01	1.22	0.1	0.02	"Pass"	"95.7 % / 96.6 % sl"	"Accepted"	NA	"cdt"	"cdt"	"DN875989W"	"G2"	"Normal"	20	88.018	"yes"	"no"	87639	"PD52285b-B1-c2-s2-lo15"	"1 cut"	"30/11/2021"	"PD52285b"
"PD52285b_lo0015"	"6424STDY11162990"	3043453562	47.792285	17.74724	52	7	5.8e-05	0.066322	0.11643	0.000914	0.024556	0.050943	0.007138	0.266361	0.932778	0.872825	0.812575	0.579526	0.941291	12	"Wholegenome - (CP) Mutational landscape in haemochromatosis"	"DN537149G:G2 (298329)"	43520	"3#4"	21	95.96	2.55	5.52	39.87	10.6	0	0.05	0.05	119.89	1.27	0.1	0.03	"Pass"	"97.8 % / 98.9 % sl"	"Accepted"	NA	"cdt"	"cdt"	"DN875989W"	"G2"	"Normal"	20	88.018	"yes"	"no"	87639	"PD52285b-B1-c2-s2-lo15"	"1 cut"	"30/11/2021"	"PD52285b"
"PD52285b_lo0015"	"6424STDY11162990"	3043453562	47.792285	17.74724	52	7	5.8e-05	0.066322	0.11643	0.000914	0.024556	0.050943	0.007138	0.266361	0.932778	0.872825	0.812575	0.579526	0.941291	12	"Wholegenome - (CP) Mutational landscape in haemochromatosis"	"DN537149G:G2 (298329)"	43520	"4#4"	21	96.32	2.5	4.86	40.05	10.67	0	0.05	0.05	118.58	1.26	0.1	0.02	"Pass"	"96.7 % / 95.5 % sl"	"Accepted"	NA	"cdt"	"cdt"	"DN875989W"	"G2"	"Normal"	20	88.018	"yes"	"no"	87639	"PD52285b-B1-c2-s2-lo15"	"1 cut"	"30/11/2021"	"PD52285b"
"PD52285b_lo0015"	"6424STDY11162990"	3043453562	47.792285	17.74724	52	7	5.8e-05	0.066322	0.11643	0.000914	0.024556	0.050943	0.007138	0.266361	0.932778	0.872825	0.812575	0.579526	0.941291	12	"Wholegenome - (CP) Mutational landscape in haemochromatosis"	"DN537149G:G2 (298329)"	43563	"1#4"	21	96.62	2	4.77	40.35	10.55	0.05	0.17	0.13	132.78	1.59	0.12	0.03	"Pass"	"96.7 % / 95.5 % sl"	"Accepted"	NA	"cdt"	"cdt"	"DN875989W"	"G2"	"Normal"	20	88.018	"yes"	"no"	87639	"PD52285b-B1-c2-s2-lo15"	"1 cut"	"30/11/2021"	"PD52285b"
"PD52285b_lo0019"	"6424STDY11162994"	3043453562	34.179303	13.648878	36	6	5e-05	0.067083	0.150101	0.000517	0.020564	0.05446	0.005337	0.298112	0.927875	0.7547	0.356398	0.053454	0.939422	12	"Wholegenome - (CP) Mutational landscape in haemochromatosis"	"DN537149G:C3 (298330)"	43520	"1#5"	21	97.06	2.32	3.56	30.53	8.01	-0.02	-0.02	0.01	110.39	1.12	0.12	0.01	"Pass"	"82.6 % / 94.7 % sl"	"Accepted"	NA	"cdt"	"cdt"	"DN875989W"	"C3"	"Normal"	20	45.973	"yes"	"no"	87639	"PD52285b-B1-c2-s2-lo19"	"wrong z stack (lo19+20)"	"30/11/2021"	"PD52285b"
"PD52285b_lo0019"	"6424STDY11162994"	3043453562	34.179303	13.648878	36	6	5e-05	0.067083	0.150101	0.000517	0.020564	0.05446	0.005337	0.298112	0.927875	0.7547	0.356398	0.053454	0.939422	12	"Wholegenome - (CP) Mutational landscape in haemochromatosis"	"DN537149G:C3 (298330)"	43520	"2#5"	21	97.1	2.35	3.45	30.66	8.02	-0.03	-0.02	0.01	110.36	1.1	0.12	0.01	"Pass"	"82.6 % / 93.4 % sl"	"Accepted"	NA	"cdt"	"cdt"	"DN875989W"	"C3"	"Normal"	20	45.973	"yes"	"no"	87639	"PD52285b-B1-c2-s2-lo19"	"wrong z stack (lo19+20)"	"30/11/2021"	"PD52285b"
"PD52285b_lo0019"	"6424STDY11162994"	3043453562	34.179303	13.648878	36	6	5e-05	0.067083	0.150101	0.000517	0.020564	0.05446	0.005337	0.298112	0.927875	0.7547	0.356398	0.053454	0.939422	12	"Wholegenome - (CP) Mutational landscape in haemochromatosis"	"DN537149G:C3 (298330)"	43520	"3#5"	21	96.68	2.44	4.2	29.4	7.62	-0.12	-0.11	0.01	109.55	1.15	0.13	0.02	"Pass"	"78.3 % / 90.3 % sl"	"Accepted"	NA	"cdt"	"cdt"	"DN875989W"	"C3"	"Normal"	20	45.973	"yes"	"no"	87639	"PD52285b-B1-c2-s2-lo19"	"wrong z stack (lo19+20)"	"30/11/2021"	"PD52285b"
"PD52285b_lo0019"	"6424STDY11162994"	3043453562	34.179303	13.648878	36	6	5e-05	0.067083	0.150101	0.000517	0.020564	0.05446	0.005337	0.298112	0.927875	0.7547	0.356398	0.053454	0.939422	12	"Wholegenome - (CP) Mutational landscape in haemochromatosis"	"DN537149G:C3 (298330)"	43520	"4#5"	21	96.96	2.39	3.69	29.51	7.67	-0.11	-0.11	0	108.47	1.13	0.13	0.01	"Pass"	"85.9 % / 93.7 % sl"	"Accepted"	NA	"cdt"	"cdt"	"DN875989W"	"C3"	"Normal"	20	45.973	"yes"	"no"	87639	"PD52285b-B1-c2-s2-lo19"	"wrong z stack (lo19+20)"	"30/11/2021"	"PD52285b"
"PD52285b_lo0019"	"6424STDY11162994"	3043453562	34.179303	13.648878	36	6	5e-05	0.067083	0.150101	0.000517	0.020564	0.05446	0.005337	0.298112	0.927875	0.7547	0.356398	0.053454	0.939422	12	"Wholegenome - (CP) Mutational landscape in haemochromatosis"	"DN537149G:C3 (298330)"	43563	"1#5"	21	97.34	1.94	3.38	30.82	8.01	-0.08	-0.03	0.04	120.15	1.35	0.13	0.01	"Pass"	"85.9 % / 93.7 % sl"	"Accepted"	NA	"cdt"	"cdt"	"DN875989W"	"C3"	"Normal"	20	45.973	"yes"	"no"	87639	"PD52285b-B1-c2-s2-lo19"	"wrong z stack (lo19+20)"	"30/11/2021"	"PD52285b"
"PD52285b_lo0021"	"6424STDY11162996"	3043453562	32.268243	13.006786	34	6	5e-05	0.067017	0.291918	0.00033	0.014641	0.044161	0.006414	0.424531	0.926636	0.702815	0.256499	0.027123	0.939124	12	"Wholegenome - (CP) Mutational landscape in haemochromatosis"	"DN537149G:E3 (298331)"	43520	"1#6"	21	97.14	2.37	3.36	34.95	7.87	0.05	0.07	0.02	108.9	1.08	0.25	0.01	"Pass"	"85.9 % / 91.1 % sl"	"Accepted"	NA	"cdt"	"cdt"	"DN875989W"	"E3"	"Normal"	20	23.17	"yes"	"no"	87639	"PD52285b-B1-c2-s2-lo21"	"z stack s2 and s4 (s3 damaged)"	"30/11/2021"	"PD52285b"
"PD52285b_lo0021"	"6424STDY11162996"	3043453562	32.268243	13.006786	34	6	5e-05	0.067017	0.291918	0.00033	0.014641	0.044161	0.006414	0.424531	0.926636	0.702815	0.256499	0.027123	0.939124	12	"Wholegenome - (CP) Mutational landscape in haemochromatosis"	"DN537149G:E3 (298331)"	43520	"2#6"	21	97.18	2.39	3.26	35.09	7.86	0.04	0.07	0.03	108.9	1.07	0.25	0.01	"Pass"	"80.4 % / 93.2 % sl"	"Accepted"	NA	"cdt"	"cdt"	"DN875989W"	"E3"	"Normal"	20	23.17	"yes"	"no"	87639	"PD52285b-B1-c2-s2-lo21"	"z stack s2 and s4 (s3 damaged)"	"30/11/2021"	"PD52285b"
"PD52285b_lo0021"	"6424STDY11162996"	3043453562	32.268243	13.006786	34	6	5e-05	0.067017	0.291918	0.00033	0.014641	0.044161	0.006414	0.424531	0.926636	0.702815	0.256499	0.027123	0.939124	12	"Wholegenome - (CP) Mutational landscape in haemochromatosis"	"DN537149G:E3 (298331)"	43520	"3#6"	21	96.78	2.51	3.94	33.66	7.38	-0.04	-0.02	0.02	108.15	1.11	0.26	0.01	"Pass"	"80.4 % / 91.9 % sl"	"Accepted"	NA	"cdt"	"cdt"	"DN875989W"	"E3"	"Normal"	20	23.17	"yes"	"no"	87639	"PD52285b-B1-c2-s2-lo21"	"z stack s2 and s4 (s3 damaged)"	"30/11/2021"	"PD52285b"
"PD52285b_lo0021"	"6424STDY11162996"	3043453562	32.268243	13.006786	34	6	5e-05	0.067017	0.291918	0.00033	0.014641	0.044161	0.006414	0.424531	0.926636	0.702815	0.256499	0.027123	0.939124	12	"Wholegenome - (CP) Mutational landscape in haemochromatosis"	"DN537149G:E3 (298331)"	43520	"4#6"	21	97.05	2.44	3.46	33.85	7.46	-0.04	-0.02	0.02	107.19	1.09	0.26	0.01	"Pass"	"84.8 % / 88.5 % sl"	"Accepted"	NA	"cdt"	"cdt"	"DN875989W"	"E3"	"Normal"	20	23.17	"yes"	"no"	87639	"PD52285b-B1-c2-s2-lo21"	"z stack s2 and s4 (s3 damaged)"	"30/11/2021"	"PD52285b"
"PD52285b_lo0021"	"6424STDY11162996"	3043453562	32.268243	13.006786	34	6	5e-05	0.067017	0.291918	0.00033	0.014641	0.044161	0.006414	0.424531	0.926636	0.702815	0.256499	0.027123	0.939124	12	"Wholegenome - (CP) Mutational landscape in haemochromatosis"	"DN537149G:E3 (298331)"	43563	"1#6"	21	97.42	1.96	3.21	35.43	8.78	0.02	0.07	0.05	118.24	1.29	0.17	0.01	"Pass"	"84.8 % / 88.5 % sl"	"Accepted"	NA	"cdt"	"cdt"	"DN875989W"	"E3"	"Normal"	20	23.17	"yes"	"no"	87639	"PD52285b-B1-c2-s2-lo21"	"z stack s2 and s4 (s3 damaged)"	"30/11/2021"	"PD52285b"
"PD52285b_lo0027"	"6424STDY11163002"	3043453562	33.473077	13.592896	36	6	6.2e-05	0.065962	0.326166	0.000417	0.014177	0.04073	0.00481	0.452324	0.927888	0.729543	0.320358	0.048205	0.939677	12	"Wholegenome - (CP) Mutational landscape in haemochromatosis"	"DN537149G:C4 (298332)"	43520	"1#7"	21	96.88	2.34	3.89	38.08	8.2	0.15	0.16	0.01	112.77	1.16	0.28	0.02	"Pass"	"84.8 % / 91.0 % sl"	"Accepted"	NA	"cdt"	"cdt"	"DN875989W"	"C4"	"Normal"	20	22.633	"yes"	"yes"	87639	"PD52285b-B1-c2-s2-lo27"	"1 cut"	"30/11/2021"	"PD52285b"
"PD52285b_lo0027"	"6424STDY11163002"	3043453562	33.473077	13.592896	36	6	6.2e-05	0.065962	0.326166	0.000417	0.014177	0.04073	0.00481	0.452324	0.927888	0.729543	0.320358	0.048205	0.939677	12	"Wholegenome - (CP) Mutational landscape in haemochromatosis"	"DN537149G:C4 (298332)"	43520	"2#7"	21	96.93	2.36	3.78	38.31	8.19	0.14	0.16	0.01	112.6	1.14	0.28	0.01	"Pass"	"82.6 % / 93.4 % sl"	"Accepted"	NA	"cdt"	"cdt"	"DN875989W"	"C4"	"Normal"	20	22.633	"yes"	"yes"	87639	"PD52285b-B1-c2-s2-lo27"	"1 cut"	"30/11/2021"	"PD52285b"
"PD52285b_lo0027"	"6424STDY11163002"	3043453562	33.473077	13.592896	36	6	6.2e-05	0.065962	0.326166	0.000417	0.014177	0.04073	0.00481	0.452324	0.927888	0.729543	0.320358	0.048205	0.939677	12	"Wholegenome - (CP) Mutational landscape in haemochromatosis"	"DN537149G:C4 (298332)"	43520	"3#7"	21	96.43	2.47	4.68	36.97	7.7	0.06	0.06	0.01	111.75	1.19	0.3	0.02	"Pass"	"76.1 % / 97.1 % sl"	"Accepted"	NA	"cdt"	"cdt"	"DN875989W"	"C4"	"Normal"	20	22.633	"yes"	"yes"	87639	"PD52285b-B1-c2-s2-lo27"	"1 cut"	"30/11/2021"	"PD52285b"
"PD52285b_lo0027"	"6424STDY11163002"	3043453562	33.473077	13.592896	36	6	6.2e-05	0.065962	0.326166	0.000417	0.014177	0.04073	0.00481	0.452324	0.927888	0.729543	0.320358	0.048205	0.939677	12	"Wholegenome - (CP) Mutational landscape in haemochromatosis"	"DN537149G:C4 (298332)"	43520	"4#7"	21	96.74	2.41	4.12	37.18	7.78	0.05	0.06	0.01	110.56	1.18	0.3	0.02	"Pass"	"83.7 % / 87.0 % sl"	"Accepted"	NA	"cdt"	"cdt"	"DN875989W"	"C4"	"Normal"	20	22.633	"yes"	"yes"	87639	"PD52285b-B1-c2-s2-lo27"	"1 cut"	"30/11/2021"	"PD52285b"
"PD52285b_lo0027"	"6424STDY11163002"	3043453562	33.473077	13.592896	36	6	6.2e-05	0.065962	0.326166	0.000417	0.014177	0.04073	0.00481	0.452324	0.927888	0.729543	0.320358	0.048205	0.939677	12	"Wholegenome - (CP) Mutational landscape in haemochromatosis"	"DN537149G:C4 (298332)"	43563	"1#7"	21	97.15	1.92	3.78	38.29	9.21	0.12	0.17	0.06	122.34	1.44	0.2	0.02	"Pass"	"83.7 % / 87.0 % sl"	"Accepted"	NA	"cdt"	"cdt"	"DN875989W"	"C4"	"Normal"	20	22.633	"yes"	"yes"	87639	"PD52285b-B1-c2-s2-lo27"	"1 cut"	"30/11/2021"	"PD52285b"
"PD52285b_lo0029"	"6424STDY11163004"	3043453562	25.132886	10.894365	27	5	6.1e-05	0.066914	0.387753	0.000264	0.010798	0.038359	0.005076	0.509226	0.916039	0.344874	0.03621	0.00367	0.937094	12	"Wholegenome - (CP) Mutational landscape in haemochromatosis"	"DN537149G:E4 (298333)"	43520	"1#8"	21	97.08	2.42	3.42	31.99	6.33	-0.07	-0.08	0	109.35	1.08	0.34	0.01	"Pass"	"67.4 % / 91.9 % sl"	"Accepted"	NA	"cdt"	"cdt"	"DN875989W"	"E4"	"Normal"	20	13.401	"yes"	"no"	87639	"PD52285b-B1-c2-s2-lo29"	""	"30/11/2021"	"PD52285b"
"PD52285b_lo0029"	"6424STDY11163004"	3043453562	25.132886	10.894365	27	5	6.1e-05	0.066914	0.387753	0.000264	0.010798	0.038359	0.005076	0.509226	0.916039	0.344874	0.03621	0.00367	0.937094	12	"Wholegenome - (CP) Mutational landscape in haemochromatosis"	"DN537149G:E4 (298333)"	43520	"2#8"	21	97.12	2.45	3.32	31.95	6.28	-0.08	-0.08	0.01	109.38	1.06	0.34	0.01	"Pass"	"72.8 % / 91.0 % sl"	"Accepted"	NA	"cdt"	"cdt"	"DN875989W"	"E4"	"Normal"	20	13.401	"yes"	"no"	87639	"PD52285b-B1-c2-s2-lo29"	""	"30/11/2021"	"PD52285b"
"PD52285b_lo0029"	"6424STDY11163004"	3043453562	25.132886	10.894365	27	5	6.1e-05	0.066914	0.387753	0.000264	0.010798	0.038359	0.005076	0.509226	0.916039	0.344874	0.03621	0.00367	0.937094	12	"Wholegenome - (CP) Mutational landscape in haemochromatosis"	"DN537149G:E4 (298333)"	43520	"3#8"	21	96.73	2.56	3.98	30.81	5.88	-0.16	-0.16	0	108.61	1.09	0.36	0.01	"Pass"	"60.9 % / 92.9 % sl"	"Accepted"	NA	"cdt"	"cdt"	"DN875989W"	"E4"	"Normal"	20	13.401	"yes"	"no"	87639	"PD52285b-B1-c2-s2-lo29"	""	"30/11/2021"	"PD52285b"
"PD52285b_lo0029"	"6424STDY11163004"	3043453562	25.132886	10.894365	27	5	6.1e-05	0.066914	0.387753	0.000264	0.010798	0.038359	0.005076	0.509226	0.916039	0.344874	0.03621	0.00367	0.937094	12	"Wholegenome - (CP) Mutational landscape in haemochromatosis"	"DN537149G:E4 (298333)"	43520	"4#8"	21	97	2.5	3.5	30.8	5.91	-0.16	-0.16	0	107.7	1.08	0.36	0.01	"Pass"	"65.2 % / 88.3 % sl"	"Accepted"	NA	"cdt"	"cdt"	"DN875989W"	"E4"	"Normal"	20	13.401	"yes"	"no"	87639	"PD52285b-B1-c2-s2-lo29"	""	"30/11/2021"	"PD52285b"
"PD52285b_lo0029"	"6424STDY11163004"	3043453562	25.132886	10.894365	27	5	6.1e-05	0.066914	0.387753	0.000264	0.010798	0.038359	0.005076	0.509226	0.916039	0.344874	0.03621	0.00367	0.937094	12	"Wholegenome - (CP) Mutational landscape in haemochromatosis"	"DN537149G:E4 (298333)"	43563	"1#8"	21	97.39	2	3.21	32.17	7.64	-0.11	-0.08	0.02	118.22	1.28	0.21	0.01	"Pass"	"65.2 % / 88.3 % sl"	"Accepted"	NA	"cdt"	"cdt"	"DN875989W"	"E4"	"Normal"	20	13.401	"yes"	"no"	87639	"PD52285b-B1-c2-s2-lo29"	""	"30/11/2021"	"PD52285b"
"PD52285b_lo0031"	"6424STDY11163006"	3043453562	33.063281	13.15732	35	6	4e-05	0.066115	0.224702	0.000452	0.017685	0.040679	0.006259	0.355933	0.928576	0.726185	0.295781	0.034752	0.939803	12	"Wholegenome - (CP) Mutational landscape in haemochromatosis"	"DN537149G:G4 (298334)"	43520	"1#9"	21	97.02	2.38	3.57	31.93	7.78	-0.15	-0.15	0	115.41	1.11	0.18	0.01	"Pass"	"84.8 % / 91.0 % sl"	"Accepted"	NA	"cdt"	"cdt"	"DN875989W"	"G4"	"Normal"	20	30.958	"yes"	"yes"	87639	"PD52285b-B1-c2-s2-lo31"	"1 cut"	"30/11/2021"	"PD52285b"
"PD52285b_lo0031"	"6424STDY11163006"	3043453562	33.063281	13.15732	35	6	4e-05	0.066115	0.224702	0.000452	0.017685	0.040679	0.006259	0.355933	0.928576	0.726185	0.295781	0.034752	0.939803	12	"Wholegenome - (CP) Mutational landscape in haemochromatosis"	"DN537149G:G4 (298334)"	43520	"2#9"	21	97.06	2.41	3.48	32.11	7.79	-0.16	-0.15	0.01	115.37	1.09	0.19	0.01	"Pass"	"82.6 % / 94.7 % sl"	"Accepted"	NA	"cdt"	"cdt"	"DN875989W"	"G4"	"Normal"	20	30.958	"yes"	"yes"	87639	"PD52285b-B1-c2-s2-lo31"	"1 cut"	"30/11/2021"	"PD52285b"
"PD52285b_lo0031"	"6424STDY11163006"	3043453562	33.063281	13.15732	35	6	4e-05	0.066115	0.224702	0.000452	0.017685	0.040679	0.006259	0.355933	0.928576	0.726185	0.295781	0.034752	0.939803	12	"Wholegenome - (CP) Mutational landscape in haemochromatosis"	"DN537149G:G4 (298334)"	43520	"3#9"	21	96.65	2.51	4.19	30.77	7.35	-0.25	-0.24	0.01	114.36	1.14	0.2	0.02	"Pass"	"79.3 % / 95.9 % sl"	"Accepted"	NA	"cdt"	"cdt"	"DN875989W"	"G4"	"Normal"	20	30.958	"yes"	"yes"	87639	"PD52285b-B1-c2-s2-lo31"	"1 cut"	"30/11/2021"	"PD52285b"
"PD52285b_lo0031"	"6424STDY11163006"	3043453562	33.063281	13.15732	35	6	4e-05	0.066115	0.224702	0.000452	0.017685	0.040679	0.006259	0.355933	0.928576	0.726185	0.295781	0.034752	0.939803	12	"Wholegenome - (CP) Mutational landscape in haemochromatosis"	"DN537149G:G4 (298334)"	43520	"4#9"	21	96.9	2.46	3.73	30.88	7.4	-0.25	-0.24	0.01	113.23	1.12	0.2	0.01	"Pass"	"82.6 % / 92.1 % sl"	"Accepted"	NA	"cdt"	"cdt"	"DN875989W"	"G4"	"Normal"	20	30.958	"yes"	"yes"	87639	"PD52285b-B1-c2-s2-lo31"	"1 cut"	"30/11/2021"	"PD52285b"
"PD52285b_lo0031"	"6424STDY11163006"	3043453562	33.063281	13.15732	35	6	4e-05	0.066115	0.224702	0.000452	0.017685	0.040679	0.006259	0.355933	0.928576	0.726185	0.295781	0.034752	0.939803	12	"Wholegenome - (CP) Mutational landscape in haemochromatosis"	"DN537149G:G4 (298334)"	43563	"1#9"	21	97.29	1.95	3.47	33.05	8.33	-0.19	-0.14	0.04	126.01	1.35	0.16	0.02	"Pass"	"82.6 % / 92.1 % sl"	"Accepted"	NA	"cdt"	"cdt"	"DN875989W"	"G4"	"Normal"	20	30.958	"yes"	"yes"	87639	"PD52285b-B1-c2-s2-lo31"	"1 cut"	"30/11/2021"	"PD52285b"
"PD52285b_lo0040"	"6424STDY11163015"	3043453562	46.539321	17.479446	50	7	3.9e-05	0.067848	0.180567	0.000591	0.02045	0.052662	0.00606	0.328216	0.932503	0.868732	0.794742	0.522552	0.940932	12	"Wholegenome - (CP) Mutational landscape in haemochromatosis"	"DN537149G:H5 (298335)"	43520	"1#10"	21	96.83	2.51	3.84	43.22	10.98	-0.17	-0.13	0.04	109.68	1.13	0.15	0.01	"Pass"	"95.7 % / 93.2 % sl"	"Accepted"	NA	"cdt"	"cdt"	"DN875989W"	"H5"	"Normal"	20	53.689	"yes"	"no"	87639	"PD52285b-B1-c3-s5-lo40"	""	"30/11/2021"	"PD52285b"
"PD52285b_lo0040"	"6424STDY11163015"	3043453562	46.539321	17.479446	50	7	3.9e-05	0.067848	0.180567	0.000591	0.02045	0.052662	0.00606	0.328216	0.932503	0.868732	0.794742	0.522552	0.940932	12	"Wholegenome - (CP) Mutational landscape in haemochromatosis"	"DN537149G:H5 (298335)"	43520	"2#10"	21	96.87	2.53	3.72	43.44	10.99	-0.18	-0.13	0.05	109.65	1.12	0.15	0.01	"Pass"	"97.8 % / 91.1 % sl"	"Accepted"	NA	"cdt"	"cdt"	"DN875989W"	"H5"	"Normal"	20	53.689	"yes"	"no"	87639	"PD52285b-B1-c3-s5-lo40"	""	"30/11/2021"	"PD52285b"
"PD52285b_lo0040"	"6424STDY11163015"	3043453562	46.539321	17.479446	50	7	3.9e-05	0.067848	0.180567	0.000591	0.02045	0.052662	0.00606	0.328216	0.932503	0.868732	0.794742	0.522552	0.940932	12	"Wholegenome - (CP) Mutational landscape in haemochromatosis"	"DN537149G:H5 (298335)"	43520	"3#10"	21	96.35	2.66	4.64	41.91	10.48	-0.26	-0.21	0.05	108.85	1.17	0.15	0.02	"Pass"	"95.7 % / 93.2 % sl"	"Accepted"	NA	"cdt"	"cdt"	"DN875989W"	"H5"	"Normal"	20	53.689	"yes"	"no"	87639	"PD52285b-B1-c3-s5-lo40"	""	"30/11/2021"	"PD52285b"
"PD52285b_lo0040"	"6424STDY11163015"	3043453562	46.539321	17.479446	50	7	3.9e-05	0.067848	0.180567	0.000591	0.02045	0.052662	0.00606	0.328216	0.932503	0.868732	0.794742	0.522552	0.940932	12	"Wholegenome - (CP) Mutational landscape in haemochromatosis"	"DN537149G:H5 (298335)"	43520	"4#10"	21	96.68	2.6	4.05	42.17	10.57	-0.26	-0.22	0.04	107.75	1.16	0.16	0.02	"Pass"	"93.5 % / 94.2 % sl"	"Accepted"	NA	"cdt"	"cdt"	"DN875989W"	"H5"	"Normal"	20	53.689	"yes"	"no"	87639	"PD52285b-B1-c3-s5-lo40"	""	"30/11/2021"	"PD52285b"
"PD52285b_lo0040"	"6424STDY11163015"	3043453562	46.539321	17.479446	50	7	3.9e-05	0.067848	0.180567	0.000591	0.02045	0.052662	0.00606	0.328216	0.932503	0.868732	0.794742	0.522552	0.940932	12	"Wholegenome - (CP) Mutational landscape in haemochromatosis"	"DN537149G:H5 (298335)"	43563	"1#10"	21	97.04	2.04	3.89	44.17	11.12	-0.2	-0.1	0.1	119.48	1.42	0.16	0.02	"Pass"	"93.5 % / 94.2 % sl"	"Accepted"	NA	"cdt"	"cdt"	"DN875989W"	"H5"	"Normal"	20	53.689	"yes"	"no"	87639	"PD52285b-B1-c3-s5-lo40"	""	"30/11/2021"	"PD52285b"
"PD52285b_lo0041"	"6424STDY11163016"	3043453562	29.788841	12.376422	32	6	8.4e-05	0.068922	0.1637	0.000488	0.018891	0.052991	0.006356	0.311431	0.92543	0.591926	0.159997	0.013525	0.939002	12	"Wholegenome - (CP) Mutational landscape in haemochromatosis"	"DN537149G:A6 (298336)"	43520	"1#11"	21	97.09	2.45	3.37	27.24	7.03	-0.43	-0.45	0.02	109.77	1.06	0.13	0.01	"Pass"	"70.7 % / 90.8 % sl"	"Accepted"	NA	"cdt"	"cdt"	"DN875989W"	"A6"	"Normal"	20	36.725	"yes"	"no"	87639	"PD52285b-B1-c3-s5-lo41"	""	"30/11/2021"	"PD52285b"
"PD52285b_lo0041"	"6424STDY11163016"	3043453562	29.788841	12.376422	32	6	8.4e-05	0.068922	0.1637	0.000488	0.018891	0.052991	0.006356	0.311431	0.92543	0.591926	0.159997	0.013525	0.939002	12	"Wholegenome - (CP) Mutational landscape in haemochromatosis"	"DN537149G:A6 (298336)"	43520	"2#11"	21	97.13	2.47	3.27	27.37	7.05	-0.45	-0.46	0.01	109.75	1.04	0.14	0.01	"Pass"	"65.2 % / 88.3 % sl"	"Accepted"	NA	"cdt"	"cdt"	"DN875989W"	"A6"	"Normal"	20	36.725	"yes"	"no"	87639	"PD52285b-B1-c3-s5-lo41"	""	"30/11/2021"	"PD52285b"
"PD52285b_lo0041"	"6424STDY11163016"	3043453562	29.788841	12.376422	32	6	8.4e-05	0.068922	0.1637	0.000488	0.018891	0.052991	0.006356	0.311431	0.92543	0.591926	0.159997	0.013525	0.939002	12	"Wholegenome - (CP) Mutational landscape in haemochromatosis"	"DN537149G:A6 (298336)"	43520	"3#11"	21	96.74	2.59	3.93	26.33	6.71	-0.53	-0.55	0.02	108.98	1.08	0.14	0.01	"Pass"	"62.0 % / 89.5 % sl"	"Accepted"	NA	"cdt"	"cdt"	"DN875989W"	"A6"	"Normal"	20	36.725	"yes"	"no"	87639	"PD52285b-B1-c3-s5-lo41"	""	"30/11/2021"	"PD52285b"
"PD52285b_lo0041"	"6424STDY11163016"	3043453562	29.788841	12.376422	32	6	8.4e-05	0.068922	0.1637	0.000488	0.018891	0.052991	0.006356	0.311431	0.92543	0.591926	0.159997	0.013525	0.939002	12	"Wholegenome - (CP) Mutational landscape in haemochromatosis"	"DN537149G:A6 (298336)"	43520	"4#11"	21	97	2.53	3.47	26.49	6.76	-0.53	-0.55	0.02	107.85	1.06	0.14	0.01	"Pass"	"63.0 % / 86.2 % sl"	"Accepted"	NA	"cdt"	"cdt"	"DN875989W"	"A6"	"Normal"	20	36.725	"yes"	"no"	87639	"PD52285b-B1-c3-s5-lo41"	""	"30/11/2021"	"PD52285b"
"PD52285b_lo0041"	"6424STDY11163016"	3043453562	29.788841	12.376422	32	6	8.4e-05	0.068922	0.1637	0.000488	0.018891	0.052991	0.006356	0.311431	0.92543	0.591926	0.159997	0.013525	0.939002	12	"Wholegenome - (CP) Mutational landscape in haemochromatosis"	"DN537149G:A6 (298336)"	43563	"1#11"	21	97.4	2.02	3.17	26.52	6.9	-0.47	-0.45	0.02	119.42	1.26	0.13	0.01	"Pass"	"63.0 % / 86.2 % sl"	"Accepted"	NA	"cdt"	"cdt"	"DN875989W"	"A6"	"Normal"	20	36.725	"yes"	"no"	87639	"PD52285b-B1-c3-s5-lo41"	""	"30/11/2021"	"PD52285b"
"PD52285b_lo0044"	"6424STDY11163019"	3043453562	36.194071	13.960172	39	6	4.4e-05	0.065529	0.24946	0.000404	0.01631	0.044709	0.006093	0.382549	0.929613	0.80676	0.462545	0.081429	0.939901	12	"Wholegenome - (CP) Mutational landscape in haemochromatosis"	"DN537149G:D6 (298337)"	43520	"1#12"	21	97.1	2.34	3.46	36.69	8.68	-0.21	-0.25	0.04	109.28	1.1	0.21	0.01	"Pass"	"88.0 % / 91.4 % sl"	"Accepted"	NA	"cdt"	"cdt"	"DN875989W"	"D6"	"Normal"	20	30.583	"yes"	"no"	87639	"PD52285b-B1-c3-s5-lo44"	""	"30/11/2021"	"PD52285b"
"PD52285b_lo0044"	"6424STDY11163019"	3043453562	36.194071	13.960172	39	6	4.4e-05	0.065529	0.24946	0.000404	0.01631	0.044709	0.006093	0.382549	0.929613	0.80676	0.462545	0.081429	0.939901	12	"Wholegenome - (CP) Mutational landscape in haemochromatosis"	"DN537149G:D6 (298337)"	43520	"2#12"	21	97.14	2.37	3.36	36.79	8.66	-0.22	-0.25	0.03	109.14	1.09	0.21	0.01	"Pass"	"93.5 % / 90.7 % sl"	"Accepted"	NA	"cdt"	"cdt"	"DN875989W"	"D6"	"Normal"	20	30.583	"yes"	"no"	87639	"PD52285b-B1-c3-s5-lo44"	""	"30/11/2021"	"PD52285b"
"PD52285b_lo0044"	"6424STDY11163019"	3043453562	36.194071	13.960172	39	6	4.4e-05	0.065529	0.24946	0.000404	0.01631	0.044709	0.006093	0.382549	0.929613	0.80676	0.462545	0.081429	0.939901	12	"Wholegenome - (CP) Mutational landscape in haemochromatosis"	"DN537149G:D6 (298337)"	43520	"3#12"	21	96.72	2.46	4.09	35.61	8.24	-0.3	-0.34	0.04	108.39	1.13	0.22	0.02	"Pass"	"85.9 % / 84.8 % sl"	"Accepted"	NA	"cdt"	"cdt"	"DN875989W"	"D6"	"Normal"	20	30.583	"yes"	"no"	87639	"PD52285b-B1-c3-s5-lo44"	""	"30/11/2021"	"PD52285b"
"PD52285b_lo0044"	"6424STDY11163019"	3043453562	36.194071	13.960172	39	6	4.4e-05	0.065529	0.24946	0.000404	0.01631	0.044709	0.006093	0.382549	0.929613	0.80676	0.462545	0.081429	0.939901	12	"Wholegenome - (CP) Mutational landscape in haemochromatosis"	"DN537149G:D6 (298337)"	43520	"4#12"	21	97	2.41	3.59	35.78	8.31	-0.3	-0.34	0.04	107.25	1.12	0.22	0.01	"Pass"	"89.1 % / 95.1 % sl"	"Accepted"	NA	"cdt"	"cdt"	"DN875989W"	"D6"	"Normal"	20	30.583	"yes"	"no"	87639	"PD52285b-B1-c3-s5-lo44"	""	"30/11/2021"	"PD52285b"
"PD52285b_lo0044"	"6424STDY11163019"	3043453562	36.194071	13.960172	39	6	4.4e-05	0.065529	0.24946	0.000404	0.01631	0.044709	0.006093	0.382549	0.929613	0.80676	0.462545	0.081429	0.939901	12	"Wholegenome - (CP) Mutational landscape in haemochromatosis"	"DN537149G:D6 (298337)"	43563	"1#12"	21	97.34	1.95	3.38	36.21	8.95	-0.25	-0.25	0	118.27	1.34	0.17	0.01	"Pass"	"89.1 % / 95.1 % sl"	"Accepted"	NA	"cdt"	"cdt"	"DN875989W"	"D6"	"Normal"	20	30.583	"yes"	"no"	87639	"PD52285b-B1-c3-s5-lo44"	""	"30/11/2021"	"PD52285b"
"PD52286b_lo0001"	"6424STDY11163024"	3043453562	36.477318	14.077812	39	6	5.4e-05	0.069655	0.16676	0.000515	0.019562	0.051787	0.007903	0.316236	0.930213	0.811253	0.47622	0.089606	0.940079	12	"Wholegenome - (CP) Mutational landscape in haemochromatosis"	"DN537149G:A7 (298338)"	43520	"1#13"	21	96.95	2.48	3.62	33.36	8.58	0	-0.03	0.02	110.56	1.09	0.14	0.01	"Pass"	"85.9 % / 87.3 % sl"	"Accepted"	NA	"cdt"	"cdt"	"DN875989W"	"A7"	"Normal"	20	46.279	"yes"	"no"	88875	"PD52286b-B1-c3-s6-lo1"	"1 cut, extra laser; slide defrosted and frozen twice"	"26/10/2021"	"PD52286b"
"PD52286b_lo0001"	"6424STDY11163024"	3043453562	36.477318	14.077812	39	6	5.4e-05	0.069655	0.16676	0.000515	0.019562	0.051787	0.007903	0.316236	0.930213	0.811253	0.47622	0.089606	0.940079	12	"Wholegenome - (CP) Mutational landscape in haemochromatosis"	"DN537149G:A7 (298338)"	43520	"2#13"	21	96.99	2.5	3.51	33.63	8.62	-0.01	-0.03	0.02	110.46	1.07	0.14	0.01	"Pass"	"85.9 % / 91.1 % sl"	"Accepted"	NA	"cdt"	"cdt"	"DN875989W"	"A7"	"Normal"	20	46.279	"yes"	"no"	88875	"PD52286b-B1-c3-s6-lo1"	"1 cut, extra laser; slide defrosted and frozen twice"	"26/10/2021"	"PD52286b"
"PD52286b_lo0001"	"6424STDY11163024"	3043453562	36.477318	14.077812	39	6	5.4e-05	0.069655	0.16676	0.000515	0.019562	0.051787	0.007903	0.316236	0.930213	0.811253	0.47622	0.089606	0.940079	12	"Wholegenome - (CP) Mutational landscape in haemochromatosis"	"DN537149G:A7 (298338)"	43520	"3#13"	21	96.57	2.62	4.24	32.24	8.19	-0.1	-0.12	0.03	109.67	1.12	0.14	0.02	"Pass"	"81.5 % / 89.3 % sl"	"Accepted"	NA	"cdt"	"cdt"	"DN875989W"	"A7"	"Normal"	20	46.279	"yes"	"no"	88875	"PD52286b-B1-c3-s6-lo1"	"1 cut, extra laser; slide defrosted and frozen twice"	"26/10/2021"	"PD52286b"
"PD52286b_lo0001"	"6424STDY11163024"	3043453562	36.477318	14.077812	39	6	5.4e-05	0.069655	0.16676	0.000515	0.019562	0.051787	0.007903	0.316236	0.930213	0.811253	0.47622	0.089606	0.940079	12	"Wholegenome - (CP) Mutational landscape in haemochromatosis"	"DN537149G:A7 (298338)"	43520	"4#13"	21	96.85	2.55	3.75	32.45	8.26	-0.1	-0.12	0.03	108.47	1.1	0.14	0.01	"Pass"	"89.1 % / 92.7 % sl"	"Accepted"	NA	"cdt"	"cdt"	"DN875989W"	"A7"	"Normal"	20	46.279	"yes"	"no"	88875	"PD52286b-B1-c3-s6-lo1"	"1 cut, extra laser; slide defrosted and frozen twice"	"26/10/2021"	"PD52286b"
"PD52286b_lo0001"	"6424STDY11163024"	3043453562	36.477318	14.077812	39	6	5.4e-05	0.069655	0.16676	0.000515	0.019562	0.051787	0.007903	0.316236	0.930213	0.811253	0.47622	0.089606	0.940079	12	"Wholegenome - (CP) Mutational landscape in haemochromatosis"	"DN537149G:A7 (298338)"	43563	"1#13"	21	97.27	2.05	3.42	33.57	8.55	-0.03	-0.02	0.02	120.26	1.32	0.15	0.01	"Pass"	"89.1 % / 92.7 % sl"	"Accepted"	NA	"cdt"	"cdt"	"DN875989W"	"A7"	"Normal"	20	46.279	"yes"	"no"	88875	"PD52286b-B1-c3-s6-lo1"	"1 cut, extra laser; slide defrosted and frozen twice"	"26/10/2021"	"PD52286b"
"PD52286b_lo0004"	"6424STDY11163027"	3043453562	50.781213	18.725071	55	7	7.3e-05	0.070652	0.157406	0.000435	0.019033	0.057055	0.007874	0.312528	0.933346	0.880638	0.836663	0.685027	0.941141	12	"Wholegenome - (CP) Mutational landscape in haemochromatosis"	"DN537149G:D7 (298339)"	43520	"1#14"	21	97.08	2.47	3.36	46.32	12.02	-0.06	-0.07	0.01	106.18	1.06	0.13	0.01	"Pass"	"100.0 % / 92.4 % sl"	"Accepted"	NA	"cdt"	"cdt"	"DN875989W"	"D7"	"Normal"	20	65.284	"yes"	"no"	88875	"PD52286b-B1-c3-s6-lo4"	""	"26/10/2021"	"PD52286b"
"PD52286b_lo0004"	"6424STDY11163027"	3043453562	50.781213	18.725071	55	7	7.3e-05	0.070652	0.157406	0.000435	0.019033	0.057055	0.007874	0.312528	0.933346	0.880638	0.836663	0.685027	0.941141	12	"Wholegenome - (CP) Mutational landscape in haemochromatosis"	"DN537149G:D7 (298339)"	43520	"2#14"	21	97.13	2.5	3.25	46.3	11.97	-0.07	-0.07	0	106.1	1.04	0.13	0.01	"Pass"	"97.8 % / 96.7 % sl"	"Accepted"	NA	"cdt"	"cdt"	"DN875989W"	"D7"	"Normal"	20	65.284	"yes"	"no"	88875	"PD52286b-B1-c3-s6-lo4"	""	"26/10/2021"	"PD52286b"
"PD52286b_lo0004"	"6424STDY11163027"	3043453562	50.781213	18.725071	55	7	7.3e-05	0.070652	0.157406	0.000435	0.019033	0.057055	0.007874	0.312528	0.933346	0.880638	0.836663	0.685027	0.941141	12	"Wholegenome - (CP) Mutational landscape in haemochromatosis"	"DN537149G:D7 (298339)"	43520	"3#14"	21	96.76	2.61	3.87	44.76	11.49	-0.15	-0.16	0.01	105.46	1.07	0.13	0.01	"Pass"	"96.7 % / 95.5 % sl"	"Accepted"	NA	"cdt"	"cdt"	"DN875989W"	"D7"	"Normal"	20	65.284	"yes"	"no"	88875	"PD52286b-B1-c3-s6-lo4"	""	"26/10/2021"	"PD52286b"
"PD52286b_lo0004"	"6424STDY11163027"	3043453562	50.781213	18.725071	55	7	7.3e-05	0.070652	0.157406	0.000435	0.019033	0.057055	0.007874	0.312528	0.933346	0.880638	0.836663	0.685027	0.941141	12	"Wholegenome - (CP) Mutational landscape in haemochromatosis"	"DN537149G:D7 (298339)"	43520	"4#14"	21	97.02	2.55	3.4	44.89	11.54	-0.15	-0.16	0.01	104.34	1.05	0.14	0.01	"Pass"	"96.7 % / 95.5 % sl"	"Accepted"	NA	"cdt"	"cdt"	"DN875989W"	"D7"	"Normal"	20	65.284	"yes"	"no"	88875	"PD52286b-B1-c3-s6-lo4"	""	"26/10/2021"	"PD52286b"
"PD52286b_lo0004"	"6424STDY11163027"	3043453562	50.781213	18.725071	55	7	7.3e-05	0.070652	0.157406	0.000435	0.019033	0.057055	0.007874	0.312528	0.933346	0.880638	0.836663	0.685027	0.941141	12	"Wholegenome - (CP) Mutational landscape in haemochromatosis"	"DN537149G:D7 (298339)"	43563	"1#14"	21	97.35	2.07	3.22	46.32	11.72	-0.1	-0.08	0.02	114.79	1.26	0.15	0.01	"Pass"	"96.7 % / 95.5 % sl"	"Accepted"	NA	"cdt"	"cdt"	"DN875989W"	"D7"	"Normal"	20	65.284	"yes"	"no"	88875	"PD52286b-B1-c3-s6-lo4"	""	"26/10/2021"	"PD52286b"
"PD52286b_lo0006"	"6424STDY11163029"	3043453562	55.461206	20.298508	60	7	3e-05	0.071042	0.151864	0.000431	0.019714	0.060465	0.007245	0.310792	0.93341	0.893949	0.852106	0.781736	0.941154	12	"Wholegenome - (CP) Mutational landscape in haemochromatosis"	"DN537149G:F7 (298340)"	43520	"1#15"	21	97.01	2.51	3.47	50.77	13.23	0.04	0.05	0	103.43	1.07	0.12	0.01	"Pass"	"96.7 % / 97.8 % sl"	"Accepted"	NA	"cdt"	"cdt"	"DN875989W"	"F7"	"Normal"	20	69.731	"yes"	"no"	88875	"PD52286b-B1-c3-s6-lo6"	""	"26/10/2021"	"PD52286b"
"PD52286b_lo0006"	"6424STDY11163029"	3043453562	55.461206	20.298508	60	7	3e-05	0.071042	0.151864	0.000431	0.019714	0.060465	0.007245	0.310792	0.93341	0.893949	0.852106	0.781736	0.941154	12	"Wholegenome - (CP) Mutational landscape in haemochromatosis"	"DN537149G:F7 (298340)"	43520	"2#15"	21	97.06	2.53	3.35	51.05	13.25	0.04	0.05	0.01	103.39	1.06	0.13	0.01	"Pass"	"97.8 % / 95.6 % sl"	"Accepted"	NA	"cdt"	"cdt"	"DN875989W"	"F7"	"Normal"	20	69.731	"yes"	"no"	88875	"PD52286b-B1-c3-s6-lo6"	""	"26/10/2021"	"PD52286b"
"PD52286b_lo0006"	"6424STDY11163029"	3043453562	55.461206	20.298508	60	7	3e-05	0.071042	0.151864	0.000431	0.019714	0.060465	0.007245	0.310792	0.93341	0.893949	0.852106	0.781736	0.941154	12	"Wholegenome - (CP) Mutational landscape in haemochromatosis"	"DN537149G:F7 (298340)"	43520	"3#15"	21	96.63	2.65	4.09	49.11	12.64	-0.05	-0.05	0.01	102.81	1.1	0.13	0.02	"Pass"	"98.9 % / 95.6 % sl"	"Accepted"	NA	"cdt"	"cdt"	"DN875989W"	"F7"	"Normal"	20	69.731	"yes"	"no"	88875	"PD52286b-B1-c3-s6-lo6"	""	"26/10/2021"	"PD52286b"
"PD52286b_lo0006"	"6424STDY11163029"	3043453562	55.461206	20.298508	60	7	3e-05	0.071042	0.151864	0.000431	0.019714	0.060465	0.007245	0.310792	0.93341	0.893949	0.852106	0.781736	0.941154	12	"Wholegenome - (CP) Mutational landscape in haemochromatosis"	"DN537149G:F7 (298340)"	43520	"4#15"	21	96.91	2.59	3.59	49.49	12.76	-0.05	-0.05	0.01	101.73	1.08	0.13	0.01	"Pass"	"98.9 % / 98.9 % sl"	"Accepted"	NA	"cdt"	"cdt"	"DN875989W"	"F7"	"Normal"	20	69.731	"yes"	"no"	88875	"PD52286b-B1-c3-s6-lo6"	""	"26/10/2021"	"PD52286b"
"PD52286b_lo0006"	"6424STDY11163029"	3043453562	55.461206	20.298508	60	7	3e-05	0.071042	0.151864	0.000431	0.019714	0.060465	0.007245	0.310792	0.93341	0.893949	0.852106	0.781736	0.941154	12	"Wholegenome - (CP) Mutational landscape in haemochromatosis"	"DN537149G:F7 (298340)"	43563	"1#15"	21	97.32	2.08	3.29	48.75	12.52	0.01	0.04	0.04	112.08	1.28	0.14	0.01	"Pass"	"98.9 % / 98.9 % sl"	"Accepted"	NA	"cdt"	"cdt"	"DN875989W"	"F7"	"Normal"	20	69.731	"yes"	"no"	88875	"PD52286b-B1-c3-s6-lo6"	""	"26/10/2021"	"PD52286b"
"PD52286b_lo0010"	"6424STDY11163033"	3043453562	42.307619	15.95337	45	6	3.8e-05	0.070975	0.133223	0.000504	0.020806	0.061449	0.008282	0.295277	0.93187	0.855843	0.720517	0.31615	0.940481	12	"Wholegenome - (CP) Mutational landscape in haemochromatosis"	"DN537149G:B8 (298341)"	43520	"1#16"	21	96.95	2.56	3.54	38.15	10.1	-0.04	-0.06	0.02	105.65	1.07	0.11	0.01	"Pass"	"92.4 % / 92.9 % sl"	"Accepted"	NA	"cdt"	"cdt"	"DN875989W"	"B8"	"Normal"	20	60.542	"yes"	"no"	88875	"PD52286b-B1-c3-s6-lo10"	""	"26/10/2021"	"PD52286b"
"PD52286b_lo0010"	"6424STDY11163033"	3043453562	42.307619	15.95337	45	6	3.8e-05	0.070975	0.133223	0.000504	0.020806	0.061449	0.008282	0.295277	0.93187	0.855843	0.720517	0.31615	0.940481	12	"Wholegenome - (CP) Mutational landscape in haemochromatosis"	"DN537149G:B8 (298341)"	43520	"2#16"	21	96.99	2.59	3.44	38.32	10.11	-0.05	-0.06	0.01	105.69	1.05	0.11	0.01	"Pass"	"92.4 % / 91.8 % sl"	"Accepted"	NA	"cdt"	"cdt"	"DN875989W"	"B8"	"Normal"	20	60.542	"yes"	"no"	88875	"PD52286b-B1-c3-s6-lo10"	""	"26/10/2021"	"PD52286b"
"PD52286b_lo0010"	"6424STDY11163033"	3043453562	42.307619	15.95337	45	6	3.8e-05	0.070975	0.133223	0.000504	0.020806	0.061449	0.008282	0.295277	0.93187	0.855843	0.720517	0.31615	0.940481	12	"Wholegenome - (CP) Mutational landscape in haemochromatosis"	"DN537149G:B8 (298341)"	43520	"3#16"	21	96.58	2.71	4.12	36.69	9.61	-0.13	-0.15	0.02	104.98	1.09	0.12	0.01	"Pass"	"89.1 % / 90.2 % sl"	"Accepted"	NA	"cdt"	"cdt"	"DN875989W"	"B8"	"Normal"	20	60.542	"yes"	"no"	88875	"PD52286b-B1-c3-s6-lo10"	""	"26/10/2021"	"PD52286b"
"PD52286b_lo0010"	"6424STDY11163033"	3043453562	42.307619	15.95337	45	6	3.8e-05	0.070975	0.133223	0.000504	0.020806	0.061449	0.008282	0.295277	0.93187	0.855843	0.720517	0.31615	0.940481	12	"Wholegenome - (CP) Mutational landscape in haemochromatosis"	"DN537149G:B8 (298341)"	43520	"4#16"	21	96.85	2.65	3.66	36.92	9.69	-0.13	-0.15	0.02	104.01	1.07	0.12	0.01	"Pass"	"90.2 % / 92.8 % sl"	"Accepted"	NA	"cdt"	"cdt"	"DN875989W"	"B8"	"Normal"	20	60.542	"yes"	"no"	88875	"PD52286b-B1-c3-s6-lo10"	""	"26/10/2021"	"PD52286b"
"PD52286b_lo0010"	"6424STDY11163033"	3043453562	42.307619	15.95337	45	6	3.8e-05	0.070975	0.133223	0.000504	0.020806	0.061449	0.008282	0.295277	0.93187	0.855843	0.720517	0.31615	0.940481	12	"Wholegenome - (CP) Mutational landscape in haemochromatosis"	"DN537149G:B8 (298341)"	43563	"1#16"	21	97.26	2.13	3.36	36.04	9.44	-0.08	-0.05	0.03	114.72	1.28	0.12	0.01	"Pass"	"90.2 % / 92.8 % sl"	"Accepted"	NA	"cdt"	"cdt"	"DN875989W"	"B8"	"Normal"	20	60.542	"yes"	"no"	88875	"PD52286b-B1-c3-s6-lo10"	""	"26/10/2021"	"PD52286b"
"PD52286b_lo0013"	"6424STDY11163036"	3043453562	44.552458	16.908107	48	7	4.6e-05	0.070721	0.181308	0.000455	0.018924	0.054269	0.007168	0.332891	0.930905	0.859198	0.769672	0.434164	0.940186	12	"Wholegenome - (CP) Mutational landscape in haemochromatosis"	"DN537149G:E8 (298342)"	43520	"1#17"	21	96.98	2.45	3.59	41.61	10.54	0.09	0.11	0.02	104.64	1.09	0.15	0.01	"Pass"	"95.7 % / 92.0 % sl"	"Accepted"	NA	"cdt"	"cdt"	"DN875989W"	"E8"	"Normal"	20	47.837	"yes"	"no"	88875	"PD52286b-B1-c3-s6-lo13"	""	"26/10/2021"	"PD52286b"
"PD52286b_lo0013"	"6424STDY11163036"	3043453562	44.552458	16.908107	48	7	4.6e-05	0.070721	0.181308	0.000455	0.018924	0.054269	0.007168	0.332891	0.930905	0.859198	0.769672	0.434164	0.940186	12	"Wholegenome - (CP) Mutational landscape in haemochromatosis"	"DN537149G:E8 (298342)"	43520	"2#17"	21	97.03	2.47	3.47	42.04	10.61	0.08	0.11	0.03	104.61	1.08	0.15	0.01	"Pass"	"94.6 % / 96.6 % sl"	"Accepted"	NA	"cdt"	"cdt"	"DN875989W"	"E8"	"Normal"	20	47.837	"yes"	"no"	88875	"PD52286b-B1-c3-s6-lo13"	""	"26/10/2021"	"PD52286b"
"PD52286b_lo0013"	"6424STDY11163036"	3043453562	44.552458	16.908107	48	7	4.6e-05	0.070721	0.181308	0.000455	0.018924	0.054269	0.007168	0.332891	0.930905	0.859198	0.769672	0.434164	0.940186	12	"Wholegenome - (CP) Mutational landscape in haemochromatosis"	"DN537149G:E8 (298342)"	43520	"3#17"	21	96.58	2.58	4.26	40.4	10.08	-0.01	0.01	0.02	103.94	1.12	0.16	0.02	"Pass"	"96.7 % / 93.3 % sl"	"Accepted"	NA	"cdt"	"cdt"	"DN875989W"	"E8"	"Normal"	20	47.837	"yes"	"no"	88875	"PD52286b-B1-c3-s6-lo13"	""	"26/10/2021"	"PD52286b"
"PD52286b_lo0013"	"6424STDY11163036"	3043453562	44.552458	16.908107	48	7	4.6e-05	0.070721	0.181308	0.000455	0.018924	0.054269	0.007168	0.332891	0.930905	0.859198	0.769672	0.434164	0.940186	12	"Wholegenome - (CP) Mutational landscape in haemochromatosis"	"DN537149G:E8 (298342)"	43520	"4#17"	21	96.87	2.52	3.73	40.83	10.21	-0.01	0.01	0.02	102.91	1.1	0.16	0.01	"Pass"	"96.7 % / 93.3 % sl"	"Accepted"	NA	"cdt"	"cdt"	"DN875989W"	"E8"	"Normal"	20	47.837	"yes"	"no"	88875	"PD52286b-B1-c3-s6-lo13"	""	"26/10/2021"	"PD52286b"
"PD52286b_lo0013"	"6424STDY11163036"	3043453562	44.552458	16.908107	48	7	4.6e-05	0.070721	0.181308	0.000455	0.018924	0.054269	0.007168	0.332891	0.930905	0.859198	0.769672	0.434164	0.940186	12	"Wholegenome - (CP) Mutational landscape in haemochromatosis"	"DN537149G:E8 (298342)"	43563	"1#17"	21	97.32	2.02	3.34	41.79	10.66	0.07	0.13	0.06	113.19	1.32	0.15	0.01	"Pass"	"96.7 % / 93.3 % sl"	"Accepted"	NA	"cdt"	"cdt"	"DN875989W"	"E8"	"Normal"	20	47.837	"yes"	"no"	88875	"PD52286b-B1-c3-s6-lo13"	""	"26/10/2021"	"PD52286b"
"PD52286b_lo0016"	"6424STDY11163039"	3043453562	45.363603	16.808116	49	6	6.8e-05	0.070048	0.14477	0.000574	0.020381	0.054506	0.008575	0.298923	0.933585	0.86815	0.789333	0.465827	0.941401	12	"Wholegenome - (CP) Mutational landscape in haemochromatosis"	"DN537149G:H8 (298343)"	43520	"1#18"	21	96.95	2.44	3.65	40.28	10.6	-0.1	-0.12	0.01	113.72	1.1	0.11	0.01	"Pass"	"98.9 % / 93.4 % sl"	"Accepted"	NA	"cdt"	"cdt"	"DN875989W"	"H8"	"Normal"	20	71.297	"yes"	"no"	88875	"PD52286b-B1-c3-s6-lo16"	""	"26/10/2021"	"PD52286b"
"PD52286b_lo0016"	"6424STDY11163039"	3043453562	45.363603	16.808116	49	6	6.8e-05	0.070048	0.14477	0.000574	0.020381	0.054506	0.008575	0.298923	0.933585	0.86815	0.789333	0.465827	0.941401	12	"Wholegenome - (CP) Mutational landscape in haemochromatosis"	"DN537149G:H8 (298343)"	43520	"2#18"	21	96.99	2.47	3.56	40.27	10.55	-0.12	-0.12	0	113.69	1.08	0.12	0.01	"Pass"	"95.7 % / 89.8 % sl"	"Accepted"	NA	"cdt"	"cdt"	"DN875989W"	"H8"	"Normal"	20	71.297	"yes"	"no"	88875	"PD52286b-B1-c3-s6-lo16"	""	"26/10/2021"	"PD52286b"
"PD52286b_lo0016"	"6424STDY11163039"	3043453562	45.363603	16.808116	49	6	6.8e-05	0.070048	0.14477	0.000574	0.020381	0.054506	0.008575	0.298923	0.933585	0.86815	0.789333	0.465827	0.941401	12	"Wholegenome - (CP) Mutational landscape in haemochromatosis"	"DN537149G:H8 (298343)"	43520	"3#18"	21	96.58	2.55	4.29	39	10.15	-0.2	-0.21	0.01	112.83	1.13	0.12	0.02	"Pass"	"96.7 % / 93.3 % sl"	"Accepted"	NA	"cdt"	"cdt"	"DN875989W"	"H8"	"Normal"	20	71.297	"yes"	"no"	88875	"PD52286b-B1-c3-s6-lo16"	""	"26/10/2021"	"PD52286b"
"PD52286b_lo0016"	"6424STDY11163039"	3043453562	45.363603	16.808116	49	6	6.8e-05	0.070048	0.14477	0.000574	0.020381	0.054506	0.008575	0.298923	0.933585	0.86815	0.789333	0.465827	0.941401	12	"Wholegenome - (CP) Mutational landscape in haemochromatosis"	"DN537149G:H8 (298343)"	43520	"4#18"	21	96.86	2.49	3.79	39.11	10.2	-0.2	-0.2	0.01	111.61	1.11	0.12	0.01	"Pass"	"96.7 % / 92.1 % sl"	"Accepted"	NA	"cdt"	"cdt"	"DN875989W"	"H8"	"Normal"	20	71.297	"yes"	"no"	88875	"PD52286b-B1-c3-s6-lo16"	""	"26/10/2021"	"PD52286b"
"PD52286b_lo0016"	"6424STDY11163039"	3043453562	45.363603	16.808116	49	6	6.8e-05	0.070048	0.14477	0.000574	0.020381	0.054506	0.008575	0.298923	0.933585	0.86815	0.789333	0.465827	0.941401	12	"Wholegenome - (CP) Mutational landscape in haemochromatosis"	"DN537149G:H8 (298343)"	43563	"1#18"	21	97.13	2.05	3.69	41.94	10.63	-0.16	-0.12	0.03	124.28	1.35	0.15	0.02	"Pass"	"96.7 % / 92.1 % sl"	"Accepted"	NA	"cdt"	"cdt"	"DN875989W"	"H8"	"Normal"	20	71.297	"yes"	"no"	88875	"PD52286b-B1-c3-s6-lo16"	""	"26/10/2021"	"PD52286b"
"PD52286b_lo0019"	"6424STDY11163042"	3043453562	60.412278	21.933722	65	8	2.5e-05	0.070786	0.172109	0.000441	0.019253	0.059236	0.007282	0.329133	0.93399	0.904186	0.862662	0.824451	0.941483	12	"Wholegenome - (CP) Mutational landscape in haemochromatosis"	"DN537149G:C9 (298344)"	43520	"1#19"	21	96.98	2.48	3.56	56.47	14.44	0.08	0.14	0.06	105.03	1.1	0.14	0.01	"Pass"	"98.9 % / 97.8 % sl"	"Accepted"	NA	"cdt"	"cdt"	"DN875989W"	"C9"	"Normal"	20	73.563	"yes"	"no"	88875	"PD52286b-B1-c3-s6-lo19"	""	"26/10/2021"	"PD52286b"
"PD52286b_lo0019"	"6424STDY11163042"	3043453562	60.412278	21.933722	65	8	2.5e-05	0.070786	0.172109	0.000441	0.019253	0.059236	0.007282	0.329133	0.93399	0.904186	0.862662	0.824451	0.941483	12	"Wholegenome - (CP) Mutational landscape in haemochromatosis"	"DN537149G:C9 (298344)"	43520	"2#19"	21	97.03	2.5	3.44	56.38	14.36	0.07	0.14	0.07	105	1.09	0.14	0.01	"Pass"	"98.9 % / 97.8 % sl"	"Accepted"	NA	"cdt"	"cdt"	"DN875989W"	"C9"	"Normal"	20	73.563	"yes"	"no"	88875	"PD52286b-B1-c3-s6-lo19"	""	"26/10/2021"	"PD52286b"
"PD52286b_lo0019"	"6424STDY11163042"	3043453562	60.412278	21.933722	65	8	2.5e-05	0.070786	0.172109	0.000441	0.019253	0.059236	0.007282	0.329133	0.93399	0.904186	0.862662	0.824451	0.941483	12	"Wholegenome - (CP) Mutational landscape in haemochromatosis"	"DN537149G:C9 (298344)"	43520	"3#19"	21	96.6	2.62	4.19	54.47	13.74	-0.01	0.06	0.07	104.4	1.13	0.15	0.02	"Pass"	"100.0 % / 94.6 % sl"	"Accepted"	NA	"cdt"	"cdt"	"DN875989W"	"C9"	"Normal"	20	73.563	"yes"	"no"	88875	"PD52286b-B1-c3-s6-lo19"	""	"26/10/2021"	"PD52286b"
"PD52286b_lo0019"	"6424STDY11163042"	3043453562	60.412278	21.933722	65	8	2.5e-05	0.070786	0.172109	0.000441	0.019253	0.059236	0.007282	0.329133	0.93399	0.904186	0.862662	0.824451	0.941483	12	"Wholegenome - (CP) Mutational landscape in haemochromatosis"	"DN537149G:C9 (298344)"	43520	"4#19"	21	96.88	2.56	3.69	54.65	13.81	-0.01	0.05	0.06	103.38	1.11	0.15	0.01	"Pass"	"98.9 % / 97.8 % sl"	"Accepted"	NA	"cdt"	"cdt"	"DN875989W"	"C9"	"Normal"	20	73.563	"yes"	"no"	88875	"PD52286b-B1-c3-s6-lo19"	""	"26/10/2021"	"PD52286b"
"PD52286b_lo0019"	"6424STDY11163042"	3043453562	60.412278	21.933722	65	8	2.5e-05	0.070786	0.172109	0.000441	0.019253	0.059236	0.007282	0.329133	0.93399	0.904186	0.862662	0.824451	0.941483	12	"Wholegenome - (CP) Mutational landscape in haemochromatosis"	"DN537149G:C9 (298344)"	43563	"1#19"	21	97.31	2.03	3.35	56.8	14.28	0.03	0.11	0.08	113.54	1.32	0.16	0.01	"Pass"	"98.9 % / 97.8 % sl"	"Accepted"	NA	"cdt"	"cdt"	"DN875989W"	"C9"	"Normal"	20	73.563	"yes"	"no"	88875	"PD52286b-B1-c3-s6-lo19"	""	"26/10/2021"	"PD52286b"
"PD52286b_lo0020"	"6424STDY11163043"	3043453562	69.307196	24.740598	75	9	3.1e-05	0.071213	0.1319	0.00043	0.02073	0.061187	0.007289	0.29278	0.934998	0.916877	0.883863	0.851796	0.941965	12	"Wholegenome - (CP) Mutational landscape in haemochromatosis"	"DN537149G:D9 (298345)"	43520	"1#20"	21	96.97	2.53	3.53	61.74	16.39	0.04	0.08	0.04	106.58	1.09	0.11	0.01	"Pass"	"100.0 % / 94.6 % sl"	"Accepted"	NA	"cdt"	"cdt"	"DN875989W"	"D9"	"Normal"	20	51.249	"yes"	"no"	88875	"PD52286b-B1-c3-s6-lo20"	" 1 cut "	"26/10/2021"	"PD52286b"
"PD52286b_lo0020"	"6424STDY11163043"	3043453562	69.307196	24.740598	75	9	3.1e-05	0.071213	0.1319	0.00043	0.02073	0.061187	0.007289	0.29278	0.934998	0.916877	0.883863	0.851796	0.941965	12	"Wholegenome - (CP) Mutational landscape in haemochromatosis"	"DN537149G:D9 (298345)"	43520	"2#20"	21	97.01	2.55	3.42	61.79	16.35	0.04	0.08	0.04	106.59	1.07	0.11	0.01	"Pass"	"100.0 % / 96.7 % sl"	"Accepted"	NA	"cdt"	"cdt"	"DN875989W"	"D9"	"Normal"	20	51.249	"yes"	"no"	88875	"PD52286b-B1-c3-s6-lo20"	" 1 cut "	"26/10/2021"	"PD52286b"
"PD52286b_lo0020"	"6424STDY11163043"	3043453562	69.307196	24.740598	75	9	3.1e-05	0.071213	0.1319	0.00043	0.02073	0.061187	0.007289	0.29278	0.934998	0.916877	0.883863	0.851796	0.941965	12	"Wholegenome - (CP) Mutational landscape in haemochromatosis"	"DN537149G:D9 (298345)"	43520	"3#20"	21	96.6	2.67	4.14	59.49	15.63	-0.04	-0.01	0.04	105.92	1.12	0.11	0.02	"Pass"	"100.0 % / 92.4 % sl"	"Accepted"	NA	"cdt"	"cdt"	"DN875989W"	"D9"	"Normal"	20	51.249	"yes"	"no"	88875	"PD52286b-B1-c3-s6-lo20"	" 1 cut "	"26/10/2021"	"PD52286b"
"PD52286b_lo0020"	"6424STDY11163043"	3043453562	69.307196	24.740598	75	9	3.1e-05	0.071213	0.1319	0.00043	0.02073	0.061187	0.007289	0.29278	0.934998	0.916877	0.883863	0.851796	0.941965	12	"Wholegenome - (CP) Mutational landscape in haemochromatosis"	"DN537149G:D9 (298345)"	43520	"4#20"	21	96.87	2.61	3.64	59.69	15.71	-0.04	-0.01	0.03	104.9	1.1	0.11	0.01	"Pass"	"100.0 % / 96.7 % sl"	"Accepted"	NA	"cdt"	"cdt"	"DN875989W"	"D9"	"Normal"	20	51.249	"yes"	"no"	88875	"PD52286b-B1-c3-s6-lo20"	" 1 cut "	"26/10/2021"	"PD52286b"
"PD52286b_lo0020"	"6424STDY11163043"	3043453562	69.307196	24.740598	75	9	3.1e-05	0.071213	0.1319	0.00043	0.02073	0.061187	0.007289	0.29278	0.934998	0.916877	0.883863	0.851796	0.941965	12	"Wholegenome - (CP) Mutational landscape in haemochromatosis"	"DN537149G:D9 (298345)"	43563	"1#20"	21	97.3	2.1	3.31	60.93	15.74	0.02	0.09	0.07	115.3	1.3	0.14	0.01	"Pass"	"100.0 % / 96.7 % sl"	"Accepted"	NA	"cdt"	"cdt"	"DN875989W"	"D9"	"Normal"	20	51.249	"yes"	"no"	88875	"PD52286b-B1-c3-s6-lo20"	" 1 cut "	"26/10/2021"	"PD52286b"
"PD52286b_lo0024"	"6424STDY11163047"	3043453562	52.915944	19.498214	57	7	2.6e-05	0.070598	0.152005	0.00048	0.019884	0.056424	0.007553	0.30697	0.933206	0.885477	0.843846	0.738682	0.941216	12	"Wholegenome - (CP) Mutational landscape in haemochromatosis"	"DN537149G:H9 (298346)"	43520	"1#21"	21	96.98	2.54	3.5	47.78	12.47	0.04	0.06	0.02	109.04	1.05	0.12	0.01	"Pass"	"97.8 % / 91.1 % sl"	"Accepted"	NA	"cdt"	"cdt"	"DN875989W"	"H9"	"Normal"	20	71.891	"yes"	"no"	88875	"PD52286b-B1-c3-s6-lo24"	""	"26/10/2021"	"PD52286b"
"PD52286b_lo0024"	"6424STDY11163047"	3043453562	52.915944	19.498214	57	7	2.6e-05	0.070598	0.152005	0.00048	0.019884	0.056424	0.007553	0.30697	0.933206	0.885477	0.843846	0.738682	0.941216	12	"Wholegenome - (CP) Mutational landscape in haemochromatosis"	"DN537149G:H9 (298346)"	43520	"2#21"	21	97.03	2.56	3.38	48.15	12.52	0.03	0.06	0.03	109.01	1.04	0.13	0.01	"Pass"	"97.8 % / 90.0 % sl"	"Accepted"	NA	"cdt"	"cdt"	"DN875989W"	"H9"	"Normal"	20	71.891	"yes"	"no"	88875	"PD52286b-B1-c3-s6-lo24"	""	"26/10/2021"	"PD52286b"
"PD52286b_lo0024"	"6424STDY11163047"	3043453562	52.915944	19.498214	57	7	2.6e-05	0.070598	0.152005	0.00048	0.019884	0.056424	0.007553	0.30697	0.933206	0.885477	0.843846	0.738682	0.941216	12	"Wholegenome - (CP) Mutational landscape in haemochromatosis"	"DN537149G:H9 (298346)"	43520	"3#21"	21	96.6	2.69	4.11	46.23	11.93	-0.05	-0.02	0.02	108.3	1.08	0.13	0.01	"Pass"	"97.8 % / 88.9 % sl"	"Accepted"	NA	"cdt"	"cdt"	"DN875989W"	"H9"	"Normal"	20	71.891	"yes"	"no"	88875	"PD52286b-B1-c3-s6-lo24"	""	"26/10/2021"	"PD52286b"
"PD52286b_lo0024"	"6424STDY11163047"	3043453562	52.915944	19.498214	57	7	2.6e-05	0.070598	0.152005	0.00048	0.019884	0.056424	0.007553	0.30697	0.933206	0.885477	0.843846	0.738682	0.941216	12	"Wholegenome - (CP) Mutational landscape in haemochromatosis"	"DN537149G:H9 (298346)"	43520	"4#21"	21	96.88	2.62	3.61	46.69	12.07	-0.05	-0.03	0.02	107.16	1.06	0.13	0.01	"Pass"	"96.7 % / 93.3 % sl"	"Accepted"	NA	"cdt"	"cdt"	"DN875989W"	"H9"	"Normal"	20	71.891	"yes"	"no"	88875	"PD52286b-B1-c3-s6-lo24"	""	"26/10/2021"	"PD52286b"
"PD52286b_lo0024"	"6424STDY11163047"	3043453562	52.915944	19.498214	57	7	2.6e-05	0.070598	0.152005	0.00048	0.019884	0.056424	0.007553	0.30697	0.933206	0.885477	0.843846	0.738682	0.941216	12	"Wholegenome - (CP) Mutational landscape in haemochromatosis"	"DN537149G:H9 (298346)"	43563	"1#21"	21	97.27	2.09	3.38	47.6	12.07	0	0.06	0.06	118.64	1.27	0.15	0.01	"Pass"	"96.7 % / 93.3 % sl"	"Accepted"	NA	"cdt"	"cdt"	"DN875989W"	"H9"	"Normal"	20	71.891	"yes"	"no"	88875	"PD52286b-B1-c3-s6-lo24"	""	"26/10/2021"	"PD52286b"
