sampleID	chr	pos	ref	mut	gene	strand	ref_cod	mut_cod	ref3_cod	mut3_cod	aachange	ntchange	codonsub	impact	pid
PD51606b	1	1197179	G	T	TTLL10	1	G	T	AGA	ATA	E535D	G1605T	GAG>GAT	Missense	ENSP00000368591
PD51606b	1	2504782	C	T	PLCH2	1	C	T	CCG	CTG	R1274C	C3820T	CGC>TGC	Missense	ENSP00000389803
PD51606b	1	6616764	C	G	PHF13	1	C	G	TCC	TGC	S16C	C47G	TCC>TGC	Missense	ENSP00000366876
PD51606b	1	15747001	G	T	TMEM82	1	G	T	CGA	CTA	E298*	G892T	GAG>TAG	Nonsense	ENSP00000364938
PD51606b	1	19155620	G	A	UBR4	-1	C	T	CCT	CTT	L2041L	C6121T	CTG>TTG	Synonymous	ENSP00000364403
PD51606b	1	25826808	A	T	MTFR1L	1	A	T	GAT	GTT	I145L	A433T	ATA>TTA	Missense	ENSP00000363421
PD51606b	1	27967110	T	A	XKR8	1	T	A	ATC	AAC	Y366*	T1098A	TAT>TAA	Nonsense	ENSP00000362991
PD51606b	1	28535944	C	A	RCC1	1	C	A	CCT	CAT	A245A	C735A	GCC>GCA	Synonymous	ENSP00000381931
PD51606b	1	29255343	G	A	PTPRU	1	G	A	TGA	TAA	D48N	G142A	GAC>AAC	Missense	ENSP00000334941
PD51606b	1	36100160	G	A	COL8A2	-1	C	T	TCT	TTT	S28F	C83T	TCT>TTT	Missense	ENSP00000380901
PD51606b	1	71046740	T	C	PTGER3	-1	A	G	GAC	GGC	T280A	A838G	ACG>GCG	Missense	ENSP00000359969
PD51606b	1	77722087	C	G	USP33	-1	G	C	GGA	GCA	G500A	G1499C	GGA>GCA	Missense	ENSP00000359830
PD51606b	1	84185118	A	G	PRKACB	1	A	G	CAT	CGT	M119V	A355G	ATG>GTG	Missense	ENSP00000359723
PD51606b	1	93877839	T	A	DNTTIP2	-1	A	T	AAG	ATG	Q32H	A96T	CAA>CAT	Missense	ENSP00000411010
PD51606b	1	94043406	C	T	ABCA4	-1	G	A	TGG	TAG	L1040L	G3120A	CTG>CTA	Synonymous	ENSP00000359245
PD51606b	1	108823583	C	T	AKNAD1	-1	G	A	AGG	AAG	R681K	G2042A	AGG>AAG	Missense	ENSP00000359018
PD51606b	1	113590573	T	G	MAGI3	1	T	G	TTA	TGA	Y285D	T853G	TAT>GAT	Missense	ENSP00000358628
PD51606b	1	150266560	G	A	APH1A	-1	C	T	CCT	CTT	L236F	C706T	CTC>TTC	Missense	ENSP00000358105
PD51606b	1	151027305	G	A	PRUNE1	1	G	A	AGT	AAT	S251N	G752A	AGT>AAT	Missense	ENSP00000271620
PD51606b	1	151838148	C	T	C2CD4D	-1	G	A	AGC	AAC	S281N	G842A	AGC>AAC	Missense	ENSP00000389554
PD51606b	1	152086705	T	C	TCHHL1	-1	A	G	GAT	GGT	D326G	A977G	GAT>GGT	Missense	ENSP00000357796
PD51606b	1	152223137	A	G	HRNR	-1	T	C	ATG	ACG	N39N	T117C	AAT>AAC	Synonymous	ENSP00000357791
PD51606b	1	152760243	C	T	KPRP	1	C	T	CCC	CTC	P219S	C655T	CCT>TCT	Missense	ENSP00000475216
PD51606b	1	152911402	G	T	IVL	1	G	T	AGC	ATC	Q535H	G1605T	CAG>CAT	Missense	ENSP00000357753
PD51606b	1	154270261	C	A	UBAP2L	1	C	A	TCT	TAT	S1077Y	C3230A	TCT>TAT	Missense	ENSP00000389445
PD51606b	1	155015421	A	G	ZBTB7B	1	A	G	TAC	TGC	Y254C	A761G	TAC>TGC	Missense	ENSP00000438647
PD51606b	1	155765694	G	A	GON4L	-1	C	T	ACT	ATT	T1260I	C3779T	ACT>ATT	Missense	ENSP00000396117
PD51606b	1	161726025	C	T	FCRLB	1	C	T	ACC	ATC	T171I	C512T	ACC>ATC	Missense	ENSP00000356925
PD51606b	1	165768738	A	T	TMCO1	-1	T	A	TTC	TAC	F5Y	T14A	TTC>TAC	Missense	ENSP00000356856
PD51606b	1	176595079	C	T	PAPPA2	1	C	T	TCG	TTG	S492L	C1475T	TCG>TTG	Missense	ENSP00000356634
PD51606b	1	181651362	T	A	CACNA1E	1	T	A	CTG	CAG	W326R	T976A	TGG>AGG	Missense	ENSP00000356545
PD51606b	1	186674613	C	A	PTGS2	-1	G	T	AGG	ATG	G519*	G1555T	GGA>TGA	Nonsense	ENSP00000506242
PD51606b	1	200407207	T	G	ZNF281	-1	A	C	AAG	ACG	Q833H	A2499C	CAA>CAC	Missense	ENSP00000356322
PD51606b	1	201209544	GGTTTA	G	IGFN1	1	.	.	.	.	.	4652-4656-delfrshift	.	no-SNV	ENSP00000334714
PD51606b	1	201365642	T	A	TNNT2	-1	A	T	CAA	CTA	K78*	A232T	AAG>TAG	Nonsense	ENSP00000422031
PD51606b	1	201782852	G	A	NAV1	1	G	A	TGC	TAC	L780L	G2340A	CTG>CTA	Synonymous	ENSP00000356265
PD51606b	1	204156222	C	CT	REN	-1	.	.	.	.	.	916-917-insfrshift	.	no-SNV	ENSP00000272190
PD51606b	1	205923421	C	G	SLC26A9	-1	G	C	GGA	GCA	D525H	G1573C	GAT>CAT	Missense	ENSP00000356103
PD51606b	1	207113090	T	G	C4BPA	1	T	G	TTC	TGC	F22C	T65G	TTC>TGC	Missense	ENSP00000356037
PD51606b	1	214383917	C	G	PTPN14	-1	G	C	TGA	TCA	M646I	G1938C	ATG>ATC	Missense	ENSP00000355923
PD51606b	1	214658941	G	A	CENPF	1	G	A	AGA	AAA	Q3018Q	G9054A	CAG>CAA	Synonymous	ENSP00000355922
PD51606b	1	229342287	T	TC	CCSAP	-1	.	.	.	.	.	179-180-insfrshift	.	no-SNV	ENSP00000284617
PD51606b	1	231694590	G	T	DISC1	1	G	T	GGC	GTC	A278S	G832T	GCC>TCC	Missense	ENSP00000403888
PD51606b	1	237889873	G	T	ZP4	-1	C	A	TCT	TAT	L132I	C394A	CTT>ATT	Missense	ENSP00000482304
PD51606b	10	5906577	A	G	FBH1	1	A	G	TAT	TGT	Y233C	A698G	TAT>TGT	Missense	ENSP00000355415
PD51606b	10	8009292	G	A	TAF3	1	G	A	CGT	CAT	V844M	G2530A	GTG>ATG	Missense	ENSP00000340271
PD51606b	10	24620593	A	C	ARHGAP21	-1	T	G	CTT	CGT	T434T	T1302G	ACT>ACG	Synonymous	ENSP00000379709
PD51606b	10	37957052	A	C	ZNF25	-1	T	G	TTA	TGA	L69*	T206G	TTA>TGA	Nonsense	ENSP00000302222
PD51606b	10	49651887	A	G	CHAT	1	A	G	TAG	TGG	I505M	A1515G	ATA>ATG	Missense	ENSP00000337103
PD51606b	10	70674678	G	A	ADAMTS14	1	G	A	GGT	GAT	V69I	G205A	GTA>ATA	Missense	ENSP00000362303
PD51606b	10	86943626	G	A	MMRN2	-1	C	T	CCA	CTA	T386T	C1158T	ACC>ACT	Synonymous	ENSP00000361097
PD51606b	10	88678649	A	G	LIPF	1	A	G	CAT	CGT	I389V	A1165G	ATT>GTT	Missense	ENSP00000238983
PD51606b	10	89245781	A	T	LIPA	-1	T	A	CTC	CAC	S42T	T124A	TCT>ACT	Missense	ENSP00000337354
PD51606b	10	94283829	A	T	PLCE1	1	A	T	AAT	ATT	N1612I	A4835T	AAT>ATT	Missense	ENSP00000360431
PD51606b	10	95045893	TCAGCTACAGTGCCAACCAAGTTTTCAATAT	TAGC	CYP2C8	-1	.	.	.	.	.	848-877-delinframe	.	no-SNV	ENSP00000360317
PD51606b	10	96156811	G	A	ZNF518A	1	G	A	AGG	AAG	Q163Q	G489A	CAG>CAA	Synonymous	ENSP00000479684
PD51606b	10	96158813	A	G	ZNF518A	1	A	G	GAA	GGA	K831E	A2491G	AAA>GAA	Missense	ENSP00000479684
PD51606b	10	101694451	A	T	FBXW4	-1	T	A	CTG	CAG	C219S	T655A	TGC>AGC	Missense	ENSP00000359149
PD51606b	10	113040027	T	G	TCF7L2	1	T	G	ATC	AGC	Y128*	T384G	TAT>TAG	Nonsense	ENSP00000440547
PD51606b	10	124021392	T	C	CHST15	-1	A	G	TAC	TGC	Y404C	A1211G	TAC>TGC	Missense	ENSP00000333947
PD51606b	11	613016	T	C	IRF7	-1	A	G	GAG	GGG	S460G	A1378G	AGC>GGC	Missense	ENSP00000329411
PD51606b	11	1027725	G	A	MUC6	-1	C	T	GCG	GTG	G647G	C1941T	GGC>GGT	Synonymous	ENSP00000406861
PD51606b	11	3723405	T	C	NUP98	-1	A	G	GAT	GGT	D633G	A1898G	GAT>GGT	Missense	ENSP00000316032
PD51606b	11	6625401	G	C	DCHS1	-1	C	G	CCC	CGC	P2315A	C6943G	CCA>GCA	Missense	ENSP00000299441
PD51606b	11	12517660	C	T	PARVA	1	C	T	ACT	ATT	Y306Y	C918T	TAC>TAT	Synonymous	ENSP00000334008
PD51606b	11	17397304	A	T	ABCC8	-1	T	A	CTA	CAA	Y1293N	T3877A	TAC>AAC	Missense	ENSP00000374467
PD51606b	11	58031678	C	T	OR6Q1	1	C	T	TCT	TTT	F242F	C726T	TTC>TTT	Synonymous	ENSP00000307734
PD51606b	11	59503804	A	G	OR4D11	1	A	G	AAC	AGC	T77A	A229G	ACT>GCT	Missense	ENSP00000320077
PD51606b	11	59576708	C	T	OSBP	-1	G	A	TGA	TAA	D765N	G2293A	GAT>AAT	Missense	ENSP00000263847
PD51606b	11	65978914	C	T	SART1	1	C	T	GCG	GTG	A795V	C2384T	GCG>GTG	Missense	ENSP00000310448
PD51606b	11	74132919	A	C	C2CD3	-1	T	G	CTC	CGC	L381R	T1142G	CTC>CGC	Missense	ENSP00000334379
PD51606b	11	74138859	C	G	C2CD3	-1	G	C	TGA	TCA	L272L	G816C	CTG>CTC	Synonymous	ENSP00000334379
PD51606b	11	85685620	C	T	CCDC89	-1	G	A	GGA	GAA	D171N	G511A	GAT>AAT	Missense	ENSP00000320649
PD51606b	11	89804452	T	C	TRIM49	-1	A	G	TAC	TGC	L6L	A18G	TTA>TTG	Synonymous	ENSP00000327604
PD51606b	11	110137087	C	T	ZC3H12C	1	C	T	TCC	TTC	S118F	C353T	TCC>TTC	Missense	ENSP00000413094
PD51606b	11	116782199	G	C	ZPR1	-1	C	G	ACA	AGA	Q380E	C1138G	CAG>GAG	Missense	ENSP00000227322
PD51606b	11	119097228	T	C	DPAGT1	-1	A	G	TAA	TGA	N359D	A1075G	AAC>GAC	Missense	ENSP00000386597
PD51606b	11	133929783	C	A	IGSF9B	-1	G	T	AGG	ATG	.	.	.	Essential_Splice	ENSP00000436552
PD51606b	12	8539948	C	T	CLEC4E	-1	G	A	AGA	AAA	.	.	.	Essential_Splice	ENSP00000299663
PD51606b	12	13084952	G	C	GSG1	-1	C	G	GCC	GGC	S323R	C969G	AGC>AGG	Missense	ENSP00000405032
PD51606b	12	21882835	A	G	ABCC9	-1	T	C	ATC	ACC	Y650Y	T1950C	TAT>TAC	Synonymous	ENSP00000261200
PD51606b	12	30728932	G	A	CAPRIN2	-1	C	T	TCA	TTA	Q500*	C1498T	CAG>TAG	Nonsense	ENSP00000298892
PD51606b	12	32294052	A	C	BICD1	1	A	C	AAG	ACG	K162T	A485C	AAG>ACG	Missense	ENSP00000498700
PD51606b	12	44779658	G	T	NELL2	-1	C	A	TCT	TAT	.	.	.	Essential_Splice	ENSP00000394612
PD51606b	12	50177367	T	C	LIMA1	-1	A	G	AAG	AGG	K659K	A1977G	AAA>AAG	Synonymous	ENSP00000340184
PD51606b	12	52450575	T	C	KRT6B	-1	A	G	GAC	GGC	T196A	A586G	ACC>GCC	Missense	ENSP00000252252
PD51606b	12	55453117	T	G	OR6C2	1	T	G	CTC	CGC	S302A	T904G	TCT>GCT	Missense	ENSP00000493222
PD51606b	12	55837247	C	T	MMP19	-1	G	A	CGA	CAA	R439Q	G1316A	CGA>CAA	Missense	ENSP00000313437
PD51606b	12	56179003	C	G	SMARCC2	-1	G	C	CGA	CCA	D379H	G1135C	GAC>CAC	Missense	ENSP00000267064
PD51606b	12	57003992	G	C	ZBTB39	-1	C	G	CCT	CGT	P309R	C926G	CCT>CGT	Missense	ENSP00000300101
PD51606b	12	57192900	C	G	LRP1	1	C	G	TCA	TGA	L2495L	C7485G	CTC>CTG	Synonymous	ENSP00000243077
PD51606b	12	85980112	T	A	MGAT4C	-1	A	T	GAT	GTT	D205V	A614T	GAT>GTT	Missense	ENSP00000447253
PD51606b	12	106321652	G	C	TCP11L2	1	G	C	CGA	CCA	R194P	G581C	CGA>CCA	Missense	ENSP00000299045
PD51606b	12	111518271	T	G	ATXN2	-1	A	C	CAG	CCG	S541S	A1623C	TCA>TCC	Synonymous	ENSP00000446576
PD51606b	12	117075311	G	A	TESC	-1	C	T	TCG	TTG	R30W	C88T	CGG>TGG	Missense	ENSP00000334785
PD51606b	12	120138398	TG	T	GCN1	-1	.	.	.	.	.	6173-6173-delfrshift	.	no-SNV	ENSP00000300648
PD51606b	12	123607647	G	A	DDX55	1	G	A	AGG	AAG	R129K	G386A	AGG>AAG	Missense	ENSP00000238146
PD51606b	12	132050407	T	G	EP400	1	T	G	CTT	CGT	F2429V	T7285G	TTT>GTT	Missense	ENSP00000374212
PD51606b	13	24800483	C	G	RNF17	1	C	G	TCC	TGC	I569M	C1707G	ATC>ATG	Missense	ENSP00000255324
PD51606b	13	32311697	G	A	ZAR1L	-1	C	T	CCC	CTC	P77S	C229T	CCC>TCC	Missense	ENSP00000344616
PD51606b	13	36126120	G	A	DCLK1	-1	C	T	ACA	ATA	D6D	C18T	GAC>GAT	Synonymous	ENSP00000353846
PD51606b	13	38692166	G	A	FREM2	1	G	A	TGG	TAG	G1608S	G4822A	GGC>AGC	Missense	ENSP00000280481
PD51606b	13	50012388	G	C	TRIM13	1	G	C	TGA	TCA	E153Q	G457C	GAG>CAG	Missense	ENSP00000348299
PD51606b	13	51958508	T	C	ATP7B	-1	A	G	CAA	CGA	K720E	A2158G	AAA>GAA	Missense	ENSP00000242839
PD51606b	13	52083263	C	A	NEK5	-1	G	T	TGC	TTC	V523V	G1569T	GTG>GTT	Synonymous	ENSP00000347767
PD51606b	13	52845894	T	A	PCDH8	-1	A	T	GAA	GTA	E848V	A2543T	GAA>GTA	Missense	ENSP00000367177
PD51606b	13	60528887	A	G	TDRD3	1	A	G	TAA	TGA	I554M	A1662G	ATA>ATG	Missense	ENSP00000367113
PD51606b	13	95641682	CC	AT	DZIP1	-1	.	.	.	.	.	209-210-mnv	.	no-SNV	ENSP00000257312
PD51606b	14	19975814	CT	C	OR4K15	1	.	.	.	.	.	225-225-delfrshift	.	no-SNV	ENSP00000304077
PD51606b	14	24058915	G	T	CARMIL3	1	G	T	TGG	TTG	L500L	G1500T	CTG>CTT	Synonymous	ENSP00000340467
PD51606b	14	49734648	A	G	KLHDC1	1	A	G	TAA	TGA	K295E	A883G	AAA>GAA	Missense	ENSP00000352282
PD51606b	14	49834421	A	G	NEMF	-1	T	C	GTC	GCC	C201C	T603C	TGT>TGC	Synonymous	ENSP00000298310
PD51606b	14	51991430	T	G	RTRAF	1	T	G	GTT	GGT	F59V	T175G	TTC>GTC	Missense	ENSP00000261700
PD51606b	14	59323049	G	T	DAAM1	1	G	T	GGC	GTC	A200S	G598T	GCT>TCT	Missense	ENSP00000354162
PD51606b	14	60979387	A	G	TRMT5	-1	T	C	ATA	ACA	Y171H	T511C	TAC>CAC	Missense	ENSP00000261249
PD51606b	14	64001969	T	TA	SYNE2	1	.	.	.	.	.	3673-3674-insfrshift	.	no-SNV	ENSP00000350719
PD51606b	14	67789581	T	C	ZFYVE26	-1	A	G	TAT	TGT	I925V	A2773G	ATC>GTC	Missense	ENSP00000251119
PD51606b	14	75783482	G	A	TTLL5	1	G	A	TGC	TAC	A980T	G2938A	GCA>ACA	Missense	ENSP00000298832
PD51606b	14	81396022	G	A	STON2	-1	C	T	GCT	GTT	A82V	C245T	GCT>GTT	Missense	ENSP00000498075
PD51606b	14	94382625	CTG	C	SERPINA1	-1	.	.	.	.	.	611-612-delfrshift	.	no-SNV	ENSP00000416066
PD51606b	14	94382724	C	T	SERPINA1	-1	G	A	CGG	CAG	G172R	G514A	GGG>AGG	Missense	ENSP00000416066
PD51606b	14	99507113	T	G	CCNK	1	T	G	CTC	CGC	T361T	T1083G	ACT>ACG	Synonymous	ENSP00000374529
PD51606b	14	102326696	C	T	ZNF839	1	C	T	ACT	ATT	L334F	C1000T	CTT>TTT	Missense	ENSP00000399863
PD51606b	14	102897365	G	T	TRAF3	1	G	T	TGC	TTC	M308I	G924T	ATG>ATT	Missense	ENSP00000454207
PD51606b	15	40623613	A	G	KNL1	1	A	G	TAT	TGT	I1117V	A3349G	ATT>GTT	Missense	ENSP00000382576
PD51606b	15	41885811	G	A	SPTBN5	-1	C	T	GCG	GTG	R482C	C1444T	CGC>TGC	Missense	ENSP00000317790
PD51606b	15	43647456	G	A	CATSPER2	-1	C	T	CCA	CTA	Q53*	C157T	CAG>TAG	Nonsense	ENSP00000321463
PD51606b	15	61962526	T	C	VPS13C	-1	A	G	AAT	AGT	M1107V	A3319G	ATG>GTG	Missense	ENSP00000249837
PD51606b	15	73323776	TG	T	HCN4	-1	.	.	.	.	.	2316-2316-delfrshift	.	no-SNV	ENSP00000261917
PD51606b	15	82677368	T	G	AP3B2	-1	A	C	GAG	GCG	E465A	A1394C	GAG>GCG	Missense	ENSP00000499235
PD51606b	15	87933105	T	A	NTRK3	-1	A	T	CAC	CTC	H599L	A1796T	CAC>CTC	Missense	ENSP00000377990
PD51606b	16	372698	G	A	PGAP6	-1	C	T	TCG	TTG	I644I	C1932T	ATC>ATT	Synonymous	ENSP00000401338
PD51606b	16	2209454	G	A	BRICD5	-1	C	T	GCC	GTC	P199S	C595T	CCC>TCC	Missense	ENSP00000332389
PD51606b	16	3408550	C	A	ZNF174	1	C	A	TCA	TAA	I285I	C855A	ATC>ATA	Synonymous	ENSP00000268655
PD51606b	16	10694795	C	G	TEKT5	-1	G	C	TGT	TCT	V27L	G79C	GTA>CTA	Missense	ENSP00000283025
PD51606b	16	29744798	A	G	C16orf54	-1	T	C	GTT	GCT	L52L	T154C	TTG>CTG	Synonymous	ENSP00000327506
PD51606b	16	57728423	G	T	DRC7	1	G	T	GGT	GTT	V744L	G2230T	GTG>TTG	Missense	ENSP00000353942
PD51606b	16	67616771	T	G	CTCF	1	T	G	CTG	CGG	C327G	T979G	TGC>GGC	Missense	ENSP00000494538
PD51606b	17	1436672	ACCCTGGCATATATG	AATATATAT	CRK	-1	.	.	.	.	.	711-724-delfrshift	.	no-SNV	ENSP00000300574
PD51606b	17	4533011	G	A	SPNS2	1	G	A	GGC	GAC	A324T	G970A	GCT>ACT	Missense	ENSP00000333292
PD51606b	17	4635815	C	T	ALOX15	-1	G	A	TGA	TAA	E369K	G1105A	GAG>AAG	Missense	ENSP00000293761
PD51606b	17	5558354	G	C	NLRP1	-1	C	G	CCC	CGC	P781R	C2342G	CCC>CGC	Missense	ENSP00000478516
PD51606b	17	7906686	G	A	CHD3	1	G	A	CGT	CAT	V1498I	G4492A	GTC>ATC	Missense	ENSP00000332628
PD51606b	17	9836453	A	G	GLP2R	1	A	G	CAT	CGT	S120S	A360G	TCA>TCG	Synonymous	ENSP00000262441
PD51606b	17	10392606	C	T	MYH8	-1	G	A	CGT	CAT	R1835H	G5504A	CGT>CAT	Missense	ENSP00000384330
PD51606b	17	28610677	T	C	RSKR	-1	A	G	CAT	CGT	H345R	A1034G	CAT>CGT	Missense	ENSP00000301037
PD51606b	17	30379310	C	T	CPD	1	C	T	GCG	GTG	G110G	C330T	GGC>GGT	Synonymous	ENSP00000225719
PD51606b	17	30379338	G	A	CPD	1	G	A	CGA	CAA	D120N	G358A	GAC>AAC	Missense	ENSP00000225719
PD51606b	17	37181277	AG	A	ACACA	-1	.	.	.	.	.	4744-4744-delfrshift	.	no-SNV	ENSP00000478547
PD51606b	17	40797226	G	A	KRT28	-1	C	T	GCG	GTG	A249V	C746T	GCG>GTG	Missense	ENSP00000305263
PD51606b	17	43213156	A	G	TMEM106A	1	A	G	CAG	CGG	S39G	A115G	AGC>GGC	Missense	ENSP00000466820
PD51606b	17	44013094	G	A	TMEM101	-1	C	T	GCT	GTT	A127V	C380T	GCT>GTT	Missense	ENSP00000468025
PD51606b	17	44913788	C	T	GFAP	-1	G	A	TGG	TAG	L186L	G558A	CTG>CTA	Synonymous	ENSP00000466598
PD51606b	17	46171800	G	A	KANSL1	-1	C	T	TCT	TTT	S115F	C344T	TCT>TTT	Missense	ENSP00000262419
PD51606b	17	50136037	T	G	PPP1R9B	-1	A	C	CAG	CCG	Q745P	A2234C	CAG>CCG	Missense	ENSP00000478767
PD51606b	17	50982636	T	A	SPAG9	-1	A	T	GAC	GTC	D1042V	A3125T	GAC>GTC	Missense	ENSP00000262013
PD51606b	17	51635947	T	A	CA10	-1	A	T	CAT	CTT	I233F	A697T	ATC>TTC	Missense	ENSP00000390666
PD51606b	17	53823779	C	G	KIF2B	1	C	G	TCC	TGC	S249C	C746G	TCC>TGC	Missense	ENSP00000268919
PD51606b	17	75494928	C	A	TMEM94	1	C	A	GCT	GAT	G874G	C2622A	GGC>GGA	Synonymous	ENSP00000313885
PD51606b	17	78569521	T	C	DNAH17	-1	A	G	AAC	AGC	T351A	A1051G	ACC>GCC	Missense	ENSP00000374490
PD51606b	17	80205135	G	A	CARD14	1	G	A	TGC	TAC	V833V	G2499A	GTG>GTA	Synonymous	ENSP00000498071
PD51606b	17	82088479	TTGA	T	FASN	-1	.	.	.	.	.	2501-2503-delinframe	.	no-SNV	ENSP00000304592
PD51606b	18	37270906	G	A	CELF4	-1	C	T	CCC	CTC	P321S	C961T	CCT>TCT	Missense	ENSP00000410584
PD51606b	18	54937970	A	ACTT	CCDC68	-1	.	.	.	.	.	332-333-insfrshift	.	no-SNV	ENSP00000337209
PD51606b	18	58981622	A	G	ZNF532	1	A	G	TAA	TGA	.	.	.	Essential_Splice	ENSP00000468532
PD51606b	18	76442716	G	A	ZNF516	-1	C	T	CCT	CTT	A113A	C339T	GCC>GCT	Synonymous	ENSP00000394757
PD51606b	19	3600604	A	G	TBXA2R	-1	T	C	CTG	CCG	C11R	T31C	TGT>CGT	Missense	ENSP00000364336
PD51606b	19	3734360	C	T	TJP3	1	C	T	GCA	GTA	A313V	C938T	GCA>GTA	Missense	ENSP00000465419
PD51606b	19	4513663	C	T	PLIN4	-1	G	A	TGT	TAT	M85I	G255A	ATG>ATA	Missense	ENSP00000301286
PD51606b	19	5707092	G	A	LONP1	-1	C	T	ACT	ATT	L372L	C1114T	CTG>TTG	Synonymous	ENSP00000353826
PD51606b	19	5917858	TG	T	RANBP3	-1	.	.	.	.	.	1595-1595-delfrshift	.	no-SNV	ENSP00000341483
PD51606b	19	10116892	CGGGTGGTCCAGT	C	EIF3G	-1	.	.	.	.	.	491-502-delinframe	.	no-SNV	ENSP00000253108
PD51606b	19	10682702	G	T	ILF3	1	G	T	CGA	CTA	E516*	G1546T	GAG>TAG	Nonsense	ENSP00000404121
PD51606b	19	11887968	ATCTGAAAGCCAGGAAATGGTGCGTG	A	ZNF69	1	.	.	.	.	.	46-63-delinframe	.	no-SNV	ENSP00000402985
PD51606b	19	12774886	GA	G	HOOK2	-1	.	.	.	.	.	56-56-delfrshift	.	no-SNV	ENSP00000264827
PD51606b	19	15428364	T	C	WIZ	-1	A	G	GAC	GGC	D1187G	A3560G	GAC>GGC	Missense	ENSP00000500993
PD51606b	19	20806865	A	T	ZNF66	1	A	T	GAG	GTG	E422V	A1265T	GAG>GTG	Missense	ENSP00000461425
PD51606b	19	21057454	T	A	ZNF430	1	T	A	TTT	TAT	F382L	T1146A	TTT>TTA	Missense	ENSP00000261560
PD51606b	19	21117558	A	C	ZNF714	1	A	C	CAT	CCT	S298S	A894C	TCA>TCC	Synonymous	ENSP00000478345
PD51606b	19	22314865	C	T	ZNF729	1	C	T	ACT	ATT	T483I	C1448T	ACT>ATT	Missense	ENSP00000469582
PD51606b	19	32797803	T	C	TDRD12	1	T	C	ATA	ACA	Y514Y	T1542C	TAT>TAC	Synonymous	ENSP00000496698
PD51606b	19	32818092	G	A	TDRD12	1	G	A	CGA	CAA	P1111P	G3333A	CCG>CCA	Synonymous	ENSP00000496698
PD51606b	19	34194587	T	A	LSM14A	1	T	A	TTT	TAT	V77V	T231A	GTT>GTA	Synonymous	ENSP00000446271
PD51606b	19	34959348	A	T	ZNF792	-1	T	A	CTG	CAG	S169S	T507A	TCT>TCA	Synonymous	ENSP00000385099
PD51606b	19	35940139	C	G	LRFN3	1	C	G	CCG	CGG	P238P	C714G	CCC>CCG	Synonymous	ENSP00000466989
PD51606b	19	40075479	AATAAGTTGGTAATG	A	ZNF780A	-1	.	.	.	.	.	949-962-delfrshift	.	no-SNV	ENSP00000506741
PD51606b	19	45961119	G	T	NOVA2	-1	C	A	CCA	CAA	P40P	C120A	CCC>CCA	Synonymous	ENSP00000263257
PD51606b	19	47375566	A	G	DHX34	1	A	G	CAC	CGC	H722R	A2165G	CAC>CGC	Missense	ENSP00000331907
PD51606b	19	47540187	G	A	ZNF541	-1	C	T	GCA	GTA	Q871*	C2611T	CAG>TAG	Nonsense	ENSP00000375770
PD51606b	19	49202002	G	A	TRPM4	1	G	A	CGG	CAG	G998S	G2992A	GGC>AGC	Missense	ENSP00000252826
PD51606b	19	49427079	C	T	GFY	1	C	T	GCA	GTA	H217Y	C649T	CAT>TAT	Missense	ENSP00000478493
PD51606b	19	52291074	A	G	ZNF766	1	A	G	AAT	AGT	N428S	A1283G	AAT>AGT	Missense	ENSP00000409652
PD51606b	19	53381060	A	G	ZNF525	1	A	G	TAA	TGA	N161D	A481G	AAT>GAT	Missense	ENSP00000417696
PD51606b	19	54889830	G	A	FCAR	1	G	A	TGA	TAA	L277L	G831A	TTG>TTA	Synonymous	ENSP00000347714
PD51606b	19	54939623	C	T	NLRP7	-1	G	A	TGC	TAC	C399Y	G1196A	TGC>TAC	Missense	ENSP00000468706
PD51606b	19	55342018	G	T	KMT5C	1	G	T	CGG	CTG	G28C	G82T	GGT>TGT	Missense	ENSP00000255613
PD51606b	19	57776664	C	T	ZNF586	1	C	T	TCC	TTC	S53F	C158T	TCC>TTC	Missense	ENSP00000379458
PD51606b	2	1493888	G	T	TPO	1	G	T	GGC	GTC	A619S	G1855T	GCC>TCC	Missense	ENSP00000318820
PD51606b	2	3558259	A	C	RNASEH1	-1	T	G	ATG	AGG	M1R	T2G	ATG>AGG	Missense	ENSP00000313350
PD51606b	2	27483331	G	A	IFT172	-1	C	T	TCG	TTG	I176I	C528T	ATC>ATT	Synonymous	ENSP00000260570
PD51606b	2	42609495	T	A	MTA3	1	T	A	CTG	CAG	A76A	T228A	GCT>GCA	Synonymous	ENSP00000385823
PD51606b	2	50236820	G	A	NRXN1	-1	C	T	TCA	TTA	S1164L	C3491T	TCA>TTA	Missense	ENSP00000485887
PD51606b	2	96267360	A	G	CIAO1	1	A	G	CAC	CGC	H60R	A179G	CAC>CGC	Missense	ENSP00000418287
PD51606b	2	96865231	T	C	SEMA4C	-1	A	G	GAC	GGC	T203A	A607G	ACA>GCA	Missense	ENSP00000306844
PD51606b	2	100571593	TC	T	PDCL3	1	.	.	.	.	.	373-373-delfrshift	.	no-SNV	ENSP00000264254
PD51606b	2	121365128	A	G	CLASP1	-1	T	C	CTG	CCG	L1287P	T3860C	CTG>CCG	Missense	ENSP00000441625
PD51606b	2	127426207	C	T	PROC	1	C	T	GCG	GTG	R220W	C658T	CGG>TGG	Missense	ENSP00000234071
PD51606b	2	130115225	C	A	POTEF	-1	G	T	AGC	ATC	A209S	G625T	GCT>TCT	Missense	ENSP00000386786
PD51606b	2	135168591	C	T	RAB3GAP1	1	C	T	TCC	TTC	S926F	C2777T	TCC>TTC	Missense	ENSP00000411418
PD51606b	2	148771272	A	G	EPC2	1	A	G	TAC	TGC	L535L	A1605G	TTA>TTG	Synonymous	ENSP00000258484
PD51606b	2	157299656	C	G	GALNT5	1	C	G	TCT	TGT	L702L	C2106G	CTC>CTG	Synonymous	ENSP00000259056
PD51606b	2	161879245	G	T	SLC4A10	1	G	T	AGC	ATC	A325S	G973T	GCT>TCT	Missense	ENSP00000272716
PD51606b	2	166405711	G	A	SCN7A	-1	C	T	CCG	CTG	R1640C	C4918T	CGC>TGC	Missense	ENSP00000403846
PD51606b	2	167245377	G	C	XIRP2	1	G	C	AGG	ACG	G1107R	G3319C	GGG>CGG	Missense	ENSP00000499978
PD51606b	2	167245478	TAATA	T	XIRP2	1	.	.	.	.	.	3421-3424-delfrshift	.	no-SNV	ENSP00000499978
PD51606b	2	178372207	G	A	OSBPL6	1	G	A	TGT	TAT	V482I	G1444A	GTA>ATA	Missense	ENSP00000376293
PD51606b	2	178534219	G	A	TTN	-1	C	T	CCA	CTA	S34132S	C102396T	TCC>TCT	Synonymous	ENSP00000467141
PD51606b	2	178776848	A	G	TTN	-1	T	C	TTG	TCG	I1672I	T5016C	ATT>ATC	Synonymous	ENSP00000467141
PD51606b	2	181987896	C	T	PPP1R1C	1	C	T	CCC	CTC	P47S	C139T	CCA>TCA	Missense	ENSP00000507052
PD51606b	2	185790026	A	C	FSIP2	1	A	C	TAG	TCG	S964R	A2890C	AGT>CGT	Missense	ENSP00000401306
PD51606b	2	189011673	C	G	COL3A1	1	C	G	ACG	AGG	R1434G	C4300G	CGC>GGC	Missense	ENSP00000304408
PD51606b	2	189853942	A	G	PMS1	1	A	G	AAT	AGT	I276V	A826G	ATC>GTC	Missense	ENSP00000406490
PD51606b	2	210616541	G	A	CPS1	1	G	A	AGG	AAG	S896N	G2687A	AGT>AAT	Missense	ENSP00000501073
PD51606b	2	218534659	C	T	USP37	-1	G	A	AGT	AAT	S243N	G728A	AGT>AAT	Missense	ENSP00000396585
PD51606b	2	231070145	C	A	PSMD1	1	C	A	ACC	AAC	P211T	C631A	CCT>ACT	Missense	ENSP00000503068
PD51606b	2	232329887	C	G	DIS3L2	1	C	G	GCC	GGC	A605G	C1814G	GCC>GGC	Missense	ENSP00000315569
PD51606b	2	241570270	G	A	BOK	1	G	A	TGC	TAC	L165L	G495A	CTG>CTA	Synonymous	ENSP00000314132
PD51606b	20	845380	C	G	FAM110A	1	C	G	GCG	GGG	S192R	C576G	AGC>AGG	Missense	ENSP00000354163
PD51606b	20	1551754	A	G	SIRPD	-1	T	C	GTT	GCT	F120L	T358C	TTC>CTC	Missense	ENSP00000371036
PD51606b	20	3218562	C	T	ITPA	1	C	T	GCG	GTG	A114V	C341T	GCG>GTG	Missense	ENSP00000369456
PD51606b	20	20368886	G	A	INSM1	1	G	A	CGC	CAC	A207T	G619A	GCC>ACC	Missense	ENSP00000312631
PD51606b	20	21512294	GCTGCTGCCGA	G	NKX2-2	-1	.	.	.	.	.	441-450-delfrshift	.	no-SNV	ENSP00000366347
PD51606b	20	35652858	G	C	RBM12	-1	C	G	CCA	CGA	P822R	C2465G	CCA>CGA	Missense	ENSP00000352668
PD51606b	20	36255627	A	G	AAR2	1	A	G	AAG	AGG	K346R	A1037G	AAG>AGG	Missense	ENSP00000505295
PD51606b	20	36613937	C	T	SLA2	-1	G	A	TGA	TAA	E239K	G715A	GAG>AAG	Missense	ENSP00000262866
PD51606b	20	44310978	G	C	FITM2	-1	C	G	ACG	AGG	N57K	C171G	AAC>AAG	Missense	ENSP00000380037
PD51606b	20	46199500	C	T	CDH22	-1	G	A	GGC	GAC	G449D	G1346A	GGC>GAC	Missense	ENSP00000437790
PD51606b	21	17608991	A	G	BTG3	-1	T	C	ATC	ACC	S52P	T154C	TCG>CCG	Missense	ENSP00000284879
PD51606b	21	28960673	T	C	LTN1	-1	A	G	AAC	AGC	T779A	A2335G	ACT>GCT	Missense	ENSP00000478783
PD51606b	21	33246849	CGTT	C	IFNAR2	1	.	.	.	.	.	354-356-delinframe	.	no-SNV	ENSP00000508013
PD51606b	21	44286664	G	C	AIRE	1	G	C	TGC	TCC	V80V	G240C	GTG>GTC	Synonymous	ENSP00000291582
PD51606b	21	46121607	C	T	COL6A2	1	C	T	GCC	GTC	P504S	C1510T	CCA>TCA	Missense	ENSP00000300527
PD51606b	21	46509292	C	T	DIP2A	1	C	T	CCA	CTA	Q274*	C820T	CAG>TAG	Nonsense	ENSP00000392066
PD51606b	22	16591588	C	T	CCT8L2	-1	G	A	TGG	TAG	M321I	G963A	ATG>ATA	Missense	ENSP00000353048
PD51606b	22	20465262	C	T	KLHL22	-1	G	A	AGC	AAC	E236E	G708A	GAG>GAA	Synonymous	ENSP00000331682
PD51606b	22	20742235	T	A	PI4KA	-1	A	T	GAA	GTA	E1245V	A3734T	GAA>GTA	Missense	ENSP00000255882
PD51606b	22	20804332	C	A	PI4KA	-1	G	T	TGC	TTC	A477S	G1429T	GCT>TCT	Missense	ENSP00000255882
PD51606b	22	23862144	G	T	SLC2A11	1	G	T	GGC	GTC	G21V	G62T	GGC>GTC	Missense	ENSP00000342542
PD51606b	22	29561620	CCGC	CAG	NIPSNAP1	-1	.	.	.	.	.	462-464-delinframe	.	no-SNV	ENSP00000216121
PD51606b	22	30555901	G	A	GAL3ST1	-1	C	T	TCC	TTC	F108F	C324T	TTC>TTT	Synonymous	ENSP00000343234
PD51606b	22	38074922	C	G	PICK1	1	C	G	ACG	AGG	N346K	C1038G	AAC>AAG	Missense	ENSP00000385205
PD51606b	22	45923120	C	T	WNT7B	-1	G	A	AGC	AAC	K262K	G786A	AAG>AAA	Synonymous	ENSP00000341032
PD51606b	22	50465235	G	T	SBF1	-1	C	A	GCC	GAC	P395T	C1183A	CCT>ACT	Missense	ENSP00000370196
PD51606b	22	50721831	TGCCCA	T	SHANK3	1	.	.	.	.	.	3978-3982-delfrshift	.	no-SNV	ENSP00000489407
PD51606b	3	32537097	G	A	DYNC1LI1	-1	C	T	GCC	GTC	A249V	C746T	GCC>GTC	Missense	ENSP00000273130
PD51606b	3	33592455	C	T	CLASP2	-1	G	A	GGG	GAG	G671R	G2011A	GGA>AGA	Missense	ENSP00000419974
PD51606b	3	43577263	T	C	ANO10	-1	A	G	TAG	TGG	.	.	.	Essential_Splice	ENSP00000292246
PD51606b	3	44997160	T	C	EXOSC7	1	T	C	CTA	CCA	Y110H	T328C	TAT>CAT	Missense	ENSP00000265564
PD51606b	3	47772836	GGGTTGGTGACATGCTTCCCAA	G	SMARCC1	-1	.	.	.	.	.	275-295-delinframe	.	no-SNV	ENSP00000254480
PD51606b	3	49795245	C	A	CDHR4	-1	G	T	TGT	TTT	V328L	G982T	GTG>TTG	Missense	ENSP00000391409
PD51606b	3	49910550	GCGCGCA	G	MON1A	-1	.	.	.	.	.	942-947-delinframe	.	no-SNV	ENSP00000494452
PD51606b	3	50218284	A	T	SLC38A3	1	A	T	AAG	ATG	K317M	A950T	AAG>ATG	Missense	ENSP00000481301
PD51606b	3	52386350	G	A	DNAH1	1	G	A	GGC	GAC	.	.	.	Essential_Splice	ENSP00000401514
PD51606b	3	52803852	CAGCAAGAACGCCCATGGCGAGG	C	ITIH3	1	.	.	.	.	.	1710-1729-delfrshift	.	no-SNV	ENSP00000415769
PD51606b	3	52826931	G	A	ITIH4	-1	C	T	GCA	GTA	Q127*	C379T	CAG>TAG	Nonsense	ENSP00000266041
PD51606b	3	57073791	C	T	SPATA12	1	C	T	GCC	GTC	P33S	C97T	CCA>TCA	Missense	ENSP00000335392
PD51606b	3	58077080	C	T	FLNB	1	C	T	TCA	TTA	L109L	C327T	CTC>CTT	Synonymous	ENSP00000295956
PD51606b	3	58149849	G	A	FLNB	1	G	A	AGG	AAG	.	.	.	Essential_Splice	ENSP00000295956
PD51606b	3	97532537	A	C	EPHA6	1	A	C	CAC	CCC	T794P	A2380C	ACC>CCC	Missense	ENSP00000374323
PD51606b	3	97877596	A	G	CRYBG3	1	A	G	TAA	TGA	L2134L	A6402G	TTA>TTG	Synonymous	ENSP00000374273
PD51606b	3	100295089	T	C	TBC1D23	1	T	C	TTG	TCG	L201L	T603C	CTT>CTC	Synonymous	ENSP00000377700
PD51606b	3	119191000	C	T	UPK1B	1	C	T	CCT	CTT	L122L	C364T	CTG>TTG	Synonymous	ENSP00000264234
PD51606b	3	119863502	G	C	GSK3B	-1	C	G	TCA	TGA	S351*	C1052G	TCA>TGA	Nonsense	ENSP00000324806
PD51606b	3	122948539	C	T	SEMA5B	-1	G	A	CGC	CAC	A41T	G121A	GCC>ACC	Missense	ENSP00000497595
PD51606b	3	126105766	G	A	ALDH1L1	-1	C	T	CCT	CTT	P871P	C2613T	CCC>CCT	Synonymous	ENSP00000377083
PD51606b	3	130469249	T	C	COL6A5	1	T	C	CTG	CCG	A2411A	T7233C	GCT>GCC	Synonymous	ENSP00000265379
PD51606b	3	132631397	T	C	ACAD11	-1	A	G	TAC	TGC	Y262C	A785G	TAC>TGC	Missense	ENSP00000264990
PD51606b	3	132683448	G	C	NPHP3	-1	C	G	CCT	CGT	P1216R	C3647G	CCT>CGT	Missense	ENSP00000338766
PD51606b	3	134545717	C	T	CEP63	1	C	T	GCC	GTC	R229R	C687T	CGC>CGT	Synonymous	ENSP00000507217
PD51606b	3	197115982	G	A	DLG1	-1	C	T	GCC	GTC	A496V	C1487T	GCC>GTC	Missense	ENSP00000345731
PD51606b	3	197832227	C	T	LRCH3	1	C	T	TCG	TTG	R338*	C1012T	CGA>TGA	Nonsense	ENSP00000394763
PD51606b	4	6295132	C	T	WFS1	1	C	T	ACG	ATG	D268D	C804T	GAC>GAT	Synonymous	ENSP00000226760
PD51606b	4	9782386	C	T	DRD5	1	C	T	TCG	TTG	F119F	C357T	TTC>TTT	Synonymous	ENSP00000306129
PD51606b	4	11399191	C	T	HS3ST1	-1	G	A	CGG	CAG	R272Q	G815A	CGG>CAG	Missense	ENSP00000002596
PD51606b	4	47936954	G	C	CNGA1	-1	C	G	ACG	AGG	R510G	C1528G	CGA>GGA	Missense	ENSP00000384264
PD51606b	4	49030924	C	T	CWH43	1	C	T	ACA	ATA	T491I	C1472T	ACA>ATA	Missense	ENSP00000226432
PD51606b	4	69107249	G	C	UGT2B7	1	G	C	AGA	ACA	Q359H	G1077C	CAG>CAC	Missense	ENSP00000304811
PD51606b	4	73091976	T	C	ANKRD17	-1	A	G	CAT	CGT	A1771A	A5313G	GCA>GCG	Synonymous	ENSP00000427151
PD51606b	4	73409409	TTTC	T	ALB	1	.	.	.	.	.	538-540-delinframe	.	no-SNV	ENSP00000295897
PD51606b	4	82845225	A	G	SEC31A	-1	T	C	CTG	CCG	P857P	T2571C	CCT>CCC	Synonymous	ENSP00000421633
PD51606b	4	108621977	A	C	RPL34	1	A	C	CAT	CCT	T6T	A18C	ACA>ACC	Synonymous	ENSP00000378162
PD51606b	4	112587676	A	AT	ZGRF1	-1	.	.	.	.	.	3381-3382-insfrshift	.	no-SNV	ENSP00000424737
PD51606b	4	113356992	G	A	ANK2	1	G	A	AGG	AAG	G2792S	G8374A	GGT>AGT	Missense	ENSP00000349588
PD51606b	4	128849112	C	T	JADE1	1	C	T	TCA	TTA	L143L	C429T	CTC>CTT	Synonymous	ENSP00000425730
PD51606b	4	154567646	T	A	FGB	1	T	A	ATA	AAA	Y182N	T544A	TAT>AAT	Missense	ENSP00000306099
PD51606b	5	14749233	C	T	ANKH	-1	G	A	AGT	AAT	S254N	G761A	AGT>AAT	Missense	ENSP00000284268
PD51606b	5	32089194	C	T	PDZD2	1	C	T	ACC	ATC	P1916S	C5746T	CCC>TCC	Missense	ENSP00000402033
PD51606b	5	35857008	G	T	IL7R	1	G	T	GGT	GTT	V11F	G31T	GTT>TTT	Missense	ENSP00000306157
PD51606b	5	36985510	C	G	NIPBL	1	C	G	CCT	CGT	P777R	C2330G	CCT>CGT	Missense	ENSP00000282516
PD51606b	5	40936346	A	G	C7	1	A	G	CAT	CGT	I97V	A289G	ATC>GTC	Missense	ENSP00000322061
PD51606b	5	41382454	C	CA	PLCXD3	-1	.	.	.	.	.	184-185-insfrshift	.	no-SNV	ENSP00000367032
PD51606b	5	44809547	G	C	MRPS30	1	G	C	TGG	TCG	L195L	G585C	CTG>CTC	Synonymous	ENSP00000424328
PD51606b	5	56884725	A	ACT	MAP3K1	1	.	.	.	.	.	3880-3881-insfrshift	.	no-SNV	ENSP00000382423
PD51606b	5	71599701	A	T	MCCC2	1	A	T	TAT	TTT	L108F	A324T	TTA>TTT	Missense	ENSP00000343657
PD51606b	5	80436784	A	C	ZFYVE16	1	A	C	AAA	ACA	Q33H	A99C	CAA>CAC	Missense	ENSP00000423663
PD51606b	5	138290659	G	A	CDC25C	-1	C	T	CCT	CTT	L282L	C844T	CTG>TTG	Synonymous	ENSP00000424795
PD51606b	5	139364611	A	C	PAIP2	1	A	C	AAG	ACG	Q62H	A186C	CAA>CAC	Missense	ENSP00000378275
PD51606b	5	139364620	G	A	PAIP2	1	G	A	TGG	TAG	L65L	G195A	CTG>CTA	Synonymous	ENSP00000378275
PD51606b	5	140882921	G	A	PCDHA13	1	G	A	GGT	GAT	G218D	G653A	GGT>GAT	Missense	ENSP00000289272
PD51606b	5	141339637	A	T	PCDHGA2	1	A	T	TAT	TTT	L222L	A666T	CTA>CTT	Synonymous	ENSP00000378077
PD51606b	5	141355851	A	C	PCDHGA4	1	A	C	GAG	GCG	G248G	A744C	GGA>GGC	Synonymous	ENSP00000458570
PD51606b	5	141490720	G	A	PCDHGC5	1	G	A	TGT	TAT	V494I	G1480A	GTA>ATA	Missense	ENSP00000252087
PD51606b	5	150375805	G	T	TCOF1	1	G	T	CGT	CTT	V597F	G1789T	GTC>TTC	Missense	ENSP00000406888
PD51606b	5	172769672	G	C	DUSP1	-1	C	G	ACC	AGC	N212K	C636G	AAC>AAG	Missense	ENSP00000239223
PD51606b	5	179726740	A	G	CANX	1	A	G	GAC	GGC	D569G	A1706G	GAC>GGC	Missense	ENSP00000421434
PD51606b	5	180621548	C	T	FLT4	-1	G	A	GGT	GAT	V672M	G2014A	GTG>ATG	Missense	ENSP00000261937
PD51606b	5	180850171	T	C	ZFP62	-1	A	G	TAT	TGT	I442V	A1324G	ATT>GTT	Missense	ENSP00000423820
PD51606b	6	4032599	A	G	PRPF4B	1	A	G	GAT	GGT	D361G	A1082G	GAT>GGT	Missense	ENSP00000337194
PD51606b	6	15487371	G	A	JARID2	1	G	A	AGG	AAG	E245E	G735A	GAG>GAA	Synonymous	ENSP00000341280
PD51606b	6	17775017	T	C	KIF13A	-1	A	G	CAA	CGA	K1393E	A4177G	AAG>GAG	Missense	ENSP00000368091
PD51606b	6	29426848	G	A	OR11A1	-1	C	T	GCT	GTT	A265V	C794T	GCT>GTT	Missense	ENSP00000493093
PD51606b	6	30723560	C	G	TUBB	1	C	G	CCT	CGT	T166T	C498G	ACC>ACG	Synonymous	ENSP00000339001
PD51606b	6	31529107	C	T	MCCD1	1	C	T	GCT	GTT	C31C	C93T	TGC>TGT	Synonymous	ENSP00000365362
PD51606b	6	32293861	A	T	TSBP1	-1	T	A	ATA	AAA	I269K	T806A	ATA>AAA	Missense	ENSP00000431199
PD51606b	6	32845701	C	T	TAP1	-1	G	A	GGC	GAC	A709T	G2125A	GCT>ACT	Missense	ENSP00000346206
PD51606b	6	33200363	C	A	RXRB	-1	G	T	GGC	GTC	R38R	G114T	CGG>CGT	Synonymous	ENSP00000363812
PD51606b	6	33321246	G	C	DAXX	-1	C	G	TCA	TGA	Q177E	C529G	CAG>GAG	Missense	ENSP00000266000
PD51606b	6	39191517	G	C	KCNK5	-1	C	G	TCA	TGA	F291L	C873G	TTC>TTG	Missense	ENSP00000352527
PD51606b	6	41684785	T	C	TFEB	-1	A	G	AAC	AGC	E415E	A1245G	GAA>GAG	Synonymous	ENSP00000230323
PD51606b	6	44273176	C	T	TMEM151B	1	C	T	GCC	GTC	C82C	C246T	TGC>TGT	Synonymous	ENSP00000393161
PD51606b	6	46587109	T	C	CYP39A1	-1	A	G	CAT	CGT	A406A	A1218G	GCA>GCG	Synonymous	ENSP00000275016
PD51606b	6	48068447	A	T	PTCHD4	-1	T	A	CTG	CAG	L67Q	T200A	CTG>CAG	Missense	ENSP00000341914
PD51606b	6	52073508	G	C	PKHD1	-1	C	G	ACT	AGT	T161S	C482G	ACT>AGT	Missense	ENSP00000360158
PD51606b	6	79016553	C	T	PHIP	-1	G	A	CGT	CAT	R409H	G1226A	CGT>CAT	Missense	ENSP00000275034
PD51606b	6	109443847	A	G	SMPD2	1	A	G	GAG	GGG	E405G	A1214G	GAG>GGG	Missense	ENSP00000258052
PD51606b	6	117575269	AT	A	GOPC	-1	.	.	.	.	.	557-557-delfrshift	.	no-SNV	ENSP00000357484
PD51606b	6	121242274	A	T	TBC1D32	-1	T	A	CTA	CAA	L695Q	T2084A	CTA>CAA	Missense	ENSP00000275159
PD51606b	6	121447106	G	T	GJA1	1	G	T	TGT	TTT	V87L	G259T	GTA>TTA	Missense	ENSP00000282561
PD51606b	6	147315652	A	G	STXBP5	1	A	G	TAG	TGG	R514G	A1540G	AGA>GGA	Missense	ENSP00000356451
PD51606b	6	151092531	C	A	MTHFD1L	1	C	A	ACA	AAA	T972K	C2915A	ACA>AAA	Missense	ENSP00000478253
PD51606b	6	152430185	T	C	SYNE1	-1	A	G	GAA	GGA	E1572G	A4715G	GAA>GGA	Missense	ENSP00000356224
PD51606b	6	156779308	C	G	ARID1B	1	C	G	GCG	GGG	A543G	C1628G	GCG>GGG	Missense	ENSP00000490491
PD51606b	6	156829364	TG	T	ARID1B	1	.	.	.	.	.	1930-1930-delfrshift	.	no-SNV	ENSP00000490491
PD51606b	6	157940895	A	C	SNX9	1	A	C	CAC	CCC	H554P	A1661C	CAC>CCC	Missense	ENSP00000376024
PD51606b	6	165416227	C	G	PDE10A	-1	G	C	TGA	TCA	L617L	G1851C	CTG>CTC	Synonymous	ENSP00000438284
PD51606b	7	1493056	T	C	INTS1	-1	A	G	GAA	GGA	N707D	A2119G	AAT>GAT	Missense	ENSP00000385722
PD51606b	7	2235263	T	C	MRM2	-1	A	G	AAA	AGA	Q200Q	A600G	CAA>CAG	Synonymous	ENSP00000242257
PD51606b	7	2647244	C	A	TTYH3	1	C	A	TCC	TAC	V132V	C396A	GTC>GTA	Synonymous	ENSP00000258796
PD51606b	7	30655584	A	G	CRHR2	-1	T	C	TTC	TCC	F350S	T1049C	TTC>TCC	Missense	ENSP00000418722
PD51606b	7	34143341	G	A	BMPER	1	G	A	AGC	AAC	E619E	G1857A	GAG>GAA	Synonymous	ENSP00000497748
PD51606b	7	50447017	C	CTGCCAAAG	FIGNL1	-1	.	.	.	.	.	271-272-insfrshift	.	no-SNV	ENSP00000399997
PD51606b	7	73476914	G	A	BAZ1B	-1	C	T	CCA	CTA	A849A	C2547T	GCC>GCT	Synonymous	ENSP00000342434
PD51606b	7	80217466	T	C	GNAI1	1	T	C	ATA	ACA	N346N	T1038C	AAT>AAC	Synonymous	ENSP00000497315
PD51606b	7	87472626	TTAA	T	ABCB4	-1	.	.	.	.	.	127-129-delinframe	.	no-SNV	ENSP00000352135
PD51606b	7	93135677	C	T	SAMD9L	-1	G	A	AGA	AAA	E99K	G295A	GAA>AAA	Missense	ENSP00000408796
PD51606b	7	99664048	G	C	CYP3A5	-1	C	G	TCT	TGT	L240V	C718G	CTG>GTG	Missense	ENSP00000222982
PD51606b	7	105168084	A	T	SRPK2	-1	T	A	TTT	TAT	F117Y	T350A	TTT>TAT	Missense	ENSP00000377262
PD51606b	7	112767393	CT	C	TMEM168	-1	.	.	.	.	.	1897-1897-delfrshift	.	no-SNV	ENSP00000323068
PD51606b	7	113918867	G	A	PPP1R3A	-1	C	T	ACG	ATG	R44*	C130T	CGA>TGA	Nonsense	ENSP00000284601
PD51606b	7	134263934	G	A	LRGUK	1	G	A	CGT	CAT	V813I	G2437A	GTC>ATC	Missense	ENSP00000285928
PD51606b	7	141945349	T	A	CLEC5A	-1	A	T	TAT	TTT	Y44F	A131T	TAT>TTT	Missense	ENSP00000449999
PD51606b	7	141973139	CA	C	TAS2R38	-1	.	.	.	.	.	550-550-delfrshift	.	no-SNV	ENSP00000448219
PD51606b	8	1626787	T	A	DLGAP2	1	T	A	CTG	CAG	L497Q	T1490A	CTG>CAG	Missense	ENSP00000489774
PD51606b	8	3409591	C	T	CSMD1	-1	G	A	AGG	AAG	G526R	G1576A	GGG>AGG	Missense	ENSP00000489225
PD51606b	8	9555978	T	C	TNKS	1	T	C	ATC	ACC	H13H	T39C	CAT>CAC	Synonymous	ENSP00000311579
PD51606b	8	27439076	G	A	PTK2B	1	G	A	TGA	TAA	V563V	G1689A	GTG>GTA	Synonymous	ENSP00000380638
PD51606b	8	27777006	C	A	ESCO2	1	C	A	ACC	AAC	T233N	C698A	ACC>AAC	Missense	ENSP00000306999
PD51606b	8	56305664	CTTCTACTATTTTTTCAACTGCATATT	C	SDR16C5	-1	.	.	.	.	.	743-768-delfrshift	.	no-SNV	ENSP00000307607
PD51606b	8	99817746	C	G	VPS13B	1	C	G	ACT	AGT	D2768E	C8304G	GAC>GAG	Missense	ENSP00000349685
PD51606b	8	99832516	A	G	VPS13B	1	A	G	CAT	CGT	M3160V	A9478G	ATG>GTG	Missense	ENSP00000349685
PD51606b	8	102280435	T	A	UBR5	-1	A	T	AAT	ATT	N1987I	A5960T	AAT>ATT	Missense	ENSP00000429084
PD51606b	8	130780592	CTTCTTGGGGG	C	ADCY8	-1	.	.	.	.	.	3544-3553-delfrshift	.	no-SNV	ENSP00000286355
PD51606b	8	130814099	G	T	ADCY8	-1	C	A	GCC	GAC	R961R	C2883A	CGC>CGA	Synonymous	ENSP00000286355
PD51606b	8	143599821	G	A	TIGD5	1	G	A	TGA	TAA	D640N	G1918A	GAC>AAC	Missense	ENSP00000421489
PD51606b	8	144041100	C	A	SPATC1	1	C	A	ACC	AAC	N433K	C1299A	AAC>AAA	Missense	ENSP00000366690
PD51606b	9	5968151	C	T	KIAA2026	-1	G	A	AGA	AAA	D694N	G2080A	GAT>AAT	Missense	ENSP00000370870
PD51606b	9	34976188	T	C	PHF24	1	T	C	GTA	GCA	Y201H	T601C	TAT>CAT	Missense	ENSP00000242315
PD51606b	9	75137552	T	TA	OSTF1	1	.	.	.	.	.	422-423-insfrshift	.	no-SNV	ENSP00000340836
PD51606b	9	83891441	GT	G	KIF27	-1	.	.	.	.	.	1662-1662-delfrshift	.	no-SNV	ENSP00000297814
PD51606b	9	87639426	C	G	DAPK1	1	C	G	CCA	CGA	H166D	C496G	CAT>GAT	Missense	ENSP00000484267
PD51606b	9	87888478	C	A	SPATA31E1	1	C	A	ACT	AAT	L1331M	C3991A	CTG>ATG	Missense	ENSP00000322640
PD51606b	9	91723934	G	T	ROR2	-1	C	A	TCA	TAA	Q854K	C2560A	CAG>AAG	Missense	ENSP00000364860
PD51606b	9	96760331	C	T	ZNF510	-1	G	A	TGT	TAT	V167I	G499A	GTT>ATT	Missense	ENSP00000364379
PD51606b	9	113278969	A	AT	PRPF4	1	.	.	.	.	.	229-230-insfrshift	.	no-SNV	ENSP00000363313
PD51606b	9	129869838	T	G	USP20	1	T	G	ATC	AGC	I520S	T1559G	ATC>AGC	Missense	ENSP00000361506
PD51606b	9	131587996	A	C	RAPGEF1	-1	T	G	ATG	AGG	H859Q	T2577G	CAT>CAG	Missense	ENSP00000361269
PD51606b	9	137184979	C	T	ANAPC2	-1	G	A	CGT	CAT	V328M	G982A	GTG>ATG	Missense	ENSP00000314004
PD51606b	X	12920129	C	T	TLR8	1	C	T	TCT	TTT	F363F	C1089T	TTC>TTT	Synonymous	ENSP00000218032
PD51606b	X	24579454	C	T	PCYT1B	-1	G	A	TGT	TAT	M190I	G570A	ATG>ATA	Missense	ENSP00000368439
PD51606b	X	36039166	C	T	CFAP47	1	C	T	TCA	TTA	Q1332*	C3994T	CAA>TAA	Nonsense	ENSP00000367922
PD51606b	X	100407852	T	C	PCDH19	-1	A	G	GAA	GGA	E249G	A746G	GAA>GGA	Missense	ENSP00000255531
PD51606b	X	111253165	A	T	CAPN6	-1	T	A	ATA	AAA	Y117N	T349A	TAC>AAC	Missense	ENSP00000317214
PD51606b	X	130015089	G	A	BCORL1	1	G	A	GGC	GAC	A773T	G2317A	GCT>ACT	Missense	ENSP00000437775
PD51606b	X	149504223	C	T	IDS	-1	G	A	TGG	TAG	L58L	G174A	CTG>CTA	Synonymous	ENSP00000339801
PD51606b	X	154358309	T	C	FLNA	-1	A	G	GAA	GGA	K1549E	A4645G	AAG>GAG	Missense	ENSP00000353467
PD51606b_Cl.1	17	49702942	A	C	SLC35B1	-1	T	G	GTT	GGT	F315V	T943G	TTC>GTC	Missense	ENSP00000497423
PD51606b_Cl.1	21	30337309	G	T	KRTAP27-1	-1	C	A	GCA	GAA	S120R	C360A	AGC>AGA	Missense	ENSP00000372286
PD51606b_Cl.1	6	26545326	G	A	HMGN4	1	G	A	GGC	GAC	R40R	G120A	AGG>AGA	Synonymous	ENSP00000366798
PD51606b_Cl.11	3	133935858	T	C	SLCO2A1	-1	A	G	GAC	GGC	D577G	A1730G	GAC>GGC	Missense	ENSP00000311291
PD51606b_Cl.12	12	6018576	A	C	VWF	-1	T	G	ATG	AGG	D1614E	T4842G	GAT>GAG	Missense	ENSP00000261405
PD51606b_Cl.14	11	92883294	G	A	FAT3	1	G	A	CGT	CAT	V4280M	G12838A	GTG>ATG	Missense	ENSP00000387040
PD51606b_Cl.14	11	121470036	G	T	SORL1	1	G	T	TGG	TTG	M105I	G315T	ATG>ATT	Missense	ENSP00000260197
PD51606b_Cl.14	12	26832700	T	C	ITPR2	-1	A	G	CAG	CGG	S28G	A82G	AGC>GGC	Missense	ENSP00000370744
PD51606b_Cl.14	14	71588253	T	C	SIPA1L1	1	T	C	ATG	ACG	N127N	T381C	AAT>AAC	Synonymous	ENSP00000370630
PD51606b_Cl.14	14	94382867	AG	A	SERPINA1	-1	.	.	.	.	.	370-370-delfrshift	.	no-SNV	ENSP00000416066
PD51606b_Cl.14	19	58498690	T	C	SLC27A5	-1	A	G	GAC	GGC	D633G	A1898G	GAC>GGC	Missense	ENSP00000263093
PD51606b_Cl.14	21	26572911	T	A	CYYR1	-1	A	T	CAG	CTG	P10P	A30T	CCA>CCT	Synonymous	ENSP00000299340
PD51606b_Cl.14	4	184010223	G	A	STOX2	1	G	A	AGC	AAC	S462N	G1385A	AGC>AAC	Missense	ENSP00000311257
PD51606b_Cl.14	5	81308699	G	A	ZCCHC9	1	G	A	AGA	AAA	D175N	G523A	GAC>AAC	Missense	ENSP00000369546
PD51606b_Cl.14	5	179820977	A	C	SQSTM1	1	A	C	GAG	GCG	E14A	A41C	GAG>GCG	Missense	ENSP00000374455
PD51606b_Cl.14	8	24955571	C	A	NEFL	-1	G	T	AGA	ATA	K315N	G945T	AAG>AAT	Missense	ENSP00000482169
PD51606b_Cl.14	8	88167761	A	G	MMP16	-1	T	C	TTG	TCG	L206S	T617C	TTG>TCG	Missense	ENSP00000286614
PD51606b_Cl.14	8	117161870	A	G	SLC30A8	1	A	G	CAC	CGC	A235A	A705G	GCA>GCG	Synonymous	ENSP00000415011
PD51606b_Cl.15	11	66696388	G	A	SPTBN2	-1	C	T	CCC	CTC	A1389A	C4167T	GCC>GCT	Synonymous	ENSP00000432568
PD51606b_Cl.15	14	29636456	CC	AA	PRKD1	-1	.	.	.	.	.	1023-1024-mnv	.	no-SNV	ENSP00000333568
PD51606b_Cl.15	14	94378547	C	A	SERPINA1	-1	G	T	CGA	CTA	E387*	G1159T	GAG>TAG	Nonsense	ENSP00000416066
PD51606b_Cl.15	15	33670459	C	A	RYR3	1	C	A	CCT	CAT	T1921T	C5763A	ACC>ACA	Synonymous	ENSP00000399610
PD51606b_Cl.15	15	53615886	T	C	WDR72	-1	A	G	GAT	GGT	I774V	A2320G	ATC>GTC	Missense	ENSP00000353699
PD51606b_Cl.15	17	4544796	G	T	MYBBP1A	-1	C	A	ACA	AAA	N812K	C2436A	AAC>AAA	Missense	ENSP00000254718
PD51606b_Cl.15	21	36896872	C	T	HLCS	-1	G	A	CGT	CAT	R480H	G1439A	CGT>CAT	Missense	ENSP00000479939
PD51606b_Cl.15	22	29561621	C	A	NIPSNAP1	-1	G	T	CGG	CTG	R155L	G464T	CGG>CTG	Missense	ENSP00000216121
PD51606b_Cl.15	3	170145447	A	AGATGAC	PHC3	-1	.	.	.	.	.	648-649-insfrshift	.	no-SNV	ENSP00000420294
PD51606b_Cl.15	5	127422684	G	C	MEGF10	1	G	C	GGC	GCC	G535G	G1605C	GGG>GGC	Synonymous	ENSP00000274473
PD51606b_Cl.15	6	104744221	C	T	HACE1	-1	G	A	GGA	GAA	E818K	G2452A	GAA>AAA	Missense	ENSP00000262903
PD51606b_Cl.15	6	112115959	A	G	LAMA4	-1	T	C	TTG	TCG	I1665I	T4995C	ATT>ATC	Synonymous	ENSP00000416470
PD51606b_Cl.15	6	160060560	T	A	IGF2R	1	T	A	CTT	CAT	A1035A	T3105A	GCT>GCA	Synonymous	ENSP00000349437
PD51606b_Cl.15	7	76248283	G	A	SRRM3	1	G	A	GGC	GAC	G110D	G329A	GGC>GAC	Missense	ENSP00000480851
PD51606b_Cl.15	7	138678982	C	T	SVOPL	-1	G	A	CGC	CAC	A22T	G64A	GCA>ACA	Missense	ENSP00000405482
PD51606b_Cl.15	8	144851298	G	T	COMMD5	-1	C	A	CCT	CAT	P14H	C41A	CCT>CAT	Missense	ENSP00000445840
PD51606b_Cl.15	9	87707225	G	A	DAPK1	1	G	A	CGC	CAC	R1385H	G4154A	CGC>CAC	Missense	ENSP00000484267
PD51606b_Cl.15	9	137169937	C	T	LRRC26	-1	G	A	GGG	GAG	G3S	G7A	GGC>AGC	Missense	ENSP00000360597
PD51606b_Cl.16	1	16971630	C	T	CROCC	1	C	T	GCG	GTG	R1984C	C5950T	CGT>TGT	Missense	ENSP00000364691
PD51606b_Cl.16	1	26913914	G	A	NR0B2	-1	C	T	GCC	GTC	C9C	C27T	TGC>TGT	Synonymous	ENSP00000254227
PD51606b_Cl.16	1	149909867	C	G	SV2A	-1	G	C	GGA	GCA	W371C	G1113C	TGG>TGC	Missense	ENSP00000358142
PD51606b_Cl.16	10	17894275	C	T	MRC1	1	C	T	GCG	GTG	C1071C	C3213T	TGC>TGT	Synonymous	ENSP00000455897
PD51606b_Cl.16	14	94383097	G	GA	SERPINA1	-1	.	.	.	.	.	141-142-insfrshift	.	no-SNV	ENSP00000416066
PD51606b_Cl.16	19	56423527	A	C	ZNF583	1	A	C	CAT	CCT	H290P	A869C	CAT>CCT	Missense	ENSP00000388502
PD51606b_Cl.16	2	9393579	A	T	ASAP2	1	A	T	CAC	CTC	S872S	A2616T	TCA>TCT	Synonymous	ENSP00000281419
PD51606b_Cl.16	3	19533837	C	T	KCNH8	1	C	T	ACG	ATG	T1021M	C3062T	ACG>ATG	Missense	ENSP00000328813
PD51606b_Cl.16	6	156829333	A	G	ARID1B	1	A	G	TAT	TGT	Y633C	A1898G	TAT>TGT	Missense	ENSP00000490491
PD51606b_Cl.16	7	151198995	T	C	IQCA1L	-1	A	G	CAC	CGC	S242S	A726G	TCA>TCG	Synonymous	ENSP00000482119
PD51606b_Cl.16	8	20147380	C	T	SLC18A1	-1	G	A	CGG	CAG	G448S	G1342A	GGT>AGT	Missense	ENSP00000387549
PD51606b_Cl.16	8	130060669	G	A	ASAP1	-1	C	T	ACG	ATG	D1034D	C3102T	GAC>GAT	Synonymous	ENSP00000429900
PD51606b_Cl.17	1	6462054	G	T	TNFRSF25	-1	C	A	CCA	CAA	Q289K	C865A	CAG>AAG	Missense	ENSP00000349341
PD51606b_Cl.17	1	186373441	T	C	TPR	-1	A	G	AAA	AGA	E58E	A174G	GAA>GAG	Synonymous	ENSP00000356448
PD51606b_Cl.17	10	79386358	C	T	ZCCHC24	-1	G	A	CGT	CAT	R238H	G713A	CGT>CAT	Missense	ENSP00000361411
PD51606b_Cl.17	10	97463889	C	A	MMS19	-1	G	T	TGC	TTC	L627L	G1881T	CTG>CTT	Synonymous	ENSP00000359818
PD51606b_Cl.17	11	3107423	A	G	OSBPL5	-1	T	C	TTC	TCC	F300S	T899C	TTC>TCC	Missense	ENSP00000263650
PD51606b_Cl.17	11	6547656	C	T	DNHD1	1	C	T	CCC	CTC	A2239A	C6717T	GCC>GCT	Synonymous	ENSP00000254579
PD51606b_Cl.17	11	16790871	G	A	PLEKHA7	-1	C	T	TCA	TTA	L993L	C2979T	CTC>CTT	Synonymous	ENSP00000435389
PD51606b_Cl.17	11	64351250	C	T	CCDC88B	1	C	T	GCG	GTG	R985C	C2953T	CGC>TGC	Missense	ENSP00000349238
PD51606b_Cl.17	11	65112635	G	T	TM7SF2	1	G	T	TGG	TTG	W58L	G173T	TGG>TTG	Missense	ENSP00000279263
PD51606b_Cl.17	11	102779502	A	T	MMP10	-1	T	A	GTA	GAA	.	.	.	Essential_Splice	ENSP00000279441
PD51606b_Cl.17	16	78022644	T	A	CLEC3A	1	T	A	TTG	TAG	L6L	T18A	CTT>CTA	Synonymous	ENSP00000299642
PD51606b_Cl.17	16	88663074	A	G	MVD	-1	T	C	CTC	CCC	S3P	T7C	TCG>CCG	Missense	ENSP00000301012
PD51606b_Cl.17	19	8956037	G	T	MUC16	-1	C	A	CCA	CAA	T6911T	C20733A	ACC>ACA	Synonymous	ENSP00000381008
PD51606b_Cl.17	2	151545933	A	G	NEB	-1	T	C	CTC	CCC	T6844T	T20532C	ACT>ACC	Synonymous	ENSP00000380505
PD51606b_Cl.17	20	46227554	G	A	CDH22	-1	C	T	ACA	ATA	Y208Y	C624T	TAC>TAT	Synonymous	ENSP00000437790
PD51606b_Cl.17	22	24113718	A	G	CABIN1	1	A	G	TAA	TGA	K1424E	A4270G	AAA>GAA	Missense	ENSP00000263119
PD51606b_Cl.17	3	30854702	C	T	GADL1	-1	G	A	AGT	AAT	S142N	G425A	AGT>AAT	Missense	ENSP00000282538
PD51606b_Cl.17	4	73408633	C	A	ALB	1	C	A	TCT	TAT	L104I	C310A	CTT>ATT	Missense	ENSP00000295897
PD51606b_Cl.17	4	99208910	A	T	ADH6	-1	T	A	CTG	CAG	C196S	T586A	TGT>AGT	Missense	ENSP00000378359
PD51606b_Cl.17	5	146271023	G	A	RBM27	1	G	A	AGA	AAA	E921K	G2761A	GAA>AAA	Missense	ENSP00000265271
PD51606b_Cl.17	6	10930422	C	T	SYCP2L	1	C	T	ACC	ATC	T514I	C1541T	ACC>ATC	Missense	ENSP00000283141
PD51606b_Cl.17	6	28909004	T	C	TRIM27	-1	A	G	TAT	TGT	L285L	A855G	CTA>CTG	Synonymous	ENSP00000366404
PD51606b_Cl.17	6	155440101	C	A	NOX3	-1	G	T	CGT	CTT	V175F	G523T	GTC>TTC	Missense	ENSP00000159060
PD51606b_Cl.17	7	48924710	A	G	CDC14C	1	A	G	GAC	GGC	D120G	A359G	GAC>GGC	Missense	ENSP00000497679
PD51606b_Cl.17	7	57468832	A	G	ZNF716	1	A	G	CAA	CGA	Q124R	A371G	CAA>CGA	Missense	ENSP00000394248
PD51606b_Cl.17	7	100655881	T	A	ACTL6B	-1	A	T	CAG	CTG	.	.	.	Essential_Splice	ENSP00000160382
PD51606b_Cl.17	7	101135748	A	G	SERPINE1	1	A	G	CAG	CGG	Q345R	A1034G	CAG>CGG	Missense	ENSP00000223095
PD51606b_Cl.17	7	131508951	A	G	PODXL	-1	T	C	GTG	GCG	C367C	T1101C	TGT>TGC	Synonymous	ENSP00000367817
PD51606b_Cl.17	9	135850136	C	A	CAMSAP1	-1	G	T	GGT	GTT	.	.	.	Essential_Splice	ENSP00000374183
PD51606b_Cl.17	X	130014796	A	G	BCORL1	1	A	G	AAT	AGT	N675S	A2024G	AAT>AGT	Missense	ENSP00000437775
PD51606b_Cl.20	3	170129511	G	T	PHC3	-1	C	A	TCA	TAA	Q321K	C961A	CAG>AAG	Missense	ENSP00000420294
PD51606b_Cl.21	1	145837583	G	A	POLR3C	1	G	A	CGT	CAT	V353I	G1057A	GTC>ATC	Missense	ENSP00000334564
PD51606b_Cl.21	1	150268116	CAG	C	APH1A	-1	.	.	.	.	.	123-124-delfrshift	.	no-SNV	ENSP00000358105
PD51606b_Cl.21	10	102919316	T	A	CNNM2	1	T	A	CTC	CAC	L279H	T836A	CTC>CAC	Missense	ENSP00000358894
PD51606b_Cl.21	10	133168289	G	T	KNDC1	1	G	T	CGA	CTA	D113Y	G337T	GAC>TAC	Missense	ENSP00000304437
PD51606b_Cl.21	12	112163626	G	C	HECTD4	-1	C	G	CCC	CGC	P4269P	C12807G	CCC>CCG	Synonymous	ENSP00000366783
PD51606b_Cl.21	12	112883374	G	A	RPH3A	1	G	A	CGA	CAA	D470N	G1408A	GAT>AAT	Missense	ENSP00000374036
PD51606b_Cl.21	13	41960944	C	G	VWA8	-1	G	C	TGC	TCC	L24L	G72C	CTG>CTC	Synonymous	ENSP00000368612
PD51606b_Cl.21	15	67400271	A	G	IQCH	1	A	G	TAT	TGT	Y688C	A2063G	TAT>TGT	Missense	ENSP00000336861
PD51606b_Cl.21	17	3813055	C	T	NCBP3	-1	G	A	GGC	GAC	A618T	G1852A	GCA>ACA	Missense	ENSP00000373657
PD51606b_Cl.21	17	10524954	G	T	MYH2	-1	C	A	GCT	GAT	L1592M	C4774A	CTG>ATG	Missense	ENSP00000245503
PD51606b_Cl.21	19	12076990	A	G	ZNF844	1	A	G	AAT	AGT	I624V	A1870G	ATT>GTT	Missense	ENSP00000392024
PD51606b_Cl.21	20	62198740	A	G	MTG2	1	A	G	AAC	AGC	N192S	A575G	AAC>AGC	Missense	ENSP00000359859
PD51606b_Cl.21	5	150672368	G	A	MYOZ3	1	G	A	CGC	CAC	P151P	G453A	CCG>CCA	Synonymous	ENSP00000297130
PD51606b_Cl.21	5	178153811	T	C	NHP2	-1	A	G	CAA	CGA	K3E	A7G	AAA>GAA	Missense	ENSP00000274606
PD51606b_Cl.25	1	180230604	A	T	LHX4	1	A	T	AAC	ATC	Q25H	A75T	CAA>CAT	Missense	ENSP00000263726
PD51606b_Cl.25	1	228274571	G	A	OBSCN	1	G	A	AGT	AAT	.	.	.	Essential_Splice	ENSP00000455507
PD51606b_Cl.25	10	93062902	GGCGCAGT	G	CYP26C1	1	.	.	.	.	.	613-619-delfrshift	.	no-SNV	ENSP00000498424
PD51606b_Cl.25	10	97463945	A	AT	MMS19	-1	.	.	.	.	.	1825-1826-insfrshift	.	no-SNV	ENSP00000359818
PD51606b_Cl.25	10	101787410	C	A	OGA	-1	G	T	TGG	TTG	V856V	G2568T	GTG>GTT	Synonymous	ENSP00000354850
PD51606b_Cl.25	11	46385684	T	C	CHRM4	-1	A	G	CAC	CGC	T292A	A874G	ACT>GCT	Missense	ENSP00000409378
PD51606b_Cl.25	12	56171817	A	C	SMARCC2	-1	T	G	CTC	CGC	S652A	T1954G	TCA>GCA	Missense	ENSP00000267064
PD51606b_Cl.25	15	25702079	C	G	ATP10A	-1	G	C	CGC	CCC	R866P	G2597C	CGC>CCC	Missense	ENSP00000450480
PD51606b_Cl.25	15	39801440	G	A	GPR176	-1	C	T	GCA	GTA	Q414*	C1240T	CAG>TAG	Nonsense	ENSP00000453076
PD51606b_Cl.25	15	40281590	C	T	ANKRD63	-1	G	A	AGC	AAC	A333T	G997A	GCC>ACC	Missense	ENSP00000399547
PD51606b_Cl.25	16	2174297	G	C	TRAF7	1	G	C	GGC	GCC	G437A	G1310C	GGC>GCC	Missense	ENSP00000318944
PD51606b_Cl.25	17	18988290	A	T	FAM83G	-1	T	A	CTG	CAG	L216Q	T647A	CTG>CAG	Missense	ENSP00000343279
PD51606b_Cl.25	17	48997898	G	T	IGF2BP1	1	G	T	TGA	TTA	M51I	G153T	ATG>ATT	Missense	ENSP00000290341
PD51606b_Cl.25	19	10366481	G	A	TYK2	-1	C	T	TCT	TTT	L189L	C565T	CTG>TTG	Synonymous	ENSP00000264818
PD51606b_Cl.25	19	43501848	C	T	PHLDB3	-1	G	A	TGC	TAC	L140L	G420A	CTG>CTA	Synonymous	ENSP00000292140
PD51606b_Cl.25	2	206791795	C	G	FASTKD2	1	C	G	ACA	AGA	T709R	C2126G	ACA>AGA	Missense	ENSP00000236980
PD51606b_Cl.25	22	20457897	CCGCCAC	CT	KLHL22	-1	.	.	.	.	.	1210-1215-delinframe	.	no-SNV	ENSP00000331682
PD51606b_Cl.25	22	20457903	C	T	KLHL22	-1	G	A	TGT	TAT	V404M	G1210A	GTG>ATG	Missense	ENSP00000331682
PD51606b_Cl.25	3	49727225	A	C	IP6K1	-1	T	G	TTC	TGC	F408C	T1223G	TTC>TGC	Missense	ENSP00000482032
PD51606b_Cl.25	3	191461452	CTTAACCCCTCAGGGA	C	PYDC2	1	.	.	.	.	.	291-294-delfrshift	.	no-SNV	ENSP00000492367
PD51606b_Cl.25	4	13608653	T	C	BOD1L1	-1	A	G	GAC	GGC	D540G	A1619G	GAC>GGC	Missense	ENSP00000040738
PD51606b_Cl.25	5	141578229	T	C	DIAPH1	-1	A	G	GAT	GGT	M387V	A1159G	ATG>GTG	Missense	ENSP00000373706
PD51606b_Cl.25	6	6006697	AT	A	NRN1	-1	.	.	.	.	.	52-52-delfrshift	.	no-SNV	ENSP00000484055
PD51606b_Cl.25	7	754734	C	G	DNAAF5	1	C	G	CCG	CGG	A390A	C1170G	GCC>GCG	Synonymous	ENSP00000297440
PD51606b_Cl.25	8	86069528	G	A	PSKH2	-1	C	T	GCG	GTG	A32V	C95T	GCG>GTG	Missense	ENSP00000276616
PD51606b_Cl.25	9	66918191	C	A	ZNF658	1	C	A	TCA	TAA	Q209K	C625A	CAA>AAA	Missense	ENSP00000482540
PD51606b_Cl.25	9	84934224	G	A	NTRK2	1	G	A	TGG	TAG	G550R	G1648A	GGA>AGA	Missense	ENSP00000314586
PD51606b_Cl.25	X	40623712	G	A	MPC1L	1	G	A	CGC	CAC	S49S	G147A	TCG>TCA	Synonymous	ENSP00000489748
PD51606b_Cl.26	1	109490383	A	G	ATXN7L2	1	A	G	CAC	CGC	H450R	A1349G	CAC>CGC	Missense	ENSP00000358886
PD51606b_Cl.26	10	71716152	G	T	C10orf105	-1	C	A	CCG	CAG	A62A	C186A	GCC>GCA	Synonymous	ENSP00000381766
PD51606b_Cl.26	2	118107095	C	G	INSIG2	1	C	G	ACA	AGA	T181R	C542G	ACA>AGA	Missense	ENSP00000245787
PD51606b_Cl.26	3	151409285	C	T	MED12L	1	C	T	ACG	ATG	R1920W	C5758T	CGG>TGG	Missense	ENSP00000417235
PD51606b_Cl.27	1	169541759	C	G	F5	-1	G	C	GGC	GCC	A1111P	G3331C	GCA>CCA	Missense	ENSP00000356771
PD51606b_Cl.27	1	225258007	A	G	DNAH14	1	A	G	GAA	GGA	K2305E	A6913G	AAG>GAG	Missense	ENSP00000508305
PD51606b_Cl.27	11	56232543	G	A	OR5T2	-1	C	T	GCG	GTG	R174C	C520T	CGT>TGT	Missense	ENSP00000493233
PD51606b_Cl.27	11	65627023	A	T	PCNX3	1	A	T	CAG	CTG	S1167C	A3499T	AGC>TGC	Missense	ENSP00000347931
PD51606b_Cl.27	14	44505217	C	G	FSCB	-1	G	C	TGC	TCC	A591P	G1771C	GCT>CCT	Missense	ENSP00000344579
PD51606b_Cl.27	14	74810004	T	G	YLPM1	1	T	G	GTA	GGA	.	.	.	Essential_Splice	ENSP00000324463
PD51606b_Cl.27	15	67184748	A	G	SMAD3	1	A	G	TAC	TGC	Y298C	A893G	TAC>TGC	Missense	ENSP00000332973
PD51606b_Cl.27	15	90262134	A	G	TTLL13P	1	A	G	CAC	CGC	H494R	A1481G	CAC>CGC	Missense	ENSP00000493387
PD51606b_Cl.27	16	15017361	C	G	PDXDC1	1	C	G	CCG	CGG	P301R	C902G	CCG>CGG	Missense	ENSP00000379691
PD51606b_Cl.27	17	47342012	C	T	EFCAB13	1	C	T	ACA	ATA	Q95*	C283T	CAG>TAG	Nonsense	ENSP00000332111
PD51606b_Cl.27	18	47896527	A	ATGG	SMAD2	-1	.	.	.	.	.	230-231-insfrshift	.	no-SNV	ENSP00000466193
PD51606b_Cl.27	19	6016146	G	A	RFX2	-1	C	T	TCG	TTG	F241F	C723T	TTC>TTT	Synonymous	ENSP00000352076
PD51606b_Cl.27	5	162101246	A	G	GABRG2	1	A	G	GAT	GGT	D187G	A560G	GAT>GGT	Missense	ENSP00000492125
PD51606b_Cl.27	6	30155757	T	C	TRIM10	-1	A	G	AAA	AGA	K300E	A898G	AAA>GAA	Missense	ENSP00000397073
PD51606b_Cl.27	6	131710120	G	A	CTAGE9	-1	C	T	TCA	TTA	Q300*	C898T	CAA>TAA	Nonsense	ENSP00000395587
PD51606b_Cl.27	9	86323577	C	G	TUT7	-1	G	C	AGA	ACA	D725H	G2173C	GAC>CAC	Missense	ENSP00000365130
PD51606b_Cl.27	X	100850376	T	A	NOX1	-1	A	T	CAC	CTC	H303L	A908T	CAC>CTC	Missense	ENSP00000362057
PD51606b_Cl.28	1	6457371	C	T	ESPN	1	C	T	GCG	GTG	R806W	C2416T	CGG>TGG	Missense	ENSP00000496593
PD51606b_Cl.28	1	17409095	G	C	RCC2	-1	C	G	CCT	CGT	L522V	C1564G	CTC>GTC	Missense	ENSP00000364585
PD51606b_Cl.28	1	162587631	C	T	UAP1	1	C	T	CCA	CTA	H331Y	C991T	CAT>TAT	Missense	ENSP00000271469
PD51606b_Cl.28	10	50125138	A	T	WASHC2A	1	A	T	AAG	ATG	K835M	A2504T	AAG>ATG	Missense	ENSP00000282633
PD51606b_Cl.28	10	93900774	G	T	SLC35G1	1	G	T	AGG	ATG	G128C	G382T	GGT>TGT	Missense	ENSP00000400932
PD51606b_Cl.28	11	18742427	C	T	PTPN5	-1	G	A	CGC	CAC	R163H	G488A	CGC>CAC	Missense	ENSP00000379471
PD51606b_Cl.28	11	68045101	C	T	TCIRG1	1	C	T	CCG	CTG	P388P	C1164T	CCC>CCT	Synonymous	ENSP00000265686
PD51606b_Cl.28	13	24707341	G	A	ATP12A	1	G	A	CGA	CAA	E801K	G2401A	GAG>AAG	Missense	ENSP00000371372
PD51606b_Cl.28	15	31484179	C	A	OTUD7A	-1	G	T	AGC	ATC	E632D	G1896T	GAG>GAT	Missense	ENSP00000503326
PD51606b_Cl.28	15	42310389	G	A	GANC	1	G	A	GGG	GAG	G277S	G829A	GGC>AGC	Missense	ENSP00000326227
PD51606b_Cl.28	15	100262364	T	C	ADAMTS17	-1	A	G	TAC	TGC	L287L	A861G	CTA>CTG	Synonymous	ENSP00000456161
PD51606b_Cl.28	16	1918287	C	T	HS3ST6	-1	G	A	GGG	GAG	G13S	G37A	GGC>AGC	Missense	ENSP00000416741
PD51606b_Cl.28	16	2094198	A	G	PKD1	-1	T	C	CTG	CCG	P3503P	T10509C	CCT>CCC	Synonymous	ENSP00000399501
PD51606b_Cl.28	16	84099124	A	C	MBTPS1	-1	T	G	CTT	CGT	L117R	T350G	CTT>CGT	Missense	ENSP00000344223
PD51606b_Cl.28	18	26315347	G	C	TAF4B	1	G	C	AGA	ACA	D651H	G1951C	GAT>CAT	Missense	ENSP00000269142
PD51606b_Cl.28	19	41976420	C	T	ATP1A3	-1	G	A	AGA	AAA	R710K	G2129A	AGA>AAA	Missense	ENSP00000444688
PD51606b_Cl.28	19	55368809	C	A	IL11	-1	G	T	CGC	CTC	R47L	G140T	CGC>CTC	Missense	ENSP00000264563
PD51606b_Cl.28	19	57420981	C	G	ZNF17	1	C	G	ACC	AGC	P499A	C1495G	CCT>GCT	Missense	ENSP00000302455
PD51606b_Cl.28	21	45504520	A	T	COL18A1	1	A	T	CAG	CTG	P1359P	A4077T	CCA>CCT	Synonymous	ENSP00000352798
PD51606b_Cl.28	22	50280830	C	T	PLXNB2	-1	G	A	GGA	GAA	D1303N	G3907A	GAC>AAC	Missense	ENSP00000409171
PD51606b_Cl.28	3	121488783	C	T	POLQ	-1	G	A	GGA	GAA	G1383E	G4148A	GGA>GAA	Missense	ENSP00000264233
PD51606b_Cl.28	3	130431696	A	G	COL6A5	1	A	G	CAG	CGG	Q1823R	A5468G	CAG>CGG	Missense	ENSP00000265379
PD51606b_Cl.28	3	160258607	G	C	IFT80	-1	C	G	GCC	GGC	A751G	C2252G	GCC>GGC	Missense	ENSP00000312778
PD51606b_Cl.28	3	169116491	G	A	MECOM	-1	C	T	TCA	TTA	H461Y	C1381T	CAT>TAT	Missense	ENSP00000498411
PD51606b_Cl.28	4	114833677	T	A	NDST4	-1	A	T	CAG	CTG	P775P	A2325T	CCA>CCT	Synonymous	ENSP00000264363
PD51606b_Cl.28	5	83537822	C	G	VCAN	1	C	G	TCC	TGC	P1607A	C4819G	CCT>GCT	Missense	ENSP00000265077
PD51606b_Cl.28	6	89674353	C	A	MDN1	-1	G	T	TGC	TTC	C4333F	G12998T	TGC>TTC	Missense	ENSP00000358400
PD51606b_Cl.28	6	89867450	G	T	CASP8AP2	1	G	T	GGT	GTT	G1387V	G4160T	GGT>GTT	Missense	ENSP00000478179
PD51606b_Cl.28	8	1633033	C	T	DLGAP2	1	C	T	TCA	TTA	I599I	C1797T	ATC>ATT	Synonymous	ENSP00000489774
PD51606b_Cl.28	8	17230836	C	A	CNOT7	-1	G	T	AGA	ATA	D248Y	G742T	GAT>TAT	Missense	ENSP00000355279
PD51606b_Cl.28	8	23144482	C	A	TNFRSF10D	-1	G	T	TGT	TTT	V308L	G922T	GTA>TTA	Missense	ENSP00000310263
PD51606b_Cl.28	9	136215298	C	T	QSOX2	-1	G	A	TGG	TAG	G406R	G1216A	GGA>AGA	Missense	ENSP00000351536
PD51606b_Cl.28	Y	19744456	G	A	KDM5D	-1	C	T	CCC	CTC	P27S	C79T	CCG>TCG	Missense	ENSP00000322408
PD51606b_Cl.29	1	17282888	C	G	PADI3	1	C	G	GCC	GGC	P602A	C1804G	CCC>GCC	Missense	ENSP00000364609
PD51606b_Cl.29	1	27334243	G	T	TMEM222	1	G	T	CGC	CTC	T167T	G501T	ACG>ACT	Synonymous	ENSP00000363189
PD51606b_Cl.29	1	39741899	C	T	PPIE	1	C	T	GCT	GTT	A60V	C179T	GCT>GTT	Missense	ENSP00000312769
PD51606b_Cl.29	11	20918187	C	T	NELL1	1	C	T	TCA	TTA	I203I	C609T	ATC>ATT	Synonymous	ENSP00000349654
PD51606b_Cl.29	11	56176973	C	T	OR5J2	1	C	T	GCC	GTC	A119V	C356T	GCC>GTC	Missense	ENSP00000310788
PD51606b_Cl.29	11	56318505	G	A	OR8K3	1	G	A	GGC	GAC	A67T	G199A	GCT>ACT	Missense	ENSP00000493271
PD51606b_Cl.29	12	56645945	G	A	ATP5F1B	-1	C	T	TCG	TTG	R7W	C19T	CGG>TGG	Missense	ENSP00000262030
PD51606b_Cl.29	12	123163958	C	T	MPHOSPH9	-1	G	A	AGT	AAT	S967N	G2900A	AGT>AAT	Missense	ENSP00000475489
PD51606b_Cl.29	14	93928692	C	T	FAM181A	1	C	T	CCC	CTC	P136L	C407T	CCC>CTC	Missense	ENSP00000451445
PD51606b_Cl.29	14	94380944	CCT	C	SERPINA1	-1	.	.	.	.	.	842-843-delfrshift	.	no-SNV	ENSP00000416066
PD51606b_Cl.29	15	84604024	A	G	ZSCAN2	1	A	G	CAT	CGT	M33V	A97G	ATG>GTG	Missense	ENSP00000410198
PD51606b_Cl.29	16	54932699	A	T	IRX5	1	A	T	CAT	CTT	I151F	A451T	ATC>TTC	Missense	ENSP00000378132
PD51606b_Cl.29	17	38326622	G	T	GPR179	-1	C	A	TCA	TAA	S2316*	C6947A	TCA>TAA	Nonsense	ENSP00000483469
PD51606b_Cl.29	18	54937970	A	T	CCDC68	-1	T	A	GTA	GAA	V111E	T332A	GTA>GAA	Missense	ENSP00000337209
PD51606b_Cl.29	19	16233570	G	T	AP1M1	1	G	T	CGA	CTA	P375P	G1125T	CCG>CCT	Synonymous	ENSP00000291439
PD51606b_Cl.29	2	228017098	A	C	SPHKAP	-1	T	G	ATG	AGG	N1252K	T3756G	AAT>AAG	Missense	ENSP00000375909
PD51606b_Cl.29	2	241163370	C	T	PPP1R7	1	C	T	GCG	GTG	A228V	C683T	GCG>GTG	Missense	ENSP00000234038
PD51606b_Cl.29	20	63439662	C	G	KCNQ2	-1	G	C	TGG	TCG	W288S	G863C	TGG>TCG	Missense	ENSP00000486706
PD51606b_Cl.29	21	44418028	C	A	TRPM2	1	C	A	CCC	CAC	P1083H	C3248A	CCC>CAC	Missense	ENSP00000381023
PD51606b_Cl.29	3	123700532	G	A	MYLK	-1	C	T	CCG	CTG	P979L	C2936T	CCG>CTG	Missense	ENSP00000353452
PD51606b_Cl.29	6	169688897	C	T	WDR27	-1	G	A	TGC	TAC	A37T	G109A	GCT>ACT	Missense	ENSP00000397869
PD51606b_Cl.29	7	48594758	C	A	ABCA13	1	C	A	GCA	GAA	Q4897K	C14689A	CAA>AAA	Missense	ENSP00000411096
PD51606b_Cl.29	7	138917311	G	A	KIAA1549	-1	C	T	CCC	CTC	P772L	C2315T	CCC>CTC	Missense	ENSP00000416040
PD51606b_Cl.29	9	133718991	C	G	SARDH	-1	G	C	AGG	ACG	G323R	G967C	GGG>CGG	Missense	ENSP00000360938
PD51606b_Cl.3	1	226982734	G	A	COQ8A	1	G	A	CGC	CAC	A304T	G910A	GCG>ACG	Missense	ENSP00000355739
PD51606b_Cl.3	10	32456283	T	C	CCDC7	1	T	C	ATT	ACT	Y135Y	T405C	TAT>TAC	Synonymous	ENSP00000277657
PD51606b_Cl.3	10	52251584	C	T	PRKG1	1	C	T	GCG	GTG	A349V	C1046T	GCG>GTG	Missense	ENSP00000384200
PD51606b_Cl.3	10	92694658	C	G	HHEX	1	C	G	TCA	TGA	Q235E	C703G	CAA>GAA	Missense	ENSP00000282728
PD51606b_Cl.3	11	34108328	G	A	NAT10	1	G	A	AGA	AAA	D35N	G103A	GAT>AAT	Missense	ENSP00000257829
PD51606b_Cl.3	11	62724334	C	T	HNRNPUL2	-1	G	A	TGG	TAG	G211S	G631A	GGC>AGC	Missense	ENSP00000301785
PD51606b_Cl.3	11	112016715	C	T	DIXDC1	1	C	T	CCA	CTA	P594L	C1781T	CCA>CTA	Missense	ENSP00000394352
PD51606b_Cl.3	12	54399716	C	G	ITGA5	-1	G	C	CGG	CCG	G924R	G2770C	GGG>CGG	Missense	ENSP00000293379
PD51606b_Cl.3	14	58306055	G	A	ARID4A	1	G	A	TGG	TAG	G73R	G217A	GGA>AGA	Missense	ENSP00000347602
PD51606b_Cl.3	14	92005419	G	A	TRIP11	-1	C	T	CCG	CTG	R853*	C2557T	CGA>TGA	Nonsense	ENSP00000267622
PD51606b_Cl.3	15	68784433	C	A	ANP32A	-1	G	T	CGT	CTT	V164L	G490T	GTG>TTG	Missense	ENSP00000417864
PD51606b_Cl.3	16	297780	G	A	AXIN1	-1	C	T	CCG	CTG	R576*	C1726T	CGA>TGA	Nonsense	ENSP00000262320
PD51606b_Cl.3	16	71572574	G	T	TAT	-1	C	A	TCT	TAT	L175M	C523A	CTG>ATG	Missense	ENSP00000348234
PD51606b_Cl.3	18	32770416	C	T	KLHL14	-1	G	A	CGA	CAA	R59Q	G176A	CGA>CAA	Missense	ENSP00000352314
PD51606b_Cl.3	19	5567895	G	T	TINCR	-1	C	A	GCT	GAT	R10R	C30A	CGC>CGA	Synonymous	ENSP00000490584
PD51606b_Cl.3	19	51003146	A	C	KLK9	-1	T	G	CTA	CGA	Y240D	T718G	TAC>GAC	Missense	ENSP00000469417
PD51606b_Cl.3	19	51627160	G	T	SIGLEC5	-1	C	A	TCT	TAT	I457I	C1371A	ATC>ATA	Synonymous	ENSP00000507738
PD51606b_Cl.3	2	178615389	G	A	TTN	-1	C	T	ACG	ATG	R16186C	C48556T	CGC>TGC	Missense	ENSP00000467141
PD51606b_Cl.3	20	31794464	G	A	TPX2	1	G	A	AGG	AAG	K583K	G1749A	AAG>AAA	Synonymous	ENSP00000300403
PD51606b_Cl.3	22	38591468	G	A	FAM227A	-1	C	T	CCG	CTG	A535A	C1605T	GCC>GCT	Synonymous	ENSP00000348086
PD51606b_Cl.3	22	46464112	C	A	CELSR1	-1	G	T	CGT	CTT	V1260L	G3778T	GTG>TTG	Missense	ENSP00000262738
PD51606b_Cl.3	4	3463416	G	C	DOK7	1	G	C	CGG	CCG	R14P	G41C	CGG>CCG	Missense	ENSP00000344432
PD51606b_Cl.3	4	40774344	G	A	NSUN7	1	G	A	AGA	AAA	E190K	G568A	GAA>AAA	Missense	ENSP00000371201
PD51606b_Cl.3	4	83284891	C	A	COQ2	-1	G	T	GGA	GTA	R8S	G24T	AGG>AGT	Missense	ENSP00000310873
PD51606b_Cl.3	7	77353642	C	A	GSAP	-1	G	T	AGA	ATA	.	.	.	Essential_Splice	ENSP00000257626
PD51606b_Cl.3	8	67746087	G	T	CPA6	-1	C	A	CCT	CAT	L15M	C43A	CTG>ATG	Missense	ENSP00000297770
PD51606b_Cl.30	1	13224932	G	T	PRAMEF18	-1	C	A	TCC	TAC	L263L	C789A	CTC>CTA	Synonymous	ENSP00000485473
PD51606b_Cl.30	10	95383993	G	A	SORBS1	-1	C	T	GCT	GTT	S300S	C900T	AGC>AGT	Synonymous	ENSP00000360285
PD51606b_Cl.30	14	70010853	G	A	SMOC1	1	G	A	GGA	GAA	G255E	G764A	GGA>GAA	Missense	ENSP00000355110
PD51606b_Cl.30	19	54131341	A	G	PRPF31	1	A	G	AAG	AGG	K470R	A1409G	AAG>AGG	Missense	ENSP00000324122
PD51606b_Cl.30	19	54131353	A	T	PRPF31	1	A	T	GAG	GTG	E474V	A1421T	GAG>GTG	Missense	ENSP00000324122
PD51606b_Cl.30	19	54131356	C	G	PRPF31	1	C	G	GCC	GGC	A475G	C1424G	GCC>GGC	Missense	ENSP00000324122
PD51606b_Cl.30	21	36344704	T	G	MORC3	1	T	G	TTT	TGT	F294L	T882G	TTT>TTG	Missense	ENSP00000383333
PD51606b_Cl.30	X	131086363	G	C	ARHGAP36	1	G	C	CGC	CCC	R439P	G1316C	CGC>CCC	Missense	ENSP00000276211
PD51606b_Cl.31	1	6532614	T	G	NOL9	-1	A	C	GAC	GCC	T462P	A1384C	ACC>CCC	Missense	ENSP00000366934
PD51606b_Cl.31	1	35114480	A	G	ZMYM1	1	A	G	CAT	CGT	I884V	A2650G	ATA>GTA	Missense	ENSP00000362427
PD51606b_Cl.31	1	183954831	A	G	COLGALT2	-1	T	C	GTC	GCC	R320R	T960C	CGT>CGC	Synonymous	ENSP00000354960
PD51606b_Cl.31	1	246931225	A	C	AHCTF1	-1	T	G	ATG	AGG	M1R	T2G	ATG>AGG	Missense	ENSP00000355464
PD51606b_Cl.31	12	22055206	A	G	CMAS	1	A	G	CAC	CGC	A106A	A318G	GCA>GCG	Synonymous	ENSP00000229329
PD51606b_Cl.31	16	1438834	G	A	CCDC154	-1	C	T	GCC	GTC	A296V	C887T	GCC>GTC	Missense	ENSP00000373828
PD51606b_Cl.31	19	50382049	C	T	NR1H2	1	C	T	CCT	CTT	L371L	C1111T	CTG>TTG	Synonymous	ENSP00000499121
PD51606b_Cl.31	5	17491690	T	C	H3Y2	-1	A	G	CAG	CGG	R27G	A79G	AGA>GGA	Missense	ENSP00000497053
PD51606b_Cl.31	5	17491694	G	T	H3Y2	-1	C	A	CCG	CAG	A25A	C75A	GCC>GCA	Synonymous	ENSP00000497053
PD51606b_Cl.31	9	104809478	CC	AA	ABCA1	-1	.	.	.	.	.	4267-4268-mnv	.	no-SNV	ENSP00000504612
PD51606b_Cl.32	1	33546212	G	A	CSMD2	-1	C	T	GCG	GTG	S2975S	C8925T	AGC>AGT	Synonymous	ENSP00000362479
PD51606b_Cl.32	11	47261350	G	T	NR1H3	1	G	T	TGC	TTC	L203L	G609T	CTG>CTT	Synonymous	ENSP00000387946
PD51606b_Cl.32	11	55666032	A	G	OR4C6	1	A	G	AAT	AGT	N289S	A866G	AAT>AGT	Missense	ENSP00000324769
PD51606b_Cl.32	11	73863222	A	G	MRPL48	1	A	G	AAA	AGA	Q175Q	A525G	CAA>CAG	Synonymous	ENSP00000308717
PD51606b_Cl.32	11	107428907	T	G	CWF19L2	-1	A	C	GAA	GCA	E442A	A1325C	GAA>GCA	Missense	ENSP00000282251
PD51606b_Cl.32	12	56417922	C	T	TIMELESS	-1	G	A	TGA	TAA	E1181K	G3541A	GAG>AAG	Missense	ENSP00000450607
PD51606b_Cl.32	14	24332859	A	G	ADCY4	-1	T	C	ATG	ACG	W97R	T289C	TGG>CGG	Missense	ENSP00000452250
PD51606b_Cl.32	14	79663827	C	G	NRXN3	1	C	G	TCC	TGC	S1165C	C3494G	TCC>TGC	Missense	ENSP00000338349
PD51606b_Cl.32	19	38504269	C	T	RYR1	1	C	T	ACG	ATG	T2659M	C7976T	ACG>ATG	Missense	ENSP00000347667
PD51606b_Cl.32	19	39414177	G	A	PLEKHG2	1	G	A	CGT	CAT	V31M	G91A	GTG>ATG	Missense	ENSP00000392906
PD51606b_Cl.32	19	46494939	T	A	PNMA8B	-1	A	T	AAG	ATG	K176M	A527T	AAG>ATG	Missense	ENSP00000473036
PD51606b_Cl.32	2	39288179	G	A	MAP4K3	-1	C	T	CCC	CTC	S472S	C1416T	TCC>TCT	Synonymous	ENSP00000263881
PD51606b_Cl.32	2	44218001	T	A	PPM1B	1	T	A	CTG	CAG	P333P	T999A	CCT>CCA	Synonymous	ENSP00000367813
PD51606b_Cl.32	20	37199139	T	G	RPN2	1	T	G	CTC	CGC	A131A	T393G	GCT>GCG	Synonymous	ENSP00000237530
PD51606b_Cl.32	22	28098971	A	G	TTC28	-1	T	C	CTC	CCC	L1164P	T3491C	CTC>CCC	Missense	ENSP00000381003
PD51606b_Cl.32	3	170084620	T	C	GPR160	1	T	C	ATA	ACA	Y216Y	T648C	TAT>TAC	Synonymous	ENSP00000348161
PD51606b_Cl.32	4	159358118	T	C	RAPGEF2	1	T	C	ATG	ACG	D1673D	T5019C	GAT>GAC	Synonymous	ENSP00000495906
PD51606b_Cl.32	7	73605744	A	C	MLXIPL	-1	T	G	ATC	AGC	I282S	T845G	ATC>AGC	Missense	ENSP00000320886
PD51606b_Cl.32	9	94605492	G	T	FBP1	-1	C	A	TCT	TAT	L264M	C790A	CTG>ATG	Missense	ENSP00000408025
PD51606b_Cl.32	9	136382288	G	C	SNAPC4	-1	C	G	GCT	GGT	L678V	C2032G	CTC>GTC	Missense	ENSP00000298532
PD51606b_Cl.34	1	39897908	C	T	MYCL	-1	G	A	GGT	GAT	V217I	G649A	GTC>ATC	Missense	ENSP00000380494
PD51606b_Cl.34	1	46248552	C	T	RAD54L	1	C	T	CCT	CTT	P15L	C44T	CCT>CTT	Missense	ENSP00000499652
PD51606b_Cl.34	1	152110478	T	G	TCHH	-1	A	C	TAC	TCC	L913L	A2739C	CTA>CTC	Synonymous	ENSP00000480484
PD51606b_Cl.34	1	193081470	C	A	RO60	1	C	A	GCA	GAA	A398E	C1193A	GCA>GAA	Missense	ENSP00000383752
PD51606b_Cl.34	10	101461985	C	T	BTRC	1	C	T	TCC	TTC	S54F	C161T	TCC>TTC	Missense	ENSP00000359206
PD51606b_Cl.34	11	2133150	C	T	IGF2	-1	G	A	CGC	CAC	R127H	G380A	CGC>CAC	Missense	ENSP00000370802
PD51606b_Cl.34	11	4907473	A	G	OR51A7	1	A	G	TAC	TGC	Y35C	A104G	TAC>TGC	Missense	ENSP00000493162
PD51606b_Cl.34	11	16801757	G	A	PLEKHA7	-1	C	T	GCC	GTC	P740S	C2218T	CCC>TCC	Missense	ENSP00000435389
PD51606b_Cl.34	11	112171810	T	C	TEX12	1	T	C	ATA	ACA	I89T	T266C	ATA>ACA	Missense	ENSP00000436893
PD51606b_Cl.34	12	53192342	T	G	ITGB7	-1	A	C	GAG	GCG	R715R	A2143C	AGA>CGA	Synonymous	ENSP00000267082
PD51606b_Cl.34	13	101111216	G	A	NALCN	-1	C	T	CCG	CTG	R735*	C2203T	CGA>TGA	Nonsense	ENSP00000251127
PD51606b_Cl.34	13	108210549	G	A	LIG4	-1	C	T	TCA	TTA	I240I	C720T	ATC>ATT	Synonymous	ENSP00000402030
PD51606b_Cl.34	14	94383203	AGCAGGAG	A	SERPINA1	-1	.	.	.	.	.	28-34-delfrshift	.	no-SNV	ENSP00000416066
PD51606b_Cl.34	14	104176584	G	T	KIF26A	1	G	T	TGG	TTG	G1266C	G3796T	GGC>TGC	Missense	ENSP00000388241
PD51606b_Cl.34	16	28872584	G	C	SH2B1	1	G	C	TGT	TCT	L592L	G1776C	CTG>CTC	Synonymous	ENSP00000378903
PD51606b_Cl.34	16	88738436	G	A	PIEZO1	-1	C	T	TCG	TTG	I213I	C639T	ATC>ATT	Synonymous	ENSP00000301015
PD51606b_Cl.34	17	75727227	T	C	ITGB4	1	T	C	CTG	CCG	C38R	T112C	TGC>CGC	Missense	ENSP00000200181
PD51606b_Cl.34	17	79083072	GC	AA	ENGASE	1	.	.	.	.	.	1091-1092-mnv	.	no-SNV	ENSP00000462333
PD51606b_Cl.34	17	82316256	G	T	CD7	-1	C	A	GCG	GAG	A184E	C551A	GCG>GAG	Missense	ENSP00000312027
PD51606b_Cl.34	19	22180012	C	A	ZNF676	-1	G	T	AGC	ATC	A601S	G1801T	GCT>TCT	Missense	ENSP00000497897
PD51606b_Cl.34	19	32382955	T	A	ZNF507	1	T	A	CTG	CAG	C912S	T2734A	TGC>AGC	Missense	ENSP00000348162
PD51606b_Cl.34	19	33301453	T	C	CEBPA	-1	A	G	AAT	AGT	N321S	A962G	AAT>AGT	Missense	ENSP00000427514
PD51606b_Cl.34	2	32545664	C	A	BIRC6	1	C	A	TCA	TAA	S4205*	C12614A	TCA>TAA	Nonsense	ENSP00000393596
PD51606b_Cl.34	2	141005398	C	T	LRP1B	-1	G	A	AGG	AAG	G814R	G2440A	GGA>AGA	Missense	ENSP00000374135
PD51606b_Cl.34	2	172465647	C	G	ITGA6	1	C	G	TCG	TGG	I97M	C291G	ATC>ATG	Missense	ENSP00000386896
PD51606b_Cl.34	22	26311806	A	G	SEZ6L	1	A	G	GAA	GGA	N574D	A1720G	AAT>GAT	Missense	ENSP00000248933
PD51606b_Cl.34	3	37251479	A	G	GOLGA4	1	A	G	TAG	TGG	R53G	A157G	AGA>GGA	Missense	ENSP00000349305
PD51606b_Cl.34	3	45901549	A	C	CCR9	1	A	C	AAA	ACA	K254T	A761C	AAA>ACA	Missense	ENSP00000350256
PD51606b_Cl.34	3	52691585	A	C	GNL3	1	A	C	AAC	ACC	K275N	A825C	AAA>AAC	Missense	ENSP00000395772
PD51606b_Cl.34	3	112638770	G	A	CCDC80	-1	C	T	ACT	ATT	T379I	C1136T	ACT>ATT	Missense	ENSP00000411814
PD51606b_Cl.34	5	73909490	C	T	ARHGEF28	1	C	T	CCA	CTA	H1414Y	C4240T	CAC>TAC	Missense	ENSP00000441436
PD51606b_Cl.34	5	78998224	A	G	DMGDH	-1	T	C	GTA	GCA	V820A	T2459C	GTA>GCA	Missense	ENSP00000255189
PD51606b_Cl.34	5	157252619	C	A	ITK	1	C	A	TCG	TAG	R602R	C1804A	CGG>AGG	Synonymous	ENSP00000398655
PD51606b_Cl.34	6	30547175	G	A	GNL1	-1	C	T	GCG	GTG	R460C	C1378T	CGC>TGC	Missense	ENSP00000365806
PD51606b_Cl.34	7	82955294	G	A	PCLO	-1	C	T	GCC	GTC	P1887S	C5659T	CCC>TCC	Missense	ENSP00000334319
PD51606b_Cl.34	7	99758208	T	C	CYP3A4	-1	A	G	TAG	TGG	L479L	A1437G	TTA>TTG	Synonymous	ENSP00000498939
PD51606b_Cl.34	7	100991805	C	T	MUC12	1	C	T	GCA	GTA	S414S	C1242T	AGC>AGT	Synonymous	ENSP00000441929
PD51606b_Cl.34	7	101031710	G	A	MUC17	1	G	A	TGA	TAA	V98V	G294A	GTG>GTA	Synonymous	ENSP00000302716
PD51606b_Cl.34	8	68030581	A	T	PREX2	1	A	T	CAA	CTA	N210Y	A628T	AAC>TAC	Missense	ENSP00000288368
PD51606b_Cl.34	9	101371399	G	C	BAAT	-1	C	G	TCC	TGC	I2M	C6G	ATC>ATG	Missense	ENSP00000501610
PD51606b_Cl.36	10	15606377	A	G	ITGA8	-1	T	C	TTT	TCT	L604L	T1810C	TTG>CTG	Synonymous	ENSP00000367316
PD51606b_Cl.36	10	68432231	C	A	DNA2	-1	G	T	AGG	ATG	K616N	G1848T	AAG>AAT	Missense	ENSP00000351185
PD51606b_Cl.36	11	63515608	A	G	LGALS12	1	A	G	CAC	CGC	T231T	A693G	ACA>ACG	Synonymous	ENSP00000378116
PD51606b_Cl.36	12	6557071	G	A	NOP2	-1	C	T	CCA	CTA	P787P	C2361T	CCC>CCT	Synonymous	ENSP00000444437
PD51606b_Cl.36	12	68325559	C	T	MDM1	-1	G	A	CGT	CAT	R172H	G515A	CGT>CAT	Missense	ENSP00000507100
PD51606b_Cl.36	12	112169612	C	A	HECTD4	-1	G	T	GGC	GTC	R4031S	G12093T	AGG>AGT	Missense	ENSP00000366783
PD51606b_Cl.36	14	20510937	G	T	RNASE10	1	G	T	TGT	TTT	V184F	G550T	GTC>TTC	Missense	ENSP00000392996
PD51606b_Cl.36	14	94378515	TAAG	T	SERPINA1	-1	.	.	.	.	.	1188-1190-delinframe	.	no-SNV	ENSP00000416066
PD51606b_Cl.36	14	94381082	G	T	SERPINA1	-1	C	A	CCA	CAA	Q236K	C706A	CAG>AAG	Missense	ENSP00000416066
PD51606b_Cl.36	15	41749538	G	T	MGA	1	G	T	AGA	ATA	Q1977H	G5931T	CAG>CAT	Missense	ENSP00000219905
PD51606b_Cl.36	17	38709576	G	A	MLLT6	1	G	A	GGT	GAT	.	.	.	Essential_Splice	ENSP00000479910
PD51606b_Cl.36	17	74863226	C	A	FDXR	-1	G	T	GGT	GTT	V399L	G1195T	GTG>TTG	Missense	ENSP00000293195
PD51606b_Cl.36	19	16890166	G	A	F2RL3	1	G	A	GGA	GAA	D235N	G703A	GAC>AAC	Missense	ENSP00000248076
PD51606b_Cl.36	19	53165623	A	C	ZNF665	-1	T	G	CTT	CGT	P289P	T867G	CCT>CCG	Synonymous	ENSP00000379702
PD51606b_Cl.36	2	3576535	G	A	RPS7	1	G	A	CGT	CAT	V66I	G196A	GTT>ATT	Missense	ENSP00000385286
PD51606b_Cl.36	2	74558825	G	A	M1AP	-1	C	T	CCT	CTT	P495L	C1484T	CCT>CTT	Missense	ENSP00000414882
PD51606b_Cl.36	2	237387761	C	A	COL6A3	-1	G	T	GGC	GTC	G378V	G1133T	GGC>GTC	Missense	ENSP00000295550
PD51606b_Cl.36	3	47163878	T	G	SETD2	-1	A	C	TAC	TCC	Y16S	A47C	TAC>TCC	Missense	ENSP00000386759
PD51606b_Cl.36	3	51348890	G	A	DOCK3	1	G	A	CGT	CAT	A1318A	G3954A	GCG>GCA	Synonymous	ENSP00000266037
PD51606b_Cl.36	3	51946268	A	T	PARP3	1	A	T	CAT	CTT	I401F	A1201T	ATC>TTC	Missense	ENSP00000395951
PD51606b_Cl.36	3	69080132	T	C	UBA3	-1	A	G	TAG	TGG	I14M	A42G	ATA>ATG	Missense	ENSP00000354340
PD51606b_Cl.36	3	149542358	G	A	WWTR1	-1	C	T	GCG	GTG	R250C	C748T	CGC>TGC	Missense	ENSP00000419465
PD51606b_Cl.36	4	69097104	CTGT	C	UGT2B7	1	.	.	.	.	.	585-587-delinframe	.	no-SNV	ENSP00000304811
PD51606b_Cl.36	4	137521618	G	T	PCDH18	-1	C	A	TCT	TAT	S939Y	C2816A	TCT>TAT	Missense	ENSP00000390688
PD51606b_Cl.36	5	72199573	C	A	MAP1B	1	C	A	CCC	CAC	P2073H	C6218A	CCC>CAC	Missense	ENSP00000296755
PD51606b_Cl.36	5	112821931	G	A	APC	1	G	A	TGT	TAT	V450M	G1348A	GTG>ATG	Missense	ENSP00000427089
PD51606b_Cl.36	6	127577389	G	T	C6orf58	1	G	T	TGA	TTA	L68F	G204T	TTG>TTT	Missense	ENSP00000328069
PD51606b_Cl.36	6	159233705	C	T	FNDC1	1	C	T	CCC	CTC	P1065S	C3193T	CCC>TCC	Missense	ENSP00000297267
PD51606b_Cl.36	7	95595137	G	T	PDK4	-1	C	A	TCT	TAT	S53Y	C158A	TCT>TAT	Missense	ENSP00000005178
PD51606b_Cl.36	8	66665921	T	C	VCPIP1	-1	A	G	CAT	CGT	A346A	A1038G	GCA>GCG	Synonymous	ENSP00000309031
PD51606b_Cl.36	9	25678166	G	T	TUSC1	-1	C	A	GCC	GAC	G49G	C147A	GGC>GGA	Synonymous	ENSP00000350716
PD51606b_Cl.36	9	112459531	TGTG	T	HSDL2	1	.	.	.	.	.	1099-1101-delinframe	.	no-SNV	ENSP00000381785
PD51606b_Cl.36	X	93672087	C	A	NAP1L3	-1	G	T	GGA	GTA	W406C	G1218T	TGG>TGT	Missense	ENSP00000362171
PD51606b_Cl.36	X	124497235	A	G	TENM1	-1	T	C	ATG	ACG	M1159T	T3476C	ATG>ACG	Missense	ENSP00000403954
PD51606b_Cl.4	1	165743311	T	C	TMCO1	-1	A	G	GAT	GGT	I108M	A324G	ATA>ATG	Missense	ENSP00000356856
PD51606b_Cl.4	1	247739158	C	G	OR14K1	1	C	G	CCT	CGT	L182V	C544G	CTA>GTA	Missense	ENSP00000283225
PD51606b_Cl.4	10	12196259	A	G	CDC123	1	A	G	CAT	CGT	H5R	A14G	CAT>CGT	Missense	ENSP00000281141
PD51606b_Cl.4	10	75398754	G	A	ZNF503	-1	C	T	TCA	TTA	Q646*	C1936T	CAG>TAG	Nonsense	ENSP00000361602
PD51606b_Cl.4	11	35663150	T	A	TRIM44	1	T	A	CTC	CAC	P13P	T39A	CCT>CCA	Synonymous	ENSP00000299413
PD51606b_Cl.4	11	74634637	C	T	POLD3	1	C	T	CCT	CTT	P354L	C1061T	CCT>CTT	Missense	ENSP00000263681
PD51606b_Cl.4	11	113977782	C	T	HTR3A	1	C	T	CCG	CTG	R27*	C79T	CGA>TGA	Nonsense	ENSP00000424189
PD51606b_Cl.4	12	109530065	G	C	UBE3B	1	G	C	AGA	ACA	D935H	G2803C	GAT>CAT	Missense	ENSP00000391529
PD51606b_Cl.4	13	19177192	C	A	TUBA3C	-1	G	T	CGC	CTC	R264L	G791T	CGC>CTC	Missense	ENSP00000382982
PD51606b_Cl.4	13	36112217	T	C	DCLK1	-1	A	G	TAG	TGG	.	.	.	Essential_Splice	ENSP00000353846
PD51606b_Cl.4	14	67168961	C	T	GPHN	1	C	T	GCA	GTA	C635C	C1905T	TGC>TGT	Synonymous	ENSP00000312771
PD51606b_Cl.4	14	94378603	CCT	C	SERPINA1	-1	.	.	.	.	.	1101-1102-delfrshift	.	no-SNV	ENSP00000416066
PD51606b_Cl.4	15	85581263	G	C	AKAP13	1	G	C	TGG	TCG	L1065L	G3195C	CTG>CTC	Synonymous	ENSP00000378026
PD51606b_Cl.4	15	98948586	C	T	IGF1R	1	C	T	TCG	TTG	V1200V	C3600T	GTC>GTT	Synonymous	ENSP00000497069
PD51606b_Cl.4	17	41041083	C	T	KRTAP1-1	-1	G	A	AGG	AAG	Q105Q	G315A	CAG>CAA	Synonymous	ENSP00000305975
PD51606b_Cl.4	17	48852990	T	C	CALCOCO2	1	T	C	ATG	ACG	M297T	T890C	ATG>ACG	Missense	ENSP00000258947
PD51606b_Cl.4	18	79374018	C	T	ATP9B	1	C	T	ACG	ATG	T1064M	C3191T	ACG>ATG	Missense	ENSP00000304500
PD51606b_Cl.4	19	46755730	C	T	FKRP	1	C	T	GCC	GTC	P94S	C280T	CCC>TCC	Missense	ENSP00000375776
PD51606b_Cl.4	19	47681046	C	G	BICRA	1	C	G	CCA	CGA	Q626E	C1876G	CAG>GAG	Missense	ENSP00000379946
PD51606b_Cl.4	2	1239752	C	A	SNTG2	1	C	A	ACA	AAA	N288K	C864A	AAC>AAA	Missense	ENSP00000311837
PD51606b_Cl.4	2	11638769	T	C	GREB1	1	T	C	TTG	TCG	F1882F	T5646C	TTT>TTC	Synonymous	ENSP00000370896
PD51606b_Cl.4	2	47521630	C	A	KCNK12	-1	G	T	TGC	TTC	L190L	G570T	CTG>CTT	Synonymous	ENSP00000327611
PD51606b_Cl.4	2	71427379	A	G	ZNF638	1	A	G	GAA	GGA	E1837G	A5510G	GAA>GGA	Missense	ENSP00000386433
PD51606b_Cl.4	2	86125063	T	C	PTCD3	1	T	C	ATG	ACG	M262T	T785C	ATG>ACG	Missense	ENSP00000254630
PD51606b_Cl.4	21	36214527	T	C	DOP1B	1	T	C	CTC	CCC	L367P	T1100C	CTC>CCC	Missense	ENSP00000382104
PD51606b_Cl.4	22	19387779	C	A	HIRA	-1	G	T	GGA	GTA	D349Y	G1045T	GAC>TAC	Missense	ENSP00000263208
PD51606b_Cl.4	22	25903805	G	T	MYO18B	1	G	T	GGA	GTA	E1708*	G5122T	GAA>TAA	Nonsense	ENSP00000441229
PD51606b_Cl.4	3	38620957	G	A	SCN5A	-1	C	T	GCC	GTC	A166V	C497T	GCC>GTC	Missense	ENSP00000328968
PD51606b_Cl.4	5	37007433	T	G	NIPBL	1	T	G	ATT	AGT	L1400V	T4198G	TTG>GTG	Missense	ENSP00000282516
PD51606b_Cl.4	5	77077516	G	A	ZBED3	-1	C	T	CCG	CTG	P121P	C363T	CCC>CCT	Synonymous	ENSP00000255198
PD51606b_Cl.4	5	93585409	C	T	NR2F1	1	C	T	CCC	CTC	P129L	C386T	CCC>CTC	Missense	ENSP00000325819
PD51606b_Cl.4	6	47677866	G	A	ADGRF2	1	G	A	AGG	AAG	K100K	G300A	AAG>AAA	Synonymous	ENSP00000296862
PD51606b_Cl.4	7	93486968	A	T	CALCR	-1	T	A	TTT	TAT	F5Y	T14A	TTT>TAT	Missense	ENSP00000389295
PD51606b_Cl.4	7	127807563	T	A	SND1	1	T	A	ATT	AAT	I411N	T1232A	ATT>AAT	Missense	ENSP00000346762
PD51606b_Cl.4	7	127807565	GG	TT	SND1	1	.	.	.	.	.	1234-1235-mnv	.	no-SNV	ENSP00000346762
PD51606b_Cl.4	9	76707514	A	T	PRUNE2	-1	T	A	ATT	AAT	I1587N	T4760A	ATT>AAT	Missense	ENSP00000365908
PD51606b_Cl.4	9	91775817	A	G	ROR2	-1	T	C	GTG	GCG	G33G	T99C	GGT>GGC	Synonymous	ENSP00000364860
PD51606b_Cl.40	7	135706247	T	C	SLC13A4	-1	A	G	AAC	AGC	N140S	A419G	AAC>AGC	Missense	ENSP00000297282
PD51606b_Cl.45	12	10126620	T	C	CLEC7A	-1	A	G	AAT	AGT	Q97Q	A291G	CAA>CAG	Synonymous	ENSP00000302569
PD51606b_Cl.45	14	94378607	T	A	SERPINA1	-1	A	T	GAA	GTA	K367*	A1099T	AAA>TAA	Nonsense	ENSP00000416066
PD51606b_Cl.45	15	42448183	G	C	ZNF106	-1	C	G	CCT	CGT	S1008S	C3024G	TCC>TCG	Synonymous	ENSP00000456845
PD51606b_Cl.45	17	80354543	A	G	RNF213	1	A	G	AAC	AGC	N3610S	A10829G	AAC>AGC	Missense	ENSP00000464087
PD51606b_Cl.45	19	48493989	C	A	LMTK3	-1	G	T	GGC	GTC	G1266V	G3797T	GGC>GTC	Missense	ENSP00000500153
PD51606b_Cl.45	22	42640190	C	A	ATP5MGL	-1	G	T	CGC	CTC	A29S	G85T	GCA>TCA	Missense	ENSP00000421076
PD51606b_Cl.45	3	127677703	T	A	ABTB1	1	T	A	CTT	CAT	F297I	T889A	TTC>ATC	Missense	ENSP00000232744
PD51606b_Cl.45	4	68830842	A	AG	UGT2B10	1	.	.	.	.	.	1549-1550-insfrshift	.	no-SNV	ENSP00000265403
PD51606b_Cl.45	9	137505749	G	A	PNPLA7	-1	C	T	GCG	GTG	S446S	C1338T	AGC>AGT	Synonymous	ENSP00000384610
PD51606b_Cl.45	X	141177018	C	T	LDOC1	-1	G	A	GGT	GAT	V2M	G4A	GTG>ATG	Missense	ENSP00000359557
PD51606b_Cl.48	1	13342895	G	C	PRAMEF14	-1	C	G	ACC	AGC	T353S	C1058G	ACC>AGC	Missense	ENSP00000334410
PD51606b_Cl.48	12	117761226	C	T	KSR2	-1	G	A	CGG	CAG	A257A	G771A	GCG>GCA	Synonymous	ENSP00000339952
PD51606b_Cl.48	14	24300010	G	T	NOP9	1	G	T	GGC	GTC	G19V	G56T	GGC>GTC	Missense	ENSP00000267425
PD51606b_Cl.48	14	94378514	TTAAGA	T	SERPINA1	-1	.	.	.	.	.	1187-1191-delfrshift	.	no-SNV	ENSP00000416066
PD51606b_Cl.48	15	25694994	G	C	ATP10A	-1	C	G	GCC	GGC	S971R	C2913G	AGC>AGG	Missense	ENSP00000450480
PD51606b_Cl.48	15	29054143	G	T	APBA2	1	G	T	TGA	TTA	D87Y	G259T	GAC>TAC	Missense	ENSP00000507394
PD51606b_Cl.48	17	8109934	G	C	ALOXE3	-1	C	G	CCG	CGG	P458P	C1374G	CCC>CCG	Synonymous	ENSP00000314879
PD51606b_Cl.48	17	37245154	G	A	ACACA	-1	C	T	GCG	GTG	R804*	C2410T	CGA>TGA	Nonsense	ENSP00000478547
PD51606b_Cl.48	19	48661735	C	T	NTN5	-1	G	A	CGC	CAC	R471H	G1412A	CGC>CAC	Missense	ENSP00000270235
PD51606b_Cl.48	2	178530015	A	G	TTN	-1	T	C	GTA	GCA	C35492C	T106476C	TGT>TGC	Synonymous	ENSP00000467141
PD51606b_Cl.48	4	7042507	C	A	CCDC96	-1	G	T	TGC	TTC	L144L	G432T	CTG>CTT	Synonymous	ENSP00000309285
PD51606b_Cl.48	5	35039458	A	T	AGXT2	-1	T	A	CTG	CAG	P76P	T228A	CCT>CCA	Synonymous	ENSP00000231420
PD51606b_Cl.48	5	150117734	G	A	PDGFRB	-1	C	T	TCC	TTC	V1007V	C3021T	GTC>GTT	Synonymous	ENSP00000261799
PD51606b_Cl.48	6	24583621	G	T	KIAA0319	-1	C	A	GCG	GAG	A359E	C1076A	GCG>GAG	Missense	ENSP00000367459
PD51606b_Cl.48	7	110663624	G	A	IMMP2L	-1	C	T	CCA	CTA	P169L	C506T	CCA>CTA	Missense	ENSP00000329553
PD51606b_Cl.7	2	182952859	C	G	NCKAP1	-1	G	C	AGC	ACC	A813P	G2437C	GCG>CCG	Missense	ENSP00000355348
PD51606b_Cl.7	3	18416040	T	C	SATB1	-1	A	G	TAT	TGT	Y161C	A482G	TAT>TGT	Missense	ENSP00000341024
PD60232b	1	1206437	C	G	TNFRSF18	-1	G	C	CGG	CCG	T45T	G135C	ACG>ACC	Synonymous	ENSP00000368570
PD60232b	1	1206473	C	T	TNFRSF18	-1	G	A	GGT	GAT	G33G	G99A	GGG>GGA	Synonymous	ENSP00000368570
PD60232b	1	1211962	C	A	TNFRSF4	-1	G	T	CGG	CTG	R205L	G614T	CGG>CTG	Missense	ENSP00000368538
PD60232b	1	6637484	A	C	DNAJC11	-1	T	G	CTG	CGG	S448S	T1344G	TCT>TCG	Synonymous	ENSP00000366800
PD60232b	1	9720004	G	A	PIK3CD	1	G	A	GGC	GAC	W442*	G1326A	TGG>TGA	Nonsense	ENSP00000366563
PD60232b	1	9721774	G	A	PIK3CD	1	G	A	CGT	CAT	V657M	G1969A	GTG>ATG	Missense	ENSP00000366563
PD60232b	1	11020456	A	G	TARDBP	1	A	G	CAG	CGG	R191G	A571G	AGA>GGA	Missense	ENSP00000491203
PD60232b	1	11059872	G	A	SRM	-1	C	T	CCT	CTT	T24T	C72T	ACC>ACT	Synonymous	ENSP00000366156
PD60232b	1	12363224	T	TA	VPS13D	1	.	.	.	.	.	10424-10425-insfrshift	.	no-SNV	ENSP00000478104
PD60232b	1	12508916	TG	T	VPS13D	1	.	.	.	.	.	13060-13060-delfrshift	.	no-SNV	ENSP00000478104
PD60232b	1	16208915	C	T	ARHGEF19	-1	G	A	TGT	TAT	C47Y	G140A	TGT>TAT	Missense	ENSP00000270747
PD60232b	1	20855039	A	C	EIF4G3	-1	T	G	CTA	CGA	P1257P	T3771G	CCT>CCG	Synonymous	ENSP00000489051
PD60232b	1	21821606	T	G	LDLRAD2	1	T	G	TTG	TGG	L267W	T800G	TTG>TGG	Missense	ENSP00000444097
PD60232b	1	26826811	G	A	ZDHHC18	1	G	A	GGA	GAA	D3N	G7A	GAC>AAC	Missense	ENSP00000363257
PD60232b	1	27551187	G	A	AHDC1	-1	C	T	CCG	CTG	P310L	C929T	CCG>CTG	Missense	ENSP00000495072
PD60232b	1	35895133	A	G	AGO1	1	A	G	CAG	CGG	Q295R	A884G	CAG>CGG	Missense	ENSP00000362300
PD60232b	1	36872319	G	A	GRIK3	-1	C	T	CCG	CTG	R201C	C601T	CGC>TGC	Missense	ENSP00000362183
PD60232b	1	37718684	C	G	EPHA10	-1	G	C	AGG	ACG	E963D	G2889C	GAG>GAC	Missense	ENSP00000362139
PD60232b	1	46635796	G	A	ATPAF1	-1	C	T	CCA	CTA	Q346*	C1036T	CAG>TAG	Nonsense	ENSP00000460964
PD60232b	1	46930298	C	G	CYP4A11	-1	G	C	GGA	GCA	G459G	G1377C	GGG>GGC	Synonymous	ENSP00000311095
PD60232b	1	52921670	G	A	ECHDC2	-1	C	T	GCT	GTT	L2L	C4T	CTG>TTG	Synonymous	ENSP00000360577
PD60232b	1	61359251	G	C	NFIA	1	G	C	AGT	ACT	S308T	G923C	AGT>ACT	Missense	ENSP00000384523
PD60232b	1	89934569	C	G	LRRC8D	1	C	G	TCC	TGC	P501A	C1501G	CCA>GCA	Missense	ENSP00000338887
PD60232b	1	92177078	A	C	BTBD8	1	A	C	AAA	ACA	N629H	A1885C	AAT>CAT	Missense	ENSP00000490161
PD60232b	1	93674863	G	A	BCAR3	-1	C	T	TCA	TTA	S23L	C68T	TCA>TTA	Missense	ENSP00000260502
PD60232b	1	107324623	A	T	NTNG1	1	A	T	TAT	TTT	L196F	A588T	TTA>TTT	Missense	ENSP00000359085
PD60232b	1	108727842	G	T	FNDC7	1	G	T	TGG	TTG	L382F	G1146T	TTG>TTT	Missense	ENSP00000359034
PD60232b	1	110340127	A	G	RBM15	1	A	G	TAT	TGT	Y241C	A722G	TAT>TGT	Missense	ENSP00000473552
PD60232b	1	112675023	C	G	MOV10	1	C	G	CCA	CGA	T37T	C111G	ACC>ACG	Synonymous	ENSP00000350028
PD60232b	1	117952967	G	T	WDR3	1	G	T	GGA	GTA	E725*	G2173T	GAG>TAG	Nonsense	ENSP00000308179
PD60232b	1	148592766	C	T	NBPF14	-1	G	A	GGC	GAC	R93R	G279A	AGG>AGA	Synonymous	ENSP00000479693
PD60232b	1	149944582	T	C	OTUD7B	-1	A	G	CAT	CGT	M603V	A1807G	ATG>GTG	Missense	ENSP00000462729
PD60232b	1	151525723	G	A	CGN	1	G	A	AGA	AAA	E566K	G1696A	GAG>AAG	Missense	ENSP00000271636
PD60232b	1	152309125	CC	AA	FLG	-1	.	.	.	.	.	5760-5761-mnv	.	no-SNV	ENSP00000357789
PD60232b	1	153817421	A	C	GATAD2B	-1	T	G	CTT	CGT	L284R	T851G	CTT>CGT	Missense	ENSP00000489184
PD60232b	1	154173094	T	C	TPM3	-1	A	G	AAG	AGG	K162R	A485G	AAG>AGG	Missense	ENSP00000498577
PD60232b	1	154273852	A	C	HAX1	1	A	C	TAT	TCT	Y132S	A395C	TAT>TCT	Missense	ENSP00000329002
PD60232b	1	155031682	G	A	DCST2	-1	C	T	ACG	ATG	R211W	C631T	CGG>TGG	Missense	ENSP00000357409
PD60232b	1	158619312	T	G	SPTA1	-1	A	C	AAG	ACG	K2147T	A6440C	AAG>ACG	Missense	ENSP00000495214
PD60232b	1	165353228	G	GA	LMX1A	-1	.	.	.	.	.	111-112-insfrshift	.	no-SNV	ENSP00000356868
PD60232b	1	166862288	TCAAGCTGGCCTCGAGTGGGAAG	T	TADA1	-1	.	.	.	.	.	433-454-delfrshift	.	no-SNV	ENSP00000356848
PD60232b	1	167856313	A	C	ADCY10	-1	T	G	CTT	CGT	F675V	T2023G	TTC>GTC	Missense	ENSP00000356825
PD60232b	1	171566775	T	TCAGAAATGTCTACTGAAATAGGAACAATGATCTCGGTATCATCTGCAGAATATGGTACTAATGCAAAGGTAAATCA	PRRC2C	1	.	.	.	.	.	6483-6484-insfrshift	.	no-SNV	ENSP00000410219
PD60232b	1	175323452	C	A	TNR	-1	G	T	AGG	ATG	G1328C	G3982T	GGC>TGC	Missense	ENSP00000356646
PD60232b	1	175403232	C	T	TNR	-1	G	A	CGG	CAG	R295Q	G884A	CGG>CAG	Missense	ENSP00000356646
PD60232b	1	180014038	C	T	CEP350	1	C	T	TCG	TTG	R529C	C1585T	CGT>TGT	Missense	ENSP00000356579
PD60232b	1	182548361	G	A	RGSL1	1	G	A	CGG	CAG	R905Q	G2714A	CGG>CAG	Missense	ENSP00000457748
PD60232b	1	182904288	A	G	SHCBP1L	-1	T	C	CTG	CCG	S493S	T1479C	TCT>TCC	Synonymous	ENSP00000356518
PD60232b	1	183542368	A	G	SMG7	1	A	G	GAG	GGG	R570G	A1708G	AGA>GGA	Missense	ENSP00000340766
PD60232b	1	184831928	G	C	NIBAN1	-1	C	G	CCT	CGT	A212A	C636G	GCC>GCG	Synonymous	ENSP00000356481
PD60232b	1	185184281	G	A	SWT1	1	G	A	TGA	TAA	D393N	G1177A	GAC>AAC	Missense	ENSP00000356470
PD60232b	1	186322583	T	C	TPR	-1	A	G	AAT	AGT	I2101V	A6301G	ATT>GTT	Missense	ENSP00000356448
PD60232b	1	198748122	A	G	PTPRC	1	A	G	TAT	TGT	Y954C	A2861G	TAT>TGT	Missense	ENSP00000411355
PD60232b	1	203184585	C	G	CHI3L1	-1	G	C	GGG	GCG	G102A	G305C	GGG>GCG	Missense	ENSP00000255409
PD60232b	1	214386853	TGTGCGTTTCCGAGTAGTGCTCA	T	PTPN14	-1	.	.	.	.	.	1035-1056-delfrshift	.	no-SNV	ENSP00000355923
PD60232b	1	223393491	CACTTCTCCCAGCCGCCCTACCG	C	CCDC185	1	.	.	.	.	.	17-38-delfrshift	.	no-SNV	ENSP00000355840
PD60232b	1	225872010	G	A	TMEM63A	-1	C	T	TCA	TTA	Q104*	C310T	CAA>TAA	Nonsense	ENSP00000355800
PD60232b	1	226888828	G	A	PSEN2	1	G	A	AGG	AAG	.	.	.	Essential_Splice	ENSP00000355747
PD60232b	1	228293433	A	T	OBSCN	1	A	T	GAG	GTG	S4079C	A12235T	AGC>TGC	Missense	ENSP00000455507
PD60232b	1	234607817	C	T	IRF2BP2	-1	G	A	AGA	AAA	E346K	G1036A	GAA>AAA	Missense	ENSP00000355569
PD60232b	1	239907854	G	A	CHRM3	1	G	A	GGC	GAC	A135T	G403A	GCC>ACC	Missense	ENSP00000482377
PD60232b	1	246541183	C	A	TFB2M	-1	G	T	TGC	TTC	A347S	G1039T	GCG>TCG	Missense	ENSP00000355471
PD60232b	1	247418963	C	T	NLRP3	1	C	T	GCT	GTT	L55L	C163T	CTA>TTA	Synonymous	ENSP00000375704
PD60232b	1	247451838	T	C	OR2B11	-1	A	G	CAT	CGT	I49V	A145G	ATC>GTC	Missense	ENSP00000492892
PD60232b	1	248038544	T	G	OR2L2	1	T	G	CTT	CGT	F93V	T277G	TTC>GTC	Missense	ENSP00000355435
PD60232b	1	248407072	G	A	OR2T1	1	G	A	GGG	GAG	G309S	G925A	GGT>AGT	Missense	ENSP00000493164
PD60232b	10	13283769	A	G	PHYH	-1	T	C	ATG	ACG	M250T	T749C	ATG>ACG	Missense	ENSP00000263038
PD60232b	10	16484689	G	A	PTER	1	G	A	GGG	GAG	G102E	G305A	GGG>GAG	Missense	ENSP00000367239
PD60232b	10	17752553	G	A	TMEM236	1	G	A	GGT	GAT	.	.	.	Essential_Splice	ENSP00000366715
PD60232b	10	17872024	C	G	MRC1	1	C	G	TCA	TGA	Q748E	C2242G	CAA>GAA	Missense	ENSP00000455897
PD60232b	10	24584866	C	T	ARHGAP21	-1	G	A	AGA	AAA	R1808K	G5423A	AGA>AAA	Missense	ENSP00000379709
PD60232b	10	35639403	C	T	FZD8	-1	G	A	CGG	CAG	R676Q	G2027A	CGG>CAG	Missense	ENSP00000363826
PD60232b	10	38056451	T	G	ZNF33A	1	T	G	CTT	CGT	L776R	T2327G	CTT>CGT	Missense	ENSP00000402467
PD60232b	10	45303783	C	T	OR13A1	-1	G	A	CGG	CAG	G214S	G640A	GGT>AGT	Missense	ENSP00000451950
PD60232b	10	47310413	G	C	GDF10	1	G	C	CGC	CCC	A313P	G937C	GCC>CCC	Missense	ENSP00000464145
PD60232b	10	49323000	G	A	C10orf71	1	G	A	AGG	AAG	R152K	G455A	AGG>AAG	Missense	ENSP00000363259
PD60232b	10	53831353	G	T	PCDH15	-1	C	A	GCA	GAA	C1395*	C4185A	TGC>TGA	Nonsense	ENSP00000378832
PD60232b	10	63214828	C	T	JMJD1C	-1	G	A	AGA	AAA	E447K	G1339A	GAG>AAG	Missense	ENSP00000382204
PD60232b	10	69199123	A	T	SUPV3L1	1	A	T	CAA	CTA	A408A	A1224T	GCA>GCT	Synonymous	ENSP00000352678
PD60232b	10	70114297	T	C	AIFM2	-1	A	G	AAA	AGA	N335D	A1003G	AAT>GAT	Missense	ENSP00000478931
PD60232b	10	70114300	TC	T	AIFM2	-1	.	.	.	.	.	999-999-delfrshift	.	no-SNV	ENSP00000478931
PD60232b	10	70340558	A	T	LRRC20	-1	T	A	CTC	CAC	L76H	T227A	CTC>CAC	Missense	ENSP00000413745
PD60232b	10	75029689	T	A	KAT6B	1	T	A	CTG	CAG	L1622Q	T4865A	CTG>CAG	Missense	ENSP00000497841
PD60232b	10	75399942	C	T	ZNF503	-1	G	A	GGA	GAA	E250K	G748A	GAG>AAG	Missense	ENSP00000361602
PD60232b	10	77856810	C	A	DLG5	-1	G	T	AGC	ATC	Q152H	G456T	CAG>CAT	Missense	ENSP00000361467
PD60232b	10	79300911	C	T	ZMIZ1	1	C	T	ACC	ATC	T663I	C1988T	ACC>ATC	Missense	ENSP00000334474
PD60232b	10	95693892	G	T	TCTN3	-1	C	A	ACC	AAC	T3N	C8A	ACC>AAC	Missense	ENSP00000360261
PD60232b	10	97367048	T	G	RRP12	-1	A	C	CAA	CCA	K1014Q	A3040C	AAG>CAG	Missense	ENSP00000446184
PD60232b	10	100294978	G	A	PKD2L1	-1	C	T	ACC	ATC	T501I	C1502T	ACC>ATC	Missense	ENSP00000325296
PD60232b	10	100824695	C	G	PAX2	1	C	G	GCC	GGC	P323A	C967G	CCC>GCC	Missense	ENSP00000347385
PD60232b	10	102065799	G	T	HPS6	1	G	T	GGG	GTG	G109W	G325T	GGG>TGG	Missense	ENSP00000299238
PD60232b	10	103278221	A	G	INA	1	A	G	GAG	GGG	E337G	A1010G	GAG>GGG	Missense	ENSP00000358865
PD60232b	10	114571309	T	C	ABLIM1	-1	A	G	CAC	CGC	T161A	A481G	ACC>GCC	Missense	ENSP00000358260
PD60232b	10	121902570	G	A	ATE1	-1	C	T	CCG	CTG	R212W	C634T	CGG>TGG	Missense	ENSP00000358039
PD60232b	10	122230351	G	A	TACC2	1	G	A	GGA	GAA	E758K	G2272A	GAG>AAG	Missense	ENSP00000260733
PD60232b	10	125661965	C	G	TEX36	-1	G	C	CGG	CCG	G22R	G64C	GGG>CGG	Missense	ENSP00000357811
PD60232b	10	131955887	C	T	PPP2R2D	1	C	T	GCC	GTC	A429V	C1286T	GCC>GTC	Missense	ENSP00000399970
PD60232b	10	132405876	G	T	PWWP2B	1	G	T	AGA	ATA	R459I	G1376T	AGA>ATA	Missense	ENSP00000306324
PD60232b	10	133464647	G	A	SCART1	1	G	A	TGC	TAC	A671T	G2011A	GCT>ACT	Missense	ENSP00000491516
PD60232b	11	381754	G	A	B4GALNT4	1	G	A	CGT	CAT	V1028I	G3082A	GTC>ATC	Missense	ENSP00000328277
PD60232b	11	4848358	G	C	OR51S1	-1	C	G	TCC	TGC	S284C	C851G	TCC>TGC	Missense	ENSP00000322754
PD60232b	11	5884787	TCTGCGTCTGCCATTCTGTGGGCATAA	T	OR52E4	1	.	.	.	.	.	496-521-delfrshift	.	no-SNV	ENSP00000493085
PD60232b	11	7796588	A	T	OR5P2	-1	T	A	CTT	CAT	F119I	T355A	TTT>ATT	Missense	ENSP00000331823
PD60232b	11	7825824	C	G	OR5P3	-1	G	C	AGA	ACA	R50T	G149C	AGA>ACA	Missense	ENSP00000492944
PD60232b	11	7825836	A	G	OR5P3	-1	T	C	ATT	ACT	I46T	T137C	ATT>ACT	Missense	ENSP00000492944
PD60232b	11	10593492	C	G	IRAG1	-1	G	C	TGG	TCG	L717F	G2151C	TTG>TTC	Missense	ENSP00000432436
PD60232b	11	12239528	G	T	MICAL2	1	G	T	CGA	CTA	A719A	G2157T	GCG>GCT	Synonymous	ENSP00000494982
PD60232b	11	17387565	C	T	KCNJ11	-1	G	A	CGC	CAC	R176H	G527A	CGC>CAC	Missense	ENSP00000345708
PD60232b	11	27368378	A	C	LGR4	-1	T	G	ATG	AGG	M782R	T2345G	ATG>AGG	Missense	ENSP00000368516
PD60232b	11	33544090	C	A	KIAA1549L	1	C	A	TCC	TAC	P843T	C2527A	CCT>ACT	Missense	ENSP00000499430
PD60232b	11	33768858	A	G	FBXO3	-1	T	C	CTC	CCC	S117S	T351C	TCT>TCC	Synonymous	ENSP00000265651
PD60232b	11	45650415	C	G	CHST1	-1	G	C	GGG	GCG	G170A	G509C	GGG>GCG	Missense	ENSP00000309270
PD60232b	11	46894635	G	A	LRP4	-1	C	T	ACG	ATG	N498N	C1494T	AAC>AAT	Synonymous	ENSP00000367888
PD60232b	11	56253156	C	T	OR5T3	1	C	T	TCT	TTT	I301I	C903T	ATC>ATT	Synonymous	ENSP00000323612
PD60232b	11	56276183	G	T	OR5T1	1	G	T	GGA	GTA	G182V	G545T	GGA>GTA	Missense	ENSP00000493364
PD60232b	11	58119005	C	T	OR9I1	-1	G	A	GGA	GAA	G147E	G440A	GGA>GAA	Missense	ENSP00000493104
PD60232b	11	58839575	A	T	GLYATL2	-1	T	A	CTG	CAG	L13Q	T38A	CTG>CAG	Missense	ENSP00000434277
PD60232b	11	64117814	A	G	FLRT1	1	A	G	TAC	TGC	Y516C	A1547G	TAC>TGC	Missense	ENSP00000507207
PD60232b	11	64769335	T	C	SF1	-1	A	G	AAG	AGG	R223G	A667G	AGA>GGA	Missense	ENSP00000366611
PD60232b	11	65787441	CCGACGAC	CGGAGCGGG	OVOL1	1	.	.	.	.	.	67-75-insinframe	.	no-SNV	ENSP00000337862
PD60232b	11	65787447	A	G	OVOL1	1	A	G	GAG	GGG	E25G	A74G	GAG>GGG	Missense	ENSP00000337862
PD60232b	11	66265883	G	A	KLC2	1	G	A	TGG	TAG	V491V	G1473A	GTG>GTA	Synonymous	ENSP00000314837
PD60232b	11	68403640	TCAT	TA	LRP5	1	.	.	.	.	.	1743-1745-delinframe	.	no-SNV	ENSP00000294304
PD60232b	11	68403643	T	A	LRP5	1	T	A	ATT	AAT	I582N	T1745A	ATT>AAT	Missense	ENSP00000294304
PD60232b	11	74138736	G	A	C2CD3	-1	C	T	CCA	CTA	T313T	C939T	ACC>ACT	Synonymous	ENSP00000334379
PD60232b	11	77179053	T	G	MYO7A	1	T	G	TTT	TGT	F764C	T2291G	TTT>TGT	Missense	ENSP00000392185
PD60232b	11	86001067	C	G	PICALM	-1	G	C	AGA	ACA	E329Q	G985C	GAG>CAG	Missense	ENSP00000377015
PD60232b	11	94307166	T	A	IZUMO1R	1	T	A	GTG	GAG	V110E	T329A	GTG>GAG	Missense	ENSP00000416935
PD60232b	11	101504076	A	T	TRPC6	-1	T	A	TTA	TAA	L298*	T893A	TTA>TAA	Nonsense	ENSP00000340913
PD60232b	11	102866373	T	A	MMP12	-1	A	T	CAT	CTT	P329P	A987T	CCA>CCT	Synonymous	ENSP00000458585
PD60232b	11	106054140	T	C	KBTBD3	-1	A	G	TAT	TGT	L183L	A549G	TTA>TTG	Synonymous	ENSP00000432163
PD60232b	11	111723753	T	A	SIK2	1	T	A	CTG	CAG	L802Q	T2405A	CTG>CAG	Missense	ENSP00000305976
PD60232b	11	111986889	C	T	DIXDC1	1	C	T	TCT	TTT	L343L	C1027T	CTG>TTG	Synonymous	ENSP00000394352
PD60232b	11	117229529	GCCTGTGCCCAGCAGGCTGGACAAAGAGGT	GGGC	PCSK7	-1	.	.	.	.	.	287-315-delfrshift	.	no-SNV	ENSP00000433841
PD60232b	11	121567073	T	A	SORL1	1	T	A	CTC	CAC	P1061P	T3183A	CCT>CCA	Synonymous	ENSP00000260197
PD60232b	12	138485	C	T	IQSEC3	1	C	T	ACG	ATG	Y374Y	C1122T	TAC>TAT	Synonymous	ENSP00000437554
PD60232b	12	914515	G	A	RAD52	-1	C	T	TCC	TTC	P295S	C883T	CCT>TCT	Missense	ENSP00000387901
PD60232b	12	2610603	G	A	CACNA1C	1	G	A	AGC	AAC	Q1227Q	G3681A	CAG>CAA	Synonymous	ENSP00000266376
PD60232b	12	2664964	A	G	CACNA1C	1	A	G	CAG	CGG	S1506G	A4516G	AGC>GGC	Missense	ENSP00000266376
PD60232b	12	4744688	T	A	GALNT8	1	T	A	GTC	GAC	V283D	T848A	GTC>GAC	Missense	ENSP00000252318
PD60232b	12	7374498	C	T	CD163L1	-1	G	A	CGC	CAC	R1118H	G3353A	CGC>CAC	Missense	ENSP00000315945
PD60232b	12	8177052	T	C	ZNF705A	1	T	C	ATT	ACT	D124D	T372C	GAT>GAC	Synonymous	ENSP00000481663
PD60232b	12	10622678	G	C	STYK1	-1	C	G	GCT	GGT	V309V	C927G	GTC>GTG	Synonymous	ENSP00000075503
PD60232b	12	15121103	A	G	RERG	-1	T	C	TTC	TCC	F26F	T78C	TTT>TTC	Synonymous	ENSP00000438280
PD60232b	12	22287249	A	G	ST8SIA1	-1	T	C	ATG	ACG	M94T	T281C	ATG>ACG	Missense	ENSP00000379353
PD60232b	12	25147034	A	C	CFAP94	-1	T	G	CTG	CGG	L219R	T656G	CTG>CGG	Missense	ENSP00000379310
PD60232b	12	45050892	C	T	DBX2	-1	G	A	CGT	CAT	A12A	G36A	GCG>GCA	Synonymous	ENSP00000331470
PD60232b	12	48526403	C	T	OR8S1	1	C	T	CCG	CTG	R258C	C772T	CGC>TGC	Missense	ENSP00000493379
PD60232b	12	48970158	G	A	WNT10B	-1	C	T	CCA	CTA	Q90*	C268T	CAG>TAG	Nonsense	ENSP00000301061
PD60232b	12	49005009	A	T	PRKAG1	-1	T	A	CTC	CAC	L90H	T269A	CTC>CAC	Missense	ENSP00000448972
PD60232b	12	49349403	G	T	DNAJC22	1	G	T	CGC	CTC	P177P	G531T	CCG>CCT	Synonymous	ENSP00000378508
PD60232b	12	52610795	C	T	KRT73	-1	G	A	CGG	CAG	R384Q	G1151A	CGG>CAG	Missense	ENSP00000307014
PD60232b	12	52646739	C	G	KRT2	-1	G	C	GGT	GCT	.	.	.	Essential_Splice	ENSP00000310861
PD60232b	12	56569981	G	A	RBMS2	1	G	A	AGA	AAA	Q125Q	G375A	CAG>CAA	Synonymous	ENSP00000262031
PD60232b	12	69574833	G	T	FRS2	1	G	T	AGA	ATA	E469*	G1405T	GAG>TAG	Nonsense	ENSP00000450048
PD60232b	12	69610711	C	T	LRRC10	-1	G	A	CGC	CAC	R43H	G128A	CGC>CAC	Missense	ENSP00000355166
PD60232b	12	70920328	C	A	PTPRR	-1	G	T	AGG	ATG	.	.	.	Essential_Splice	ENSP00000283228
PD60232b	12	78006509	C	G	NAV3	1	C	G	CCT	CGT	P324R	C971G	CCT>CGT	Missense	ENSP00000446132
PD60232b	12	90954559	G	A	CCER1	-1	C	T	GCC	GTC	P62S	C184T	CCC>TCC	Missense	ENSP00000351727
PD60232b	12	104886315	ACTTAT	A	SLC41A2	-1	.	.	.	.	.	1000-1004-delfrshift	.	no-SNV	ENSP00000258538
PD60232b	12	109254335	G	A	ACACB	1	G	A	AGT	AAT	.	.	.	Essential_Splice	ENSP00000341044
PD60232b	12	110042414	A	G	C12orf76	-1	T	C	CTT	CCT	L60P	T179C	CTT>CCT	Missense	ENSP00000450232
PD60232b	12	113186917	G	A	RITA1	1	G	A	TGG	TAG	V57V	G171A	GTG>GTA	Synonymous	ENSP00000449841
PD60232b	12	113399630	C	T	SDS	-1	G	A	CGT	CAT	V27I	G79A	GTC>ATC	Missense	ENSP00000257549
PD60232b	12	117146177	C	T	FBXO21	-1	G	A	AGC	AAC	E592E	G1776A	GAG>GAA	Synonymous	ENSP00000483508
PD60232b	12	119718819	G	C	CIT	-1	C	G	ACA	AGA	Q1295E	C3883G	CAG>GAG	Missense	ENSP00000376306
PD60232b	12	120131963	TTCAG	T	GCN1	-1	.	.	.	.	.	7373-7376-delfrshift	.	no-SNV	ENSP00000300648
PD60232b	12	123931415	T	C	DNAH10	1	T	C	TTA	TCA	Y4287H	T12859C	TAC>CAC	Missense	ENSP00000501095
PD60232b	12	124817606	G	T	SCARB1	-1	C	A	GCG	GAG	S76R	C228A	AGC>AGA	Missense	ENSP00000261693
PD60232b	12	130162986	T	C	FZD10	1	T	C	ATG	ACG	M15T	T44C	ATG>ACG	Missense	ENSP00000229030
PD60232b	12	132076519	GCAAAACTTCCTCAAGTTGTT	G	EP400	1	.	.	.	.	.	9026-9045-delfrshift	.	no-SNV	ENSP00000374212
PD60232b	13	27920325	C	T	PDX1	1	C	T	CCC	CTC	P63S	C187T	CCG>TCG	Missense	ENSP00000370421
PD60232b	13	28438279	C	G	FLT1	-1	G	C	AGG	ACG	R152T	G455C	AGG>ACG	Missense	ENSP00000282397
PD60232b	13	37045247	C	T	SUPT20H	-1	G	A	AGG	AAG	D98N	G292A	GAT>AAT	Missense	ENSP00000218894
PD60232b	13	39013227	A	C	PROSER1	-1	T	G	CTC	CGC	P675P	T2025G	CCT>CCG	Synonymous	ENSP00000332034
PD60232b	13	44434664	C	CG	TSC22D1	-1	.	.	.	.	.	397-398-insfrshift	.	no-SNV	ENSP00000261489
PD60232b	13	46350275	C	T	RUBCNL	-1	G	A	CGT	CAT	S469S	G1407A	TCG>TCA	Synonymous	ENSP00000502015
PD60232b	13	83880507	G	A	SLITRK1	-1	C	T	CCC	CTC	P334L	C1001T	CCC>CTC	Missense	ENSP00000501349
PD60232b	13	108229297	C	T	ABHD13	1	C	T	CCG	CTG	R27C	C79T	CGT>TGT	Missense	ENSP00000365063
PD60232b	13	113239501	G	T	CUL4A	1	G	T	GGT	GTT	V329L	G985T	GTG>TTG	Missense	ENSP00000364589
PD60232b	14	19433918	G	A	POTEG	-1	C	T	ACG	ATG	D124D	C372T	GAC>GAT	Synonymous	ENSP00000450853
PD60232b	14	20457070	T	A	APEX1	1	T	A	CTA	CAA	P173P	T519A	CCT>CCA	Synonymous	ENSP00000216714
PD60232b	14	22998673	A	G	C14orf93	-1	T	C	ATA	ACA	H117H	T351C	CAT>CAC	Synonymous	ENSP00000380535
PD60232b	14	23097998	T	C	C14orf119	1	T	C	ATT	ACT	F114L	T340C	TTT>CTT	Missense	ENSP00000322238
PD60232b	14	23534608	G	T	ZFHX2	-1	C	A	CCT	CAT	L240I	C718A	CTT>ATT	Missense	ENSP00000413418
PD60232b	14	24432158	AGCACCCCTGAAAG	A	KHNYN	1	.	.	.	.	.	898-910-delfrshift	.	no-SNV	ENSP00000251343
PD60232b	14	31388923	T	A	HEATR5A	-1	A	T	CAG	CTG	S285S	A855T	TCA>TCT	Synonymous	ENSP00000437968
PD60232b	14	34826154	A	T	BAZ1A	-1	T	A	TTG	TAG	L132*	T395A	TTG>TAG	Nonsense	ENSP00000371859
PD60232b	14	36311580	T	C	MBIP	-1	A	G	TAC	TGC	L261L	A783G	TTA>TTG	Synonymous	ENSP00000399718
PD60232b	14	36517525	G	C	NKX2-1	-1	C	G	GCG	GGG	A290G	C869G	GCG>GGG	Missense	ENSP00000428341
PD60232b	14	49894050	G	T	ARF6	1	G	T	CGC	CTC	R105L	G314T	CGC>CTC	Missense	ENSP00000298316
PD60232b	14	50752524	T	G	NIN	-1	A	C	AAG	ACG	K1648N	A4944C	AAA>AAC	Missense	ENSP00000436092
PD60232b	14	57210016	T	A	EXOC5	-1	A	T	CAG	CTG	A553A	A1659T	GCA>GCT	Synonymous	ENSP00000484855
PD60232b	14	58347706	A	C	ARID4A	1	A	C	CAT	CCT	H411P	A1232C	CAT>CCT	Missense	ENSP00000347602
PD60232b	14	63727834	T	C	SGPP1	-1	A	G	CAG	CGG	A37A	A111G	GCA>GCG	Synonymous	ENSP00000247225
PD60232b	14	64522326	C	G	ZBTB1	1	C	G	CCA	CGA	S274S	C822G	TCC>TCG	Synonymous	ENSP00000451000
PD60232b	14	70457601	C	G	ADAM21	1	C	G	CCC	CGC	S34S	C102G	TCC>TCG	Synonymous	ENSP00000506213
PD60232b	14	93183403	T	G	MOAP1	-1	A	C	TAC	TCC	V280V	A840C	GTA>GTC	Synonymous	ENSP00000298894
PD60232b	14	94378545	C	CT	SERPINA1	-1	.	.	.	.	.	1161-1162-insfrshift	.	no-SNV	ENSP00000416066
PD60232b	14	94378558	G	GA	SERPINA1	-1	.	.	.	.	.	1148-1149-insfrshift	.	no-SNV	ENSP00000416066
PD60232b	14	94378589	CA	C	SERPINA1	-1	.	.	.	.	.	1116-1116-delfrshift	.	no-SNV	ENSP00000416066
PD60232b	14	100538752	G	T	BEGAIN	-1	C	A	TCT	TAT	L333L	C999A	CTC>CTA	Synonymous	ENSP00000411124
PD60232b	14	102001064	G	A	DYNC1H1	1	G	A	AGG	AAG	K1395K	G4185A	AAG>AAA	Synonymous	ENSP00000348965
PD60232b	14	102999685	C	A	CDC42BPB	-1	G	T	GGT	GTT	G159V	G476T	GGT>GTT	Missense	ENSP00000355237
PD60232b	14	103728961	TGTC	T	ZFYVE21	1	.	.	.	.	.	413-415-delinframe	.	no-SNV	ENSP00000310543
PD60232b	14	103742199	C	T	PPP1R13B	-1	G	A	TGG	TAG	L471L	G1413A	CTG>CTA	Synonymous	ENSP00000202556
PD60232b	14	104177866	G	A	KIF26A	1	G	A	CGC	CAC	R1693H	G5078A	CGC>CAC	Missense	ENSP00000388241
PD60232b	14	104586458	C	T	C14orf180	1	C	T	CCC	CTC	P10S	C28T	CCT>TCT	Missense	ENSP00000386487
PD60232b	14	104942365	C	G	AHNAK2	-1	G	C	AGG	ACG	E4362D	G13086C	GAG>GAC	Missense	ENSP00000353114
PD60232b	15	23565825	G	A	MKRN3	1	G	A	CGG	CAG	G15R	G43A	GGG>AGG	Missense	ENSP00000313881
PD60232b	15	25356027	C	T	UBE3A	-1	G	A	TGG	TAG	L663L	G1989A	TTG>TTA	Synonymous	ENSP00000497572
PD60232b	15	29093138	G	A	APBA2	1	G	A	GGG	GAG	G378E	G1133A	GGG>GAG	Missense	ENSP00000507394
PD60232b	15	36808385	G	A	CDIN1	1	G	A	GGA	GAA	E260K	G778A	GAA>AAA	Missense	ENSP00000455397
PD60232b	15	41761797	A	G	MGA	1	A	G	AAT	AGT	N2486S	A7457G	AAT>AGT	Missense	ENSP00000219905
PD60232b	15	41840862	G	T	PLA2G4B	1	G	T	CGG	CTG	R103L	G308T	CGG>CTG	Missense	ENSP00000396045
PD60232b	15	42810727	A	C	TTBK2	-1	T	G	CTC	CGC	S217A	T649G	TCT>GCT	Missense	ENSP00000479984
PD60232b	15	45263136	T	C	SLC28A2	1	T	C	TTG	TCG	L113S	T338C	TTG>TCG	Missense	ENSP00000315006
PD60232b	15	45265112	C	T	SLC28A2	1	C	T	CCG	CTG	A242A	C726T	GCC>GCT	Synonymous	ENSP00000315006
PD60232b	15	48834822	C	T	SHC4	-1	G	A	TGG	TAG	G562R	G1684A	GGA>AGA	Missense	ENSP00000329668
PD60232b	15	49901215	T	A	ATP8B4	-1	A	T	GAC	GTC	G722G	A2166T	GGA>GGT	Synonymous	ENSP00000284509
PD60232b	15	58772065	G	C	MINDY2	1	G	C	GGA	GCA	E224Q	G670C	GAG>CAG	Missense	ENSP00000393231
PD60232b	15	60453640	A	C	ICE2	-1	T	G	TTT	TGT	F363C	T1088G	TTT>TGT	Missense	ENSP00000261520
PD60232b	15	63725348	T	C	HERC1	-1	A	G	TAT	TGT	Y1171C	A3512G	TAT>TGT	Missense	ENSP00000390158
PD60232b	15	65667953	C	G	DENND4A	-1	G	C	AGC	ACC	S1609T	G4826C	AGC>ACC	Missense	ENSP00000396830
PD60232b	15	68361681	A	T	ITGA11	-1	T	A	ATG	AAG	H127Q	T381A	CAT>CAA	Missense	ENSP00000327290
PD60232b	15	69047834	C	A	NOX5	1	C	A	CCA	CAA	Q580K	C1738A	CAG>AAG	Missense	ENSP00000432440
PD60232b	15	71728719	G	T	THSD4	1	G	T	TGT	TTT	V510F	G1528T	GTC>TTC	Missense	ENSP00000347484
PD60232b	15	73983986	TCGCCCTTCACCTTC	T	STOML1	-1	.	.	.	.	.	1134-1147-delfrshift	.	no-SNV	ENSP00000442478
PD60232b	15	74620119	G	T	CLK3	1	G	T	CGT	CTT	R88L	G263T	CGT>CTT	Missense	ENSP00000344112
PD60232b	15	75359151	A	T	MAN2C1	-1	T	A	CTG	CAG	T683T	T2049A	ACT>ACA	Synonymous	ENSP00000267978
PD60232b	15	80931887	T	C	CEMIP	1	T	C	ATA	ACA	Y881H	T2641C	TAT>CAT	Missense	ENSP00000220244
PD60232b	15	91916170	G	A	SLCO3A1	1	G	A	CGC	CAC	A120T	G358A	GCG>ACG	Missense	ENSP00000320634
PD60232b	15	101015356	T	A	LRRK1	1	T	A	TTG	TAG	I521I	T1563A	ATT>ATA	Synonymous	ENSP00000373600
PD60232b	16	264124	G	T	FAM234A	1	G	T	AGC	ATC	A433S	G1297T	GCC>TCC	Missense	ENSP00000301678
PD60232b	16	672987	C	T	RHOT2	1	C	T	CCG	CTG	P529P	C1587T	CCC>CCT	Synonymous	ENSP00000321971
PD60232b	16	767464	G	A	MSLN	1	G	A	CGG	CAG	A538A	G1614A	GCG>GCA	Synonymous	ENSP00000372313
PD60232b	16	2243201	G	A	ECI1	-1	C	T	ACC	ATC	T196I	C587T	ACC>ATC	Missense	ENSP00000301729
PD60232b	16	2762857	C	G	SRRM2	1	C	G	GCG	GGG	R777G	C2329G	CGC>GGC	Missense	ENSP00000301740
PD60232b	16	4341382	C	A	PAM16	-1	G	T	TGA	TTA	E71*	G211T	GAG>TAG	Nonsense	ENSP00000461047
PD60232b	16	4705188	G	A	ANKS3	-1	C	T	CCG	CTG	R259W	C775T	CGG>TGG	Missense	ENSP00000304586
PD60232b	16	11273531	G	A	PRM3	-1	C	T	ACG	ATG	T22M	C65T	ACG>ATG	Missense	ENSP00000325638
PD60232b	16	22008357	C	T	MOSMO	1	C	T	GCC	GTC	A19V	C56T	GCC>GTC	Missense	ENSP00000454926
PD60232b	16	27771657	C	T	KATNIP	1	C	T	TCC	TTC	.	.	.	Essential_Splice	ENSP00000261588
PD60232b	16	28595806	A	T	SULT1A2	-1	T	A	CTC	CAC	L42H	T125A	CTC>CAC	Missense	ENSP00000378992
PD60232b	16	28834673	A	T	ATXN2L	1	A	T	CAT	CTT	M805L	A2413T	ATG>TTG	Missense	ENSP00000338718
PD60232b	16	28914372	C	T	RABEP2	-1	G	A	CGC	CAC	R253H	G758A	CGC>CAC	Missense	ENSP00000350934
PD60232b	16	29744789	G	A	C16orf54	-1	C	T	ACG	ATG	R55C	C163T	CGC>TGC	Missense	ENSP00000327506
PD60232b	16	30524871	G	A	ZNF768	-1	C	T	ACG	ATG	H423H	C1269T	CAC>CAT	Synonymous	ENSP00000369777
PD60232b	16	48108458	A	G	ABCC12	-1	T	C	GTA	GCA	Y785H	T2353C	TAC>CAC	Missense	ENSP00000311030
PD60232b	16	50229211	A	C	TENT4B	1	A	C	CAA	CCA	T675T	A2025C	ACA>ACC	Synonymous	ENSP00000455837
PD60232b	16	53692311	A	T	RPGRIP1L	-1	T	A	GTT	GAT	V95D	T284A	GTT>GAT	Missense	ENSP00000480698
PD60232b	16	56639283	T	A	MT1A	1	T	A	CTG	CAG	T16T	T48A	ACT>ACA	Synonymous	ENSP00000290705
PD60232b	16	66939305	C	A	CES2	1	C	A	CCT	CAT	L124M	C370A	CTG>ATG	Missense	ENSP00000317842
PD60232b	16	67654352	C	T	CARMIL2	1	C	T	CCG	CTG	P1081L	C3242T	CCG>CTG	Missense	ENSP00000334958
PD60232b	16	67877564	C	T	EDC4	1	C	T	TCG	TTG	R233C	C697T	CGC>TGC	Missense	ENSP00000351811
PD60232b	16	68678777	G	A	CDH3	1	G	A	TGT	TAT	V188M	G562A	GTG>ATG	Missense	ENSP00000264012
PD60232b	16	70785787	G	A	VAC14	-1	C	T	GCC	GTC	A113V	C338T	GCC>GTC	Missense	ENSP00000261776
PD60232b	16	81043960	G	C	ATMIN	1	G	C	TGG	TCG	G488R	G1462C	GGG>CGG	Missense	ENSP00000299575
PD60232b	16	84181745	C	T	TAF1C	-1	G	A	GGT	GAT	.	.	.	Essential_Splice	ENSP00000455933
PD60232b	16	87709474	G	A	KLHDC4	-1	C	T	TCT	TTT	S413F	C1238T	TCT>TTT	Missense	ENSP00000270583
PD60232b	16	88832080	A	T	GALNS	-1	T	A	CTG	CAG	L307Q	T920A	CTG>CAG	Missense	ENSP00000268695
PD60232b	16	89898560	C	T	TCF25	1	C	T	GCT	GTT	S342S	C1026T	AGC>AGT	Synonymous	ENSP00000263346
PD60232b	16	90042536	G	A	GAS8	1	G	A	GGT	GAT	.	.	.	Essential_Splice	ENSP00000268699
PD60232b	16	90075843	A	G	PRDM7	-1	T	C	ATG	ACG	M23T	T68C	ATG>ACG	Missense	ENSP00000396732
PD60232b	17	2364092	T	C	SGSM2	1	T	C	CTC	CCC	S281P	T841C	TCC>CCC	Missense	ENSP00000268989
PD60232b	17	3291981	A	T	OR3A1	-1	T	A	CTG	CAG	L201Q	T602A	CTG>CAG	Missense	ENSP00000313803
PD60232b	17	4815830	G	C	PLD2	1	G	C	AGT	ACT	V451L	G1351C	GTG>CTG	Missense	ENSP00000263088
PD60232b	17	4899813	C	A	C17orf107	1	C	A	TCC	TAC	F17L	C51A	TTC>TTA	Missense	ENSP00000370770
PD60232b	17	5521616	C	T	NLRP1	-1	G	A	CGT	CAT	V1231I	G3691A	GTC>ATC	Missense	ENSP00000478516
PD60232b	17	6425519	G	T	AIPL1	-1	C	A	GCC	GAC	P366T	C1096A	CCC>ACC	Missense	ENSP00000370521
PD60232b	17	7283993	GC	G	SLC2A4	1	.	.	.	.	.	469-469-delfrshift	.	no-SNV	ENSP00000320935
PD60232b	17	7326489	G	A	NEURL4	-1	C	T	CCC	CTC	T384T	C1152T	ACC>ACT	Synonymous	ENSP00000382390
PD60232b	17	7592801	G	C	FXR2	-1	C	G	GCA	GGA	A541G	C1622G	GCA>GGA	Missense	ENSP00000250113
PD60232b	17	8076282	G	C	ALOX12B	-1	C	G	CCT	CGT	T475T	C1425G	ACC>ACG	Synonymous	ENSP00000497784
PD60232b	17	8542106	C	G	MYH10	-1	G	C	TGT	TCT	.	.	.	Essential_Splice	ENSP00000353590
PD60232b	17	9598312	A	T	CFAP52	1	A	T	AAA	ATA	K205N	A615T	AAA>AAT	Missense	ENSP00000339449
PD60232b	17	11854026	A	G	DNAH9	1	A	G	CAT	CGT	S3177S	A9531G	TCA>TCG	Synonymous	ENSP00000262442
PD60232b	17	12763203	C	T	MYOCD	1	C	T	GCC	GTC	S840S	C2520T	AGC>AGT	Synonymous	ENSP00000401678
PD60232b	17	17796832	C	T	RAI1	1	C	T	CCG	CTG	P1295L	C3884T	CCG>CTG	Missense	ENSP00000323074
PD60232b	17	28682758	C	T	SUPT6H	1	C	T	CCG	CTG	P543P	C1629T	CCC>CCT	Synonymous	ENSP00000319104
PD60232b	17	28959769	T	TAGG	SEZ6	-1	.	.	.	.	.	1700-1701-insfrshift	.	no-SNV	ENSP00000353440
PD60232b	17	31998671	A	C	SUZ12	1	A	C	CAA	CCA	N630H	A1888C	AAT>CAT	Missense	ENSP00000316578
PD60232b	17	35445349	G	T	SLFN13	-1	C	A	TCT	TAT	S111Y	C332A	TCT>TAT	Missense	ENSP00000467426
PD60232b	17	36493956	A	T	ZNHIT3	1	A	T	AAT	ATT	N79I	A236T	AAT>ATT	Missense	ENSP00000484687
PD60232b	17	37584665	G	T	SYNRG	-1	C	A	TCG	TAG	S191*	C572A	TCG>TAG	Nonsense	ENSP00000483453
PD60232b	17	38720550	C	A	MLLT6	1	C	A	CCT	CAT	P778P	C2334A	CCC>CCA	Synonymous	ENSP00000479910
PD60232b	17	38755890	C	T	PSMB3	1	C	T	GCG	GTG	R66C	C196T	CGC>TGC	Missense	ENSP00000483688
PD60232b	17	39409989	C	T	MED1	-1	G	A	AGT	AAT	Q744Q	G2232A	CAG>CAA	Synonymous	ENSP00000300651
PD60232b	17	41611392	C	A	KRT16	-1	G	T	CGA	CTA	E242*	G724T	GAA>TAA	Nonsense	ENSP00000301653
PD60232b	17	41913749	C	A	ACLY	-1	G	T	CGC	CTC	R42L	G125T	CGC>CTC	Missense	ENSP00000466259
PD60232b	17	42500802	A	G	ATP6V0A1	1	A	G	TAC	TGC	Y592C	A1775G	TAC>TGC	Missense	ENSP00000342951
PD60232b	17	42690796	G	C	CNTNAP1	1	G	C	GGT	GCT	G638A	G1913C	GGT>GCT	Missense	ENSP00000264638
PD60232b	17	44007772	T	A	NAGS	1	T	A	CTG	CAG	W484R	T1450A	TGG>AGG	Missense	ENSP00000293404
PD60232b	17	44216626	A	C	UBTF	-1	T	G	TTC	TGC	F46C	T137G	TTC>TGC	Missense	ENSP00000435708
PD60232b	17	44399272	A	G	GPATCH8	-1	T	C	ATA	ACA	Y935Y	T2805C	TAT>TAC	Synonymous	ENSP00000467556
PD60232b	17	44689633	C	T	CCDC43	-1	G	A	TGG	TAG	G41R	G121A	GGA>AGA	Missense	ENSP00000323782
PD60232b	17	44879604	G	A	EFTUD2	-1	C	T	GCT	GTT	G218G	C654T	GGC>GGT	Synonymous	ENSP00000392094
PD60232b	17	44935397	G	A	KIF18B	-1	C	T	CCG	CTG	T111T	C333T	ACC>ACT	Synonymous	ENSP00000465377
PD60232b	17	46067577	G	C	KANSL1	-1	C	G	ACT	AGT	L542V	C1624G	CTC>GTC	Missense	ENSP00000262419
PD60232b	17	47953135	CTGTT	C	PRR15L	-1	.	.	.	.	.	96-99-delfrshift	.	no-SNV	ENSP00000300557
PD60232b	17	49707063	C	G	SLC35B1	-1	G	C	AGA	ACA	R74T	G221C	AGA>ACA	Missense	ENSP00000497423
PD60232b	17	50750556	G	A	LUC7L3	1	G	A	AGC	AAC	K398K	G1194A	AAG>AAA	Synonymous	ENSP00000425092
PD60232b	17	50863323	A	T	TOB1	-1	T	A	CTT	CAT	L232H	T695A	CTT>CAT	Missense	ENSP00000427695
PD60232b	17	58358539	C	A	RNF43	-1	G	T	TGC	TTC	A413S	G1237T	GCA>TCA	Missense	ENSP00000385328
PD60232b	17	59119320	T	C	SKA2	-1	A	G	GAG	GGG	E99G	A296G	GAG>GGG	Missense	ENSP00000333433
PD60232b	17	63355234	C	T	TANC2	1	C	T	ACA	ATA	T735I	C2204T	ACA>ATA	Missense	ENSP00000387593
PD60232b	17	63486683	C	T	ACE	1	C	T	ACG	ATG	R729W	C2185T	CGG>TGG	Missense	ENSP00000290866
PD60232b	17	67086867	T	C	HELZ	-1	A	G	AAT	AGT	N1819S	A5456G	AAT>AGT	Missense	ENSP00000351524
PD60232b	17	74440593	C	T	GPRC5C	1	C	T	TCC	TTC	P273S	C817T	CCC>TCC	Missense	ENSP00000376403
PD60232b	17	78161143	G	A	C17orf99	1	G	A	CGT	CAT	V87I	G259A	GTC>ATC	Missense	ENSP00000343493
PD60232b	17	79948992	G	A	TBC1D16	-1	C	T	CCC	CTC	P474L	C1421T	CCC>CTC	Missense	ENSP00000309794
PD60232b	17	80210802	C	A	SGSH	-1	G	T	CGT	CTT	V387L	G1159T	GTG>TTG	Missense	ENSP00000314606
PD60232b	17	81549275	CTGGCTGGGCCAG	CCA	FAAP100	-1	.	.	.	.	.	1322-1333-delinframe	.	no-SNV	ENSP00000333283
PD60232b	17	81683733	G	A	ARL16	-1	C	T	CCA	CTA	A7A	C21T	GCC>GCT	Synonymous	ENSP00000483183
PD60232b	17	81934423	G	A	PYCR1	-1	C	T	TCC	TTC	P234S	C700T	CCT>TCT	Missense	ENSP00000479793
PD60232b	17	82830834	C	T	ZNF750	-1	G	A	CGC	CAC	A494T	G1480A	GCC>ACC	Missense	ENSP00000269394
PD60232b	18	49826504	C	T	MYO5B	-1	G	A	CGT	CAT	A1838A	G5514A	GCG>GCA	Synonymous	ENSP00000285039
PD60232b	18	58342924	G	A	NEDD4L	1	G	A	CGT	CAT	V466I	G1396A	GTA>ATA	Missense	ENSP00000383199
PD60232b	19	1053495	C	T	ABCA7	1	C	T	TCA	TTA	L1129L	C3387T	CTC>CTT	Synonymous	ENSP00000263094
PD60232b	19	1073723	G	A	ARHGAP45	1	G	A	AGT	AAT	V234M	G700A	GTG>ATG	Missense	ENSP00000316772
PD60232b	19	2226475	C	T	DOT1L	1	C	T	TCG	TTG	F1318F	C3954T	TTC>TTT	Synonymous	ENSP00000381657
PD60232b	19	2253678	C	A	JSRP1	-1	G	T	AGT	ATT	K126N	G378T	AAG>AAT	Missense	ENSP00000300961
PD60232b	19	8144918	C	T	FBN3	-1	G	A	TGC	TAC	C167Y	G500A	TGC>TAC	Missense	ENSP00000498507
PD60232b	19	9102489	T	C	OR7G2	-1	A	G	TAT	TGT	Y252C	A755G	TAT>TGT	Missense	ENSP00000492896
PD60232b	19	10291489	A	C	ICAM5	1	A	C	GAG	GCG	Q118P	A353C	CAG>CCG	Missense	ENSP00000221980
PD60232b	19	11235702	C	G	DOCK6	-1	G	C	CGG	CCG	R817P	G2450C	CGG>CCG	Missense	ENSP00000294618
PD60232b	19	11576720	G	A	ACP5	-1	C	T	GCG	GTG	R129C	C385T	CGC>TGC	Missense	ENSP00000392374
PD60232b	19	17640600	G	A	UNC13A	-1	C	T	CCT	CTT	L900L	C2698T	CTG>TTG	Synonymous	ENSP00000429562
PD60232b	19	17881962	C	T	SLC5A5	1	C	T	ACA	ATA	T354I	C1061T	ACA>ATA	Missense	ENSP00000222248
PD60232b	19	18266094	C	G	IQCN	-1	G	C	AGA	ACA	Q482H	G1446C	CAG>CAC	Missense	ENSP00000376213
PD60232b	19	18856025	C	G	UPF1	1	C	G	CCG	CGG	R560G	C1678G	CGT>GGT	Missense	ENSP00000470142
PD60232b	19	19054237	C	T	ARMC6	1	C	T	TCG	TTG	V288V	C864T	GTC>GTT	Synonymous	ENSP00000376147
PD60232b	19	20167335	C	T	ZNF486	1	C	T	CCG	CTG	P2L	C5T	CCG>CTG	Missense	ENSP00000335042
PD60232b	19	21057779	G	A	ZNF430	1	G	A	TGG	TAG	G491S	G1471A	GGC>AGC	Missense	ENSP00000261560
PD60232b	19	22313804	C	T	ZNF729	1	C	T	CCA	CTA	A129A	C387T	GCC>GCT	Synonymous	ENSP00000469582
PD60232b	19	22314206	T	A	ZNF729	1	T	A	CTT	CAT	P263P	T789A	CCT>CCA	Synonymous	ENSP00000469582
PD60232b	19	23654584	T	G	ZNF675	-1	A	C	TAA	TCA	K117Q	A349C	AAA>CAA	Missense	ENSP00000352836
PD60232b	19	35065264	G	A	HPN	1	G	A	TGT	TAT	V276M	G826A	GTG>ATG	Missense	ENSP00000262626
PD60232b	19	36341166	T	C	ZFP14	-1	A	G	AAC	AGC	K220K	A660G	AAA>AAG	Synonymous	ENSP00000270001
PD60232b	19	36639350	TTACA	T	ZNF461	-1	.	.	.	.	.	922-925-delfrshift	.	no-SNV	ENSP00000353515
PD60232b	19	37698126	CA	C	ZNF607	-1	.	.	.	.	.	2001-2001-delfrshift	.	no-SNV	ENSP00000438015
PD60232b	19	38387099	C	G	GGN	-1	G	C	CGC	CCC	A55P	G163C	GCC>CCC	Missense	ENSP00000334940
PD60232b	19	38387108	G	A	GGN	-1	C	T	CCC	CTC	P52S	C154T	CCT>TCT	Missense	ENSP00000334940
PD60232b	19	41316552	C	T	CCDC97	1	C	T	GCC	GTC	A72V	C215T	GCC>GTC	Missense	ENSP00000269967
PD60232b	19	42274107	G	T	CIC	1	G	T	CGC	CTC	R775L	G2324T	CGC>CTC	Missense	ENSP00000505728
PD60232b	19	43776553	G	A	KCNN4	-1	C	T	CCA	CTA	A81A	C243T	GCC>GCT	Synonymous	ENSP00000496939
PD60232b	19	43997130	G	C	ZNF155	1	G	C	TGA	TCA	E425Q	G1273C	GAA>CAA	Missense	ENSP00000465691
PD60232b	19	46411702	T	C	CCDC8	-1	A	G	GAG	GGG	E370G	A1109G	GAG>GGG	Missense	ENSP00000303158
PD60232b	19	47977404	G	T	BSPH1	-1	C	A	ACG	AAG	Y75*	C225A	TAC>TAA	Nonsense	ENSP00000341762
PD60232b	19	48464759	G	A	KCNJ14	1	G	A	CGC	CAC	A431A	G1293A	GCG>GCA	Synonymous	ENSP00000341479
PD60232b	19	49196469	T	C	TRPM4	1	T	C	CTG	CCG	L747P	T2240C	CTG>CCG	Missense	ENSP00000252826
PD60232b	19	49930952	T	A	ATF5	1	T	A	CTG	CAG	P34P	T102A	CCT>CCA	Synonymous	ENSP00000470633
PD60232b	19	50259235	A	G	MYH14	1	A	G	AAC	AGC	N742S	A2225G	AAC>AGC	Missense	ENSP00000407879
PD60232b	19	50358630	C	G	NAPSA	-1	G	C	GGT	GCT	V396L	G1186C	GTG>CTG	Missense	ENSP00000253719
PD60232b	19	50512359	C	T	ASPDH	-1	G	A	GGT	GAT	.	.	.	Essential_Splice	ENSP00000373860
PD60232b	19	54997324	G	A	NLRP2	1	G	A	GGG	GAG	G963R	G2887A	GGA>AGA	Missense	ENSP00000445135
PD60232b	19	55230835	G	A	PPP6R1	-1	C	T	GCC	GTC	P837S	C2509T	CCC>TCC	Missense	ENSP00000414202
PD60232b	19	55614549	A	T	ZNF865	1	A	T	CAC	CTC	T311S	A931T	ACG>TCG	Missense	ENSP00000457715
PD60232b	19	57398544	G	T	ZNF548	1	G	T	AGT	ATT	S98I	G293T	AGT>ATT	Missense	ENSP00000337555
PD60232b	19	57842072	T	A	ZNF587B	1	T	A	ATA	AAA	Y465*	T1395A	TAT>TAA	Nonsense	ENSP00000499083
PD60232b	19	58129250	ACT	A	ZNF329	-1	.	.	.	.	.	252-253-delfrshift	.	no-SNV	ENSP00000350773
PD60232b	19	58353047	G	C	A1BG	-1	C	G	TCA	TGA	S74*	C221G	TCA>TGA	Nonsense	ENSP00000263100
PD60232b	2	8734712	ATCAATGTTACA	ATT	KIDINS220	-1	.	.	.	.	.	3691-3701-delfrshift	.	no-SNV	ENSP00000418974
PD60232b	2	15942073	C	T	MYCN	1	C	T	GCT	GTT	S3S	C9T	AGC>AGT	Synonymous	ENSP00000281043
PD60232b	2	21010476	CAATTGAATGAATTCAGAT	C	APOB	-1	.	.	.	.	.	6374-6391-delinframe	.	no-SNV	ENSP00000233242
PD60232b	2	23691770	C	G	KLHL29	1	C	G	TCT	TGT	V392V	C1176G	GTC>GTG	Synonymous	ENSP00000420659
PD60232b	2	23703852	CCAGTTCTGCAGGTGAGAGG	C	KLHL29	1	.	.	.	.	.	2434-2444-delfrshift	.	no-SNV	ENSP00000420659
PD60232b	2	24060844	CA	C	FKBP1B	1	.	.	.	.	.	117-117-delfrshift	.	no-SNV	ENSP00000370373
PD60232b	2	28779031	A	G	PPP1CB	1	A	G	TAT	TGT	Y136C	A407G	TAT>TGT	Missense	ENSP00000296122
PD60232b	2	29239796	C	G	ALK	-1	G	C	CGG	CCG	G747R	G2239C	GGG>CGG	Missense	ENSP00000373700
PD60232b	2	31138044	C	T	GALNT14	-1	G	A	GGT	GAT	V15M	G43A	GTG>ATG	Missense	ENSP00000288988
PD60232b	2	31398625	C	A	XDH	-1	G	T	TGC	TTC	L127L	G381T	CTG>CTT	Synonymous	ENSP00000368727
PD60232b	2	32184295	T	A	SLC30A6	1	T	A	TTA	TAA	Y81N	T241A	TAC>AAC	Missense	ENSP00000282587
PD60232b	2	40139663	G	A	SLC8A1	-1	C	T	ACG	ATG	D761D	C2283T	GAC>GAT	Synonymous	ENSP00000332931
PD60232b	2	42304499	G	T	EML4	1	G	T	TGC	TTC	A650S	G1948T	GCA>TCA	Missense	ENSP00000384939
PD60232b	2	42493431	C	T	KCNG3	-1	G	A	CGG	CAG	R24Q	G71A	CGG>CAG	Missense	ENSP00000304127
PD60232b	2	43943680	AACT	A	LRPPRC	-1	.	.	.	.	.	NA	.	no-SNV	ENSP00000260665
PD60232b	2	46624198	A	T	CRIPT	1	A	T	TAC	TTC	T93S	A277T	ACC>TCC	Missense	ENSP00000238892
PD60232b	2	64552581	C	T	AFTPH	1	C	T	GCA	GTA	C369C	C1107T	TGC>TGT	Synonymous	ENSP00000387071
PD60232b	2	64552740	G	T	AFTPH	1	G	T	TGA	TTA	V422V	G1266T	GTG>GTT	Synonymous	ENSP00000387071
PD60232b	2	71399608	C	T	ZNF638	1	C	T	TCA	TTA	V850V	C2550T	GTC>GTT	Synonymous	ENSP00000386433
PD60232b	2	74102101	G	T	TET3	1	G	T	TGC	TTC	V1771V	G5313T	GTG>GTT	Synonymous	ENSP00000386869
PD60232b	2	74519675	G	C	DQX1	-1	C	G	TCG	TGG	R563G	C1687G	CGG>GGG	Missense	ENSP00000384621
PD60232b	2	74527492	CC	AA	AUP1	-1	.	.	.	.	.	939-940-mnv	.	no-SNV	ENSP00000366748
PD60232b	2	79085493	T	A	REG1B	-1	A	T	CAG	CTG	S144S	A432T	TCA>TCT	Synonymous	ENSP00000303206
PD60232b	2	100393595	C	T	CHST10	-1	G	A	CGT	CAT	V241M	G721A	GTG>ATG	Missense	ENSP00000387309
PD60232b	2	101413041	G	A	RFX8	-1	C	T	GCG	GTG	R269C	C805T	CGT>TGT	Missense	ENSP00000494216
PD60232b	2	105881976	G	T	NCK2	1	G	T	CGG	CTG	R292L	G875T	CGG>CTG	Missense	ENSP00000377018
PD60232b	2	134953544	A	G	CCNT2	1	A	G	TAT	TGT	L363L	A1089G	CTA>CTG	Synonymous	ENSP00000264157
PD60232b	2	135866271	C	T	MCM6	-1	G	A	CGT	CAT	R263H	G788A	CGT>CAT	Missense	ENSP00000264156
PD60232b	2	151463580	A	G	RIF1	1	A	G	CAA	CGA	N1354D	A4060G	AAT>GAT	Missense	ENSP00000243326
PD60232b	2	159325678	C	A	BAZ2B	-1	G	T	TGA	TTA	D2062Y	G6184T	GAC>TAC	Missense	ENSP00000376534
PD60232b	2	165901820	A	T	TTC21B	-1	T	A	TTG	TAG	C887S	T2659A	TGT>AGT	Missense	ENSP00000243344
PD60232b	2	167247458	C	CA	XIRP2	1	.	.	.	.	.	5399-5400-insfrshift	.	no-SNV	ENSP00000499978
PD60232b	2	178533377	T	A	TTN	-1	A	T	CAT	CTT	H34413L	A103238T	CAT>CTT	Missense	ENSP00000467141
PD60232b	2	178706644	G	A	TTN	-1	C	T	TCG	TTG	R9744C	C29230T	CGT>TGT	Missense	ENSP00000467141
PD60232b	2	178733672	C	T	TTN	-1	G	A	CGT	CAT	T5239T	G15717A	ACG>ACA	Synonymous	ENSP00000467141
PD60232b	2	190997862	T	C	STAT1	-1	A	G	CAG	CGG	Q260R	A779G	CAG>CGG	Missense	ENSP00000438703
PD60232b	2	191835927	G	A	CAVIN2	-1	C	T	TCC	TTC	S425F	C1274T	TCC>TTC	Missense	ENSP00000305675
PD60232b	2	197423890	T	C	SF3B1	-1	A	G	TAT	TGT	Y38C	A113G	TAT>TGT	Missense	ENSP00000335321
PD60232b	2	198084587	T	C	PLCL1	1	T	C	ATA	ACA	I357T	T1070C	ATA>ACA	Missense	ENSP00000402861
PD60232b	2	206004773	G	C	INO80D	-1	C	G	TCC	TGC	L893L	C2679G	CTC>CTG	Synonymous	ENSP00000384198
PD60232b	2	206749130	CC	AA	MDH1B	-1	.	.	.	.	.	1105-1106-mnv	.	no-SNV	ENSP00000363533
PD60232b	2	207767114	C	A	FZD5	-1	G	T	GGC	GTC	R542R	G1626T	CGG>CGT	Synonymous	ENSP00000354607
PD60232b	2	208182986	G	C	C2orf80	-1	C	G	ACT	AGT	T62S	C185G	ACT>AGT	Missense	ENSP00000343171
PD60232b	2	209777441	C	T	UNC80	1	C	T	CCT	CTT	P161L	C482T	CCT>CTT	Missense	ENSP00000501012
PD60232b	2	217847534	C	T	TNS1	-1	G	A	AGG	AAG	G1016R	G3046A	GGG>AGG	Missense	ENSP00000493967
PD60232b	2	221443575	G	A	EPHA4	-1	C	T	ACG	ATG	Y602Y	C1806T	TAC>TAT	Synonymous	ENSP00000386829
PD60232b	2	231794325	A	T	COPS7B	1	A	T	CAT	CTT	I101F	A301T	ATC>TTC	Missense	ENSP00000272995
PD60232b	20	845542	G	C	FAM110A	1	G	C	GGG	GCG	G246G	G738C	GGG>GGC	Synonymous	ENSP00000354163
PD60232b	20	2656492	A	G	NOP56	1	A	G	CAT	CGT	I368V	A1102G	ATC>GTC	Missense	ENSP00000370589
PD60232b	20	9580277	G	T	PAK5	-1	C	A	CCA	CAA	S286S	C858A	TCC>TCA	Synonymous	ENSP00000367679
PD60232b	20	17970301	T	G	MGME1	1	T	G	CTT	CGT	L148V	T442G	TTG>GTG	Missense	ENSP00000366939
PD60232b	20	20368843	C	T	INSM1	1	C	T	CCG	CTG	A192A	C576T	GCC>GCT	Synonymous	ENSP00000312631
PD60232b	20	32436583	C	G	ASXL1	1	C	G	CCT	CGT	L1291V	C3871G	CTG>GTG	Missense	ENSP00000481978
PD60232b	20	33443545	C	T	SNTA1	-1	G	A	CGA	CAA	E26K	G76A	GAG>AAG	Missense	ENSP00000217381
PD60232b	20	35000501	C	T	MYH7B	1	C	T	GCG	GTG	R1664W	C4990T	CGG>TGG	Missense	ENSP00000262873
PD60232b	20	35003500	G	A	TRPC4AP	-1	C	T	CCG	CTG	P722P	C2166T	CCC>CCT	Synonymous	ENSP00000252015
PD60232b	20	35434001	T	C	GDF5	-1	A	G	GAG	GGG	S472G	A1414G	AGT>GGT	Missense	ENSP00000363489
PD60232b	20	38952381	C	T	FAM83D	1	C	T	TCC	TTC	S540F	C1619T	TCC>TTC	Missense	ENSP00000481465
PD60232b	20	41349833	C	T	LPIN3	1	C	T	CCG	CTG	P234L	C701T	CCG>CTG	Missense	ENSP00000487971
PD60232b	20	44159613	C	A	JPH2	-1	G	T	GGA	GTA	.	.	.	Essential_Splice	ENSP00000362071
PD60232b	20	45375346	T	C	TP53TG5	-1	A	G	CAT	CGT	H154R	A461G	CAT>CGT	Missense	ENSP00000361811
PD60232b	20	46040527	C	G	SLC12A5	1	C	G	GCC	GGC	A256G	C767G	GCC>GGC	Missense	ENSP00000243964
PD60232b	20	47642220	C	G	NCOA3	1	C	G	TCT	TGT	L1030V	C3088G	CTT>GTT	Missense	ENSP00000361066
PD60232b	20	48632599	C	T	PREX1	-1	G	A	CGC	CAC	A1436A	G4308A	GCG>GCA	Synonymous	ENSP00000361009
PD60232b	20	53255067	A	T	TSHZ2	1	A	T	CAG	CTG	S537C	A1609T	AGC>TGC	Missense	ENSP00000360552
PD60232b	20	57334790	A	G	SPO11	1	A	G	TAC	TGC	Y184C	A551G	TAC>TGC	Missense	ENSP00000360310
PD60232b	20	63569477	CA	C	HELZ2	-1	.	.	.	.	.	758-758-delfrshift	.	no-SNV	ENSP00000417401
PD60232b	21	30282194	C	G	KRTAP24-1	-1	G	C	TGG	TCG	G247R	G739C	GGT>CGT	Missense	ENSP00000339238
PD60232b	21	30881193	C	G	KRTAP11-1	-1	G	C	TGT	TCT	C111S	G332C	TGT>TCT	Missense	ENSP00000330720
PD60232b	21	32750928	T	C	PAXBP1	-1	A	G	AAT	AGT	N571S	A1712G	AAT>AGT	Missense	ENSP00000328992
PD60232b	21	36278305	G	C	DOP1B	1	G	C	TGG	TCG	L1973L	G5919C	CTG>CTC	Synonymous	ENSP00000382104
PD60232b	21	36278329	CT	C	DOP1B	1	.	.	.	.	.	5944-5944-delfrshift	.	no-SNV	ENSP00000382104
PD60232b	21	36399547	AGAAGCGTGT	A	CHAF1B	1	.	.	.	.	.	606-614-delinframe	.	no-SNV	ENSP00000315700
PD60232b	21	43982386	G	T	AGPAT3	1	G	T	AGG	ATG	K375N	G1125T	AAG>AAT	Missense	ENSP00000381138
PD60232b	22	19974160	C	T	ARVCF	-1	G	A	TGG	TAG	L680L	G2040A	CTG>CTA	Synonymous	ENSP00000263207
PD60232b	22	21023325	A	G	P2RX6	1	A	G	TAT	TGT	Y230C	A689G	TAT>TGT	Missense	ENSP00000416193
PD60232b	22	26464288	C	A	HPS4	-1	G	T	TGG	TTG	G448C	G1342T	GGC>TGC	Missense	ENSP00000381213
PD60232b	22	28629643	T	C	TTC28	-1	A	G	AAT	AGT	N97S	A290G	AAT>AGT	Missense	ENSP00000381003
PD60232b	22	30387293	G	T	RNF215	-1	C	A	CCG	CAG	P7P	C21A	CCC>CCA	Synonymous	ENSP00000371800
PD60232b	22	31095449	C	T	SMTN	1	C	T	ACA	ATA	D593D	C1779T	GAC>GAT	Synonymous	ENSP00000329532
PD60232b	22	38866429	G	A	CBX6	-1	C	T	CCT	CTT	P340L	C1019T	CCT>CTT	Missense	ENSP00000384490
PD60232b	22	40266980	G	A	TNRC6B	1	G	A	GGC	GAC	G917D	G2750A	GGC>GAC	Missense	ENSP00000401946
PD60232b	22	40420955	G	C	MRTFA	-1	C	G	TCC	TGC	S358C	C1073G	TCC>TGC	Missense	ENSP00000347847
PD60232b	22	40779109	C	T	SLC25A17	-1	G	A	TGC	TAC	L117L	G351A	TTG>TTA	Synonymous	ENSP00000390722
PD60232b	22	45535321	T	C	FBLN1	1	T	C	CTC	CCC	A302A	T906C	GCT>GCC	Synonymous	ENSP00000331544
PD60232b	22	46289518	C	G	TTC38	1	C	G	CCC	CGC	P400R	C1199G	CCC>CGC	Missense	ENSP00000370419
PD60232b	22	50142164	C	G	MOV10L1	1	C	G	CCT	CGT	P718P	C2154G	CCC>CCG	Synonymous	ENSP00000438978
PD60232b	22	50448337	G	C	SBF1	-1	C	G	ACA	AGA	D1753E	C5259G	GAC>GAG	Missense	ENSP00000370196
PD60232b	3	383871	G	A	CHL1	1	G	A	TGA	TAA	M744I	G2232A	ATG>ATA	Missense	ENSP00000256509
PD60232b	3	1374024	G	A	CNTN6	1	G	A	GGA	GAA	G682G	G2046A	GGG>GGA	Synonymous	ENSP00000407822
PD60232b	3	3144697	T	C	TRNT1	1	T	C	TTT	TCT	L199L	T595C	TTA>CTA	Synonymous	ENSP00000251607
PD60232b	3	10926083	C	T	SLC6A11	1	C	T	TCA	TTA	F400F	C1200T	TTC>TTT	Synonymous	ENSP00000254488
PD60232b	3	37282033	A	G	GOLGA4	1	A	G	GAT	GGT	I102V	A304G	ATA>GTA	Missense	ENSP00000349305
PD60232b	3	37494552	C	T	ITGA9	1	C	T	GCG	GTG	A199V	C596T	GCG>GTG	Missense	ENSP00000264741
PD60232b	3	44448010	G	T	ZNF445	-1	C	A	TCA	TAA	S554*	C1661A	TCA>TAA	Nonsense	ENSP00000413073
PD60232b	3	45394487	G	A	LARS2	1	G	A	TGC	TAC	A12T	G34A	GCC>ACC	Missense	ENSP00000495093
PD60232b	3	48225390	T	A	CAMP	1	T	A	TTT	TAT	F163Y	T488A	TTT>TAT	Missense	ENSP00000296435
PD60232b	3	49014649	G	C	WDR6	1	G	C	GGA	GCA	D945H	G2833C	GAT>CAT	Missense	ENSP00000477389
PD60232b	3	50274385	C	A	SEMA3B	1	C	A	ACC	AAC	T387N	C1160A	ACC>AAC	Missense	ENSP00000481957
PD60232b	3	50476136	G	A	CACNA2D2	-1	C	T	GCG	GTG	G90G	C270T	GGC>GGT	Synonymous	ENSP00000390329
PD60232b	3	52554726	G	A	PBRM1	-1	C	T	CCG	CTG	P1536L	C4607T	CCG>CTG	Missense	ENSP00000296302
PD60232b	3	85912491	C	T	CADM2	1	C	T	ACG	ATG	H207H	C621T	CAC>CAT	Synonymous	ENSP00000384575
PD60232b	3	108355381	G	T	HHLA2	1	G	T	AGG	ATG	D229Y	G685T	GAT>TAT	Missense	ENSP00000419207
PD60232b	3	112605746	G	A	CCDC80	-1	C	T	GCG	GTG	R842*	C2524T	CGA>TGA	Nonsense	ENSP00000411814
PD60232b	3	119815047	T	C	NR1I2	1	T	C	TTC	TCC	F288S	T863C	TTC>TCC	Missense	ENSP00000377319
PD60232b	3	122632147	G	A	PARP15	1	G	A	AGC	AAC	E500E	G1500A	GAG>GAA	Synonymous	ENSP00000417214
PD60232b	3	123734082	G	A	MYLK	-1	C	T	TCC	TTC	S305F	C914T	TCC>TTC	Missense	ENSP00000353452
PD60232b	3	126507796	G	T	UROC1	-1	C	A	CCC	CAC	P183H	C548A	CCC>CAC	Missense	ENSP00000290868
PD60232b	3	130468906	G	C	COL6A5	1	G	C	AGA	ACA	R2297T	G6890C	AGA>ACA	Missense	ENSP00000265379
PD60232b	3	132689253	C	A	NPHP3	-1	G	T	TGC	TTC	A902S	G2704T	GCT>TCT	Missense	ENSP00000338766
PD60232b	3	143985559	A	G	DIPK2A	1	A	G	GAA	GGA	E225G	A674G	GAA>GGA	Missense	ENSP00000320081
PD60232b	3	149657303	T	A	WWTR1	-1	A	T	GAA	GTA	N2Y	A4T	AAT>TAT	Missense	ENSP00000419465
PD60232b	3	184188988	G	A	ABCF3	1	G	A	CGG	CAG	R326Q	G977A	CGG>CAG	Missense	ENSP00000411471
PD60232b	3	186785008	C	T	EIF4A2	1	C	T	CCA	CTA	A85A	C255T	GCC>GCT	Synonymous	ENSP00000326381
PD60232b	4	973375	G	C	DGKQ	-1	C	G	GCC	GGC	R36R	C108G	CGC>CGG	Synonymous	ENSP00000273814
PD60232b	4	2335731	GAACATGAGGGCC	G	ZFYVE28	-1	.	.	.	.	.	663-674-delinframe	.	no-SNV	ENSP00000290974
PD60232b	4	2904885	G	C	ADD1	1	G	C	GGC	GCC	G428A	G1283C	GGC>GCC	Missense	ENSP00000381191
PD60232b	4	22420889	T	A	ADGRA3	-1	A	T	TAA	TTA	L602L	A1806T	CTA>CTT	Synonymous	ENSP00000334952
PD60232b	4	26748487	G	A	TBC1D19	1	G	A	GGA	GAA	D466N	G1396A	GAT>AAT	Missense	ENSP00000264866
PD60232b	4	36133307	T	C	ARAP2	-1	A	G	TAA	TGA	N1116D	A3346G	AAT>GAT	Missense	ENSP00000302895
PD60232b	4	46303464	C	A	GABRA2	-1	G	T	TGT	TTT	V284V	G852T	GTG>GTT	Synonymous	ENSP00000421828
PD60232b	4	55417947	C	G	TMEM165	1	C	G	TCG	TGG	R252G	C754G	CGC>GGC	Missense	ENSP00000370736
PD60232b	4	67619106	G	A	UBA6	-1	C	T	ACT	ATT	T1017I	C3050T	ACT>ATT	Missense	ENSP00000313454
PD60232b	4	72283495	T	C	ADAMTS3	-1	A	G	TAC	TGC	T1087A	A3259G	ACA>GCA	Missense	ENSP00000286657
PD60232b	4	72290853	A	G	ADAMTS3	-1	T	C	GTA	GCA	.	.	.	Essential_Splice	ENSP00000286657
PD60232b	4	75790209	A	G	USO1	1	A	G	CAT	CGT	A352A	A1056G	GCA>GCG	Synonymous	ENSP00000444850
PD60232b	4	77161654	T	A	CCNG2	1	T	A	CTG	CAG	S204S	T612A	TCT>TCA	Synonymous	ENSP00000424665
PD60232b	4	78479617	G	A	FRAS1	1	G	A	CGC	CAC	R2781H	G8342A	CGC>CAC	Missense	ENSP00000422834
PD60232b	4	94586443	A	G	PDLIM5	1	A	G	AAA	AGA	N307D	A919G	AAT>GAT	Missense	ENSP00000321746
PD60232b	4	98482042	A	G	TSPAN5	-1	T	C	ATT	ACT	I138T	T413C	ATT>ACT	Missense	ENSP00000307701
PD60232b	4	99651371	C	T	C4orf54	-1	G	A	AGA	AAA	R1093K	G3278A	AGA>AAA	Missense	ENSP00000427555
PD60232b	4	108064361	T	A	LEF1	-1	A	T	GAG	GTG	R352S	A1056T	AGA>AGT	Missense	ENSP00000406176
PD60232b	4	110621227	G	A	PITX2	-1	C	T	ACC	ATC	Y63Y	C189T	TAC>TAT	Synonymous	ENSP00000484909
PD60232b	4	119245381	G	A	USP53	1	G	A	TGA	TAA	L63L	G189A	TTG>TTA	Synonymous	ENSP00000409906
PD60232b	4	139529080	G	T	SETD7	-1	C	A	CCC	CAC	T171T	C513A	ACC>ACA	Synonymous	ENSP00000274031
PD60232b	4	143696958	G	T	FREM3	-1	C	A	ACG	AAG	R1240R	C3718A	CGA>AGA	Synonymous	ENSP00000332886
PD60232b	4	145639413	G	A	MMAA	1	G	A	TGG	TAG	G92S	G274A	GGT>AGT	Missense	ENSP00000497008
PD60232b	4	161920588	G	T	FSTL5	-1	C	A	ACT	AAT	H75Q	C225A	CAC>CAA	Missense	ENSP00000305334
PD60232b	4	182792895	A	G	TENM3	1	A	G	AAT	AGT	M2075V	A6223G	ATG>GTG	Missense	ENSP00000424226
PD60232b	5	10263227	A	G	CCT5	1	A	G	CAT	CGT	I471V	A1411G	ATC>GTC	Missense	ENSP00000280326
PD60232b	5	14290727	C	G	TRIO	1	C	G	TCT	TGT	V184V	C552G	GTC>GTG	Synonymous	ENSP00000339299
PD60232b	5	58459087	G	C	PLK2	-1	C	G	GCT	GGT	G92G	C276G	GGC>GGG	Synonymous	ENSP00000274289
PD60232b	5	65758749	T	C	NLN	1	T	C	GTT	GCT	V75A	T224C	GTT>GCT	Missense	ENSP00000370372
PD60232b	5	75196122	C	T	ANKRD31	-1	G	A	TGT	TAT	V176I	G526A	GTA>ATA	Missense	ENSP00000274361
PD60232b	5	80654782	G	T	MSH3	1	G	T	TGC	TTC	A19S	G55T	GCG>TCG	Missense	ENSP00000265081
PD60232b	5	94465039	C	A	KIAA0825	-1	G	T	CGA	CTA	S631S	G1893T	TCG>TCT	Synonymous	ENSP00000424618
PD60232b	5	112838598	G	A	APC	1	G	A	AGC	AAC	A1002T	G3004A	GCC>ACC	Missense	ENSP00000427089
PD60232b	5	128301381	C	A	FBN2	-1	G	T	GGT	GTT	.	.	.	Essential_Splice	ENSP00000424571
PD60232b	5	128464793	T	A	FBN2	-1	A	T	GAT	GTT	M253L	A757T	ATG>TTG	Missense	ENSP00000424571
PD60232b	5	131973296	G	C	ACSL6	-1	C	G	TCC	TGC	V366V	C1098G	GTC>GTG	Synonymous	ENSP00000368546
PD60232b	5	132823269	T	C	SHROOM1	-1	A	G	GAC	GGC	D736G	A2207G	GAC>GGC	Missense	ENSP00000478436
PD60232b	5	133980776	G	C	VDAC1	-1	C	G	ACT	AGT	N168K	C504G	AAC>AAG	Missense	ENSP00000378484
PD60232b	5	141151868	G	A	PCDHB6	1	G	A	CGG	CAG	P537P	G1611A	CCG>CCA	Synonymous	ENSP00000231136
PD60232b	5	141224850	C	A	PCDHB14	1	C	A	CCC	CAC	P449T	C1345A	CCC>ACC	Missense	ENSP00000239449
PD60232b	5	141389294	A	G	PCDHGB4	1	A	G	CAC	CGC	S470S	A1410G	TCA>TCG	Synonymous	ENSP00000428288
PD60232b	5	141662252	A	T	ARAP3	-1	T	A	CTC	CAC	L935H	T2804A	CTC>CAC	Missense	ENSP00000239440
PD60232b	5	141957760	G	A	PCDH12	-1	C	T	ACG	ATG	T31M	C92T	ACG>ATG	Missense	ENSP00000231484
PD60232b	5	154803627	C	A	LARP1	1	C	A	TCA	TAA	S774*	C2321A	TCA>TAA	Nonsense	ENSP00000428589
PD60232b	5	157480960	A	T	ADAM19	-1	T	A	CTC	CAC	S916T	T2746A	TCG>ACG	Missense	ENSP00000257527
PD60232b	5	177430876	C	T	GRK6	1	C	T	GCG	GTG	G19G	C57T	GGC>GGT	Synonymous	ENSP00000347655
PD60232b	5	178246388	CACAGGCAGGCCG	C	COL23A1	-1	.	.	.	.	.	1350-1359-delfrshift	.	no-SNV	ENSP00000375069
PD60232b	5	178589978	G	T	COL23A1	-1	C	A	GCT	GAT	L74M	C220A	CTG>ATG	Missense	ENSP00000375069
PD60232b	5	179870286	C	A	TBC1D9B	-1	G	T	TGA	TTA	L898L	G2694T	CTG>CTT	Synonymous	ENSP00000349291
PD60232b	5	181260409	G	A	TRIM52	-1	C	T	ACC	ATC	Y135Y	C405T	TAC>TAT	Synonymous	ENSP00000483005
PD60232b	6	7230870	C	G	RREB1	1	C	G	TCC	TGC	S924C	C2771G	TCC>TGC	Missense	ENSP00000369270
PD60232b	6	10621364	T	C	GCNT2	1	T	C	CTA	CCA	S313S	T939C	TCT>TCC	Synonymous	ENSP00000419411
PD60232b	6	29396723	C	T	OR12D2	1	C	T	CCG	CTG	T8T	C24T	ACC>ACT	Synonymous	ENSP00000485112
PD60232b	6	30922227	C	T	VARS2	1	C	T	GCT	GTT	L640L	C1918T	CTG>TTG	Synonymous	ENSP00000502585
PD60232b	6	30922513	G	A	VARS2	1	G	A	TGT	TAT	V666M	G1996A	GTG>ATG	Missense	ENSP00000502585
PD60232b	6	32069649	C	T	TNXB	-1	G	A	CGT	CAT	V2078M	G6232A	GTG>ATG	Missense	ENSP00000497649
PD60232b	6	32977842	GC	TT	BRD2	1	.	.	.	.	.	1415-1416-mnv	.	no-SNV	ENSP00000502900
PD60232b	6	33455816	G	A	ZBTB9	1	G	A	AGA	AAA	R239K	G716A	AGA>AAA	Missense	ENSP00000378503
PD60232b	6	34540993	AG	A	SPDEF	-1	.	.	.	.	.	624-624-delfrshift	.	no-SNV	ENSP00000363149
PD60232b	6	34858970	G	A	UHRF1BP1	1	G	A	TGG	TAG	G872R	G2614A	GGA>AGA	Missense	ENSP00000192788
PD60232b	6	35286359	G	T	ZNF76	1	G	T	TGG	TTG	L64L	G192T	CTG>CTT	Synonymous	ENSP00000363064
PD60232b	6	36330144	C	G	BNIP5	-1	G	C	AGG	ACG	G183R	G547C	GGG>CGG	Missense	ENSP00000418983
PD60232b	6	36914286	T	G	C6orf89	1	T	G	CTT	CGT	F136V	T406G	TTT>GTT	Missense	ENSP00000362789
PD60232b	6	39030156	C	T	DNAH8	1	C	T	ACG	ATG	R4630W	C13888T	CGG>TGG	Missense	ENSP00000333363
PD60232b	6	42968876	T	C	PEX6	-1	A	G	GAA	GGA	K493E	A1477G	AAG>GAG	Missense	ENSP00000303511
PD60232b	6	52982672	C	T	GSTA4	-1	G	A	TGG	TAG	G150S	G448A	GGT>AGT	Missense	ENSP00000360002
PD60232b	6	75848354	C	T	MYO6	1	C	T	CCT	CTT	L301F	C901T	CTT>TTT	Missense	ENSP00000500710
PD60232b	6	85533790	C	T	SNX14	-1	G	A	GGT	GAT	G540D	G1619A	GGT>GAT	Missense	ENSP00000313121
PD60232b	6	88143900	C	T	CNR1	-1	G	A	GGT	GAT	V459I	G1375A	GTA>ATA	Missense	ENSP00000446819
PD60232b	6	89656756	C	G	MDN1	-1	G	C	TGA	TCA	E5077Q	G15229C	GAA>CAA	Missense	ENSP00000358400
PD60232b	6	116554132	T	C	CALHM4	1	T	C	TTG	TCG	I113I	T339C	ATT>ATC	Synonymous	ENSP00000357585
PD60232b	6	135447039	TCCTTTGACTCTTC	T	AHI1	-1	.	.	.	.	.	1735-1747-delfrshift	.	no-SNV	ENSP00000265602
PD60232b	6	138785305	A	G	CCDC28A	1	A	G	TAT	TGT	Y134C	A401G	TAT>TGT	Missense	ENSP00000482946
PD60232b	6	143863227	A	G	LTV1	1	A	G	TAA	TGA	K420E	A1258G	AAA>GAA	Missense	ENSP00000356548
PD60232b	6	158503677	GA	G	TULP4	1	.	.	.	.	.	4015-4015-delfrshift	.	no-SNV	ENSP00000356064
PD60232b	7	2433293	GT	G	CHST12	1	.	.	.	.	.	655-655-delfrshift	.	no-SNV	ENSP00000258711
PD60232b	7	4817297	G	T	RADIL	-1	C	A	GCG	GAG	A557E	C1670A	GCG>GAG	Missense	ENSP00000382492
PD60232b	7	12581077	T	C	SCIN	1	T	C	CTG	CCG	S124S	T372C	TCT>TCC	Synonymous	ENSP00000297029
PD60232b	7	36724073	C	T	AOAH	-1	G	A	AGC	AAC	A26T	G76A	GCC>ACC	Missense	ENSP00000483783
PD60232b	7	47885958	G	A	PKD1L1	-1	C	T	ACT	ATT	T978I	C2933T	ACT>ATT	Missense	ENSP00000289672
PD60232b	7	48924684	C	T	CDC14C	1	C	T	CCA	CTA	S111S	C333T	TCC>TCT	Synonymous	ENSP00000497679
PD60232b	7	53036533	A	T	POM121L12	1	A	T	CAC	CTC	T288S	A862T	ACC>TCC	Missense	ENSP00000386133
PD60232b	7	55201188	G	T	EGFR	1	G	T	GGG	GTG	G983W	G2947T	GGG>TGG	Missense	ENSP00000275493
PD60232b	7	66241026	G	A	TPST1	1	G	A	AGC	AAC	A201T	G601A	GCT>ACT	Missense	ENSP00000302413
PD60232b	7	76003839	C	T	STYXL1	-1	G	A	TGA	TAA	D206N	G616A	GAC>AAC	Missense	ENSP00000248600
PD60232b	7	85065428	G	C	SEMA3D	-1	C	G	TCA	TGA	L238L	C714G	CTC>CTG	Synonymous	ENSP00000284136
PD60232b	7	111747443	C	A	DOCK4	-1	G	T	GGT	GTT	V1464L	G4390T	GTA>TTA	Missense	ENSP00000404179
PD60232b	7	124764599	C	G	GPR37	-1	G	C	GGG	GCG	R126R	G378C	CGG>CGC	Synonymous	ENSP00000306449
PD60232b	7	129952513	C	G	UBE2H	-1	G	C	CGT	CCT	V15L	G43C	GTG>CTG	Missense	ENSP00000347836
PD60232b	7	140062601	GC	AA	PARP12	-1	.	.	.	.	.	246-247-mnv	.	no-SNV	ENSP00000263549
PD60232b	7	143395332	G	A	EPHA1	-1	C	T	GCG	GTG	G690G	C2070T	GGC>GGT	Synonymous	ENSP00000275815
PD60232b	7	143960560	TC	CT	OR2F1	1	.	.	.	.	.	590-591-mnv	.	no-SNV	ENSP00000485483
PD60232b	7	151204614	G	T	IQCA1L	-1	C	A	ACG	AAG	D78E	C234A	GAC>GAA	Missense	ENSP00000482119
PD60232b	7	158664579	C	T	NCAPG2	-1	G	A	TGC	TAC	A551T	G1651A	GCC>ACC	Missense	ENSP00000386569
PD60232b	7	158735610	T	C	ESYT2	-1	A	G	CAG	CGG	.	.	.	Essential_Splice	ENSP00000499020
PD60232b	8	2001639	C	T	KBTBD11	1	C	T	GCC	GTC	R149R	C447T	CGC>CGT	Synonymous	ENSP00000321544
PD60232b	8	2059223	G	A	MYOM2	1	G	A	CGT	CAT	V211I	G631A	GTA>ATA	Missense	ENSP00000262113
PD60232b	8	3284301	G	T	CSMD1	-1	C	A	TCA	TAA	L1332L	C3996A	CTC>CTA	Synonymous	ENSP00000489225
PD60232b	8	20148054	T	C	SLC18A1	-1	A	G	AAT	AGT	N388S	A1163G	AAT>AGT	Missense	ENSP00000387549
PD60232b	8	25368647	C	T	DOCK5	1	C	T	TCC	TTC	L1120L	C3360T	CTC>CTT	Synonymous	ENSP00000276440
PD60232b	8	38418315	C	T	FGFR1	-1	G	A	CGG	CAG	R446Q	G1337A	CGG>CAG	Missense	ENSP00000380302
PD60232b	8	39055699	G	A	ADAM9	1	G	A	AGA	AAA	Q506Q	G1518A	CAG>CAA	Synonymous	ENSP00000419446
PD60232b	8	39788704	G	C	ADAM2	-1	C	G	TCA	TGA	Q203E	C607G	CAA>GAA	Missense	ENSP00000265708
PD60232b	8	41934425	G	A	KAT6A	-1	C	T	CCA	CTA	T1265T	C3795T	ACC>ACT	Synonymous	ENSP00000265713
PD60232b	8	42316809	A	ACGG	IKBKB	1	.	.	.	.	.	1029-1030-insfrshift	.	no-SNV	ENSP00000430684
PD60232b	8	43013393	A	T	HOOK3	1	A	T	TAC	TTC	Y670F	A2009T	TAC>TTC	Missense	ENSP00000305699
PD60232b	8	51408562	A	G	PXDNL	-1	T	C	GTC	GCC	V1021A	T3062C	GTC>GCC	Missense	ENSP00000348645
PD60232b	8	70156483	C	T	NCOA2	-1	G	A	CGG	CAG	G628R	G1882A	GGG>AGG	Missense	ENSP00000399968
PD60232b	8	94526818	CTG	C	VIRMA	-1	.	.	.	.	.	1424-1425-delfrshift	.	no-SNV	ENSP00000297591
PD60232b	8	99717346	C	G	VPS13B	1	C	G	CCA	CGA	S2210S	C6630G	TCC>TCG	Synonymous	ENSP00000349685
PD60232b	8	99987553	G	T	RGS22	-1	C	A	TCC	TAC	P1029T	C3085A	CCA>ACA	Missense	ENSP00000354109
PD60232b	8	100140689	A	T	FBXO43	-1	T	A	CTA	CAA	L522Q	T1565A	CTA>CAA	Missense	ENSP00000403293
PD60232b	8	102254335	G	A	UBR5	-1	C	T	TCG	TTG	L2789L	C8367T	CTC>CTT	Synonymous	ENSP00000429084
PD60232b	8	120247735	G	T	COL14A1	1	G	T	TGG	TTG	V868F	G2602T	GTT>TTT	Missense	ENSP00000297848
PD60232b	8	124567087	G	C	MTSS1	-1	C	G	CCC	CGC	P241R	C722G	CCC>CGC	Missense	ENSP00000322804
PD60232b	8	125436313	C	T	TRIB1	1	C	T	ACG	ATG	R321W	C961T	CGG>TGG	Missense	ENSP00000312150
PD60232b	8	130060631	A	C	ASAP1	-1	T	G	CTC	CGC	L1047R	T3140G	CTC>CGC	Missense	ENSP00000429900
PD60232b	8	143807593	T	C	SCRIB	-1	A	G	CAA	CGA	N713D	A2137G	AAT>GAT	Missense	ENSP00000349486
PD60232b	8	144114452	C	T	WDR97	1	C	T	CCT	CTT	L1257L	C3769T	CTG>TTG	Synonymous	ENSP00000320648
PD60232b	8	144138044	AG	A	HGH1	1	.	.	.	.	.	210-210-delfrshift	.	no-SNV	ENSP00000321320
PD60232b	9	5919791	A	C	KIAA2026	-1	T	G	CTC	CGC	S2039A	T6115G	TCT>GCT	Missense	ENSP00000370870
PD60232b	9	20789416	T	A	FOCAD	1	T	A	TTC	TAC	I421I	T1263A	ATT>ATA	Synonymous	ENSP00000369599
PD60232b	9	22447332	C	T	DMRTA1	1	C	T	GCG	GTG	C89C	C267T	TGC>TGT	Synonymous	ENSP00000319651
PD60232b	9	33464903	C	G	NOL6	-1	G	C	TGT	TCT	V919L	G2755C	GTC>CTC	Missense	ENSP00000297990
PD60232b	9	35382366	A	G	UNC13B	1	A	G	CAT	CGT	A806A	A2418G	GCA>GCG	Synonymous	ENSP00000367756
PD60232b	9	35732890	C	T	CREB3	1	C	T	GCC	GTC	P40S	C118T	CCG>TCG	Missense	ENSP00000342136
PD60232b	9	37529160	C	G	FBXO10	-1	G	C	GGC	GCC	G557A	G1670C	GGC>GCC	Missense	ENSP00000403802
PD60232b	9	72791886	A	G	TMC1	1	A	G	GAT	GGT	M409V	A1225G	ATG>GTG	Missense	ENSP00000341433
PD60232b	9	78266531	C	G	CEP78	1	C	G	CCA	CGA	S629S	C1887G	TCC>TCG	Synonymous	ENSP00000277082
PD60232b	9	84280050	G	T	SLC28A3	-1	C	A	GCG	GAG	R585S	C1753A	CGT>AGT	Missense	ENSP00000365413
PD60232b	9	87888517	C	A	SPATA31E1	1	C	A	TCG	TAG	R1344S	C4030A	CGC>AGC	Missense	ENSP00000322640
PD60232b	9	100292420	T	A	INVS	1	T	A	CTG	CAG	S721S	T2163A	TCT>TCA	Synonymous	ENSP00000262457
PD60232b	9	101421901	TAGCCTAGAAGACAAATATGAGAGAGG	T	ALDOB	-1	.	.	.	.	.	1000-1002-delinframe	.	no-SNV	ENSP00000497731
PD60232b	9	104504420	C	T	OR13F1	1	C	T	TCC	TTC	S53F	C158T	TCC>TTC	Missense	ENSP00000334452
PD60232b	9	113272483	G	C	CDC26	-1	C	G	CCT	CGT	L9V	C25G	CTA>GTA	Missense	ENSP00000363322
PD60232b	9	113369730	C	G	BSPRY	1	C	G	CCG	CGG	P266R	C797G	CCG>CGG	Missense	ENSP00000363298
PD60232b	9	114504190	G	C	WHRN	-1	C	G	CCG	CGG	A204A	C612G	GCC>GCG	Synonymous	ENSP00000354623
PD60232b	9	123158391	T	C	STRBP	-1	A	G	AAC	AGC	T292A	A874G	ACA>GCA	Missense	ENSP00000415968
PD60232b	9	127774097	T	A	SH2D3C	-1	A	T	CAA	CTA	A136A	A408T	GCA>GCT	Synonymous	ENSP00000317817
PD60232b	9	127944837	C	T	FAM102A	-1	G	A	GGA	GAA	D327N	G979A	GAT>AAT	Missense	ENSP00000362187
PD60232b	9	130911825	C	T	FIBCD1	-1	G	A	CGG	CAG	G305S	G913A	GGC>AGC	Missense	ENSP00000414501
PD60232b	9	131290253	C	T	PLPP7	1	C	T	GCT	GTT	L86L	C256T	CTG>TTG	Synonymous	ENSP00000361338
PD60232b	9	133056779	A	G	GTF3C5	1	A	G	CAT	CGT	I422V	A1264G	ATT>GTT	Missense	ENSP00000361169
PD60232b	9	133402994	TGGGCCCTCCTGCTGGACGGTGAG	T	STKLD1	1	.	.	.	.	.	1457-1474-delinframe	.	no-SNV	ENSP00000361025
PD60232b	9	133696273	G	A	SARDH	-1	C	T	GCA	GTA	A586V	C1757T	GCA>GTA	Missense	ENSP00000360938
PD60232b	9	133992257	C	T	VAV2	-1	G	A	CGG	CAG	G8S	G22A	GGC>AGC	Missense	ENSP00000385362
PD60232b	9	136513081	G	C	NOTCH1	-1	C	G	CCA	CGA	Q803E	C2407G	CAG>GAG	Missense	ENSP00000498587
PD60232b	9	136723199	G	A	DIPK1B	1	G	A	CGC	CAC	A241T	G721A	GCG>ACG	Missense	ENSP00000360757
PD60232b	9	138025051	A	T	CACNA1B	1	A	T	CAG	CTG	P1055P	A3165T	CCA>CCT	Synonymous	ENSP00000360423
PD60232b	X	3311210	C	A	MXRA5	-1	G	T	GGA	GTA	G2331G	G6993T	GGG>GGT	Synonymous	ENSP00000217939
PD60232b	X	14843816	T	G	FANCB	-1	A	C	TAG	TCG	I777I	A2331C	ATA>ATC	Synonymous	ENSP00000326819
PD60232b	X	23783666	T	A	SAT1	1	T	A	CTA	CAA	A25A	T75A	GCT>GCA	Synonymous	ENSP00000368572
PD60232b	X	24365032	C	A	SUPT20HL1	1	C	A	GCC	GAC	P758T	C2272A	CCC>ACC	Missense	ENSP00000502907
PD60232b	X	27747625	G	T	DCAF8L2	1	G	T	GGC	GTC	A244S	G730T	GCC>TCC	Missense	ENSP00000462745
PD60232b	X	38286537	TCCTCTACTTCCCCTC	T	RPGR	-1	.	.	.	.	.	2447-2461-delinframe	.	no-SNV	ENSP00000495537
PD60232b	X	40664471	G	A	MED14	-1	C	T	TCC	TTC	S1095F	C3284T	TCC>TTC	Missense	ENSP00000323720
PD60232b	X	48818114	G	C	HDAC6	1	G	C	AGG	ACG	.	.	.	Essential_Splice	ENSP00000334061
PD60232b	X	66033677	CGT	C	VSIG4	-1	.	.	.	.	.	207-208-delfrshift	.	no-SNV	ENSP00000363869
PD60232b	X	108058176	A	G	VSIG1	1	A	G	CAT	CGT	H63R	A188G	CAT>CGT	Missense	ENSP00000217957
PD60232b	X	115191551	GGAGGCGGCC	G	RBMXL3	1	.	.	.	.	.	2111-2119-delinframe	.	no-SNV	ENSP00000417451
PD60232b	X	123611497	T	G	THOC2	-1	A	C	GAA	GCA	E1566A	A4697C	GAA>GCA	Missense	ENSP00000245838
PD60232b	X	124641876	C	A	TENM1	-1	G	T	AGC	ATC	E664D	G1992T	GAG>GAT	Missense	ENSP00000403954
PD60232b	X	125321874	C	G	TEX13C	1	C	G	ACA	AGA	N585K	C1755G	AAC>AAG	Missense	ENSP00000488022
PD60232b	X	132628567	T	G	HS6ST2	-1	A	C	CAA	CCA	K492Q	A1474C	AAA>CAA	Missense	ENSP00000359873
PD60232b	X	152189868	C	A	GABRA3	-1	G	T	CGA	CTA	A335A	G1005T	GCG>GCT	Synonymous	ENSP00000443527
PD60232b	X	154440450	G	T	GDI1	1	G	T	AGA	ATA	K221N	G663T	AAG>AAT	Missense	ENSP00000394071
PD60232b	X	154792277	C	T	MPP1	-1	G	A	CGC	CAC	S37S	G111A	TCG>TCA	Synonymous	ENSP00000358547
PD60232b	Y	6870005	C	G	AMELY	-1	G	C	GGT	GCT	.	.	.	Essential_Splice	ENSP00000498344
PD60233b	1	1179721	A	G	TTLL10	1	A	G	CAG	CGG	P61P	A183G	CCA>CCG	Synonymous	ENSP00000368591
PD60233b	1	2587771	A	G	PRXL2B	1	A	G	TAC	TGC	Y100C	A299G	TAC>TGC	Missense	ENSP00000394405
PD60233b	1	9022946	C	T	SLC2A7	-1	G	A	CGT	CAT	V95M	G283A	GTG>ATG	Missense	ENSP00000383698
PD60233b	1	16233728	G	C	CPLANE2	-1	C	G	TCC	TGC	S50C	C149G	TCC>TGC	Missense	ENSP00000364749
PD60233b	1	16455848	A	G	NECAP2	1	A	G	AAT	AGT	N233S	A698G	AAT>AGT	Missense	ENSP00000338746
PD60233b	1	17265676	G	T	PADI3	1	G	T	CGA	CTA	D122Y	G364T	GAC>TAC	Missense	ENSP00000364609
PD60233b	1	17270252	G	A	PADI3	1	G	A	AGG	AAG	E224E	G672A	GAG>GAA	Synonymous	ENSP00000364609
PD60233b	1	21848892	C	A	HSPG2	-1	G	T	TGT	TTT	.	.	.	Essential_Splice	ENSP00000363827
PD60233b	1	27358512	C	G	MAP3K6	-1	G	C	AGC	ACC	A887P	G2659C	GCC>CCC	Missense	ENSP00000363152
PD60233b	1	27838714	GAGA	G	PPP1R8	1	.	.	.	.	.	134-136-delinframe	.	no-SNV	ENSP00000311677
PD60233b	1	28742427	G	A	YTHDF2	1	G	A	AGA	AAA	D53N	G157A	GAT>AAT	Missense	ENSP00000362918
PD60233b	1	32797817	T	C	YARS1	-1	A	G	TAG	TGG	V179V	A537G	GTA>GTG	Synonymous	ENSP00000362576
PD60233b	1	39335223	G	A	MACF1	1	G	A	GGG	GAG	G2879S	G8635A	GGC>AGC	Missense	ENSP00000455274
PD60233b	1	43185288	C	A	CFAP57	1	C	A	GCC	GAC	P301T	C901A	CCA>ACA	Missense	ENSP00000361570
PD60233b	1	44645070	C	A	RNF220	1	C	A	GCG	GAG	G433G	C1299A	GGC>GGA	Synonymous	ENSP00000347548
PD60233b	1	46360747	A	T	NSUN4	1	A	T	CAT	CTT	H266L	A797T	CAT>CTT	Missense	ENSP00000419740
PD60233b	1	58685192	TAA	T	MYSM1	-1	.	.	.	.	.	457-458-delfrshift	.	no-SNV	ENSP00000418734
PD60233b	1	62207195	T	C	L1TD1	1	T	C	ATG	ACG	N189N	T567C	AAT>AAC	Synonymous	ENSP00000419901
PD60233b	1	67396076	C	A	IL12RB2	1	C	A	TCC	TAC	S859Y	C2576A	TCC>TAC	Missense	ENSP00000262345
PD60233b	1	81943656	A	G	ADGRL2	1	A	G	TAT	TGT	Y362C	A1085G	TAT>TGT	Missense	ENSP00000359752
PD60233b	1	101825225	G	A	OLFM3	-1	C	T	ACG	ATG	D131D	C393T	GAC>GAT	Synonymous	ENSP00000359121
PD60233b	1	110674254	A	C	KCNA3	-1	T	G	CTT	CGT	F186V	T556G	TTC>GTC	Missense	ENSP00000358784
PD60233b	1	113119456	AT	A	LRIG2	1	.	.	.	.	.	2905-2905-delfrshift	.	no-SNV	ENSP00000355396
PD60233b	1	114587743	G	C	DENND2C	-1	C	G	CCG	CGG	R881G	C2641G	CGA>GGA	Missense	ENSP00000376958
PD60233b	1	114858612	G	T	SYCP1	1	G	T	GGA	GTA	W119C	G357T	TGG>TGT	Missense	ENSP00000480997
PD60233b	1	119915594	G	A	NOTCH2	-1	C	T	TCC	TTC	F2376F	C7128T	TTC>TTT	Synonymous	ENSP00000256646
PD60233b	1	156563137	G	A	IQGAP3	-1	C	T	ACC	ATC	N265N	C795T	AAC>AAT	Synonymous	ENSP00000354451
PD60233b	1	156646066	G	A	BCAN	1	G	A	TGT	TAT	L4L	G12A	CTG>CTA	Synonymous	ENSP00000331210
PD60233b	1	158842411	G	T	MNDA	1	G	T	AGT	ATT	K86N	G258T	AAG>AAT	Missense	ENSP00000357123
PD60233b	1	165682179	A	C	ALDH9A1	-1	T	G	ATG	AGG	C174G	T520G	TGT>GGT	Missense	ENSP00000346827
PD60233b	1	169732825	A	G	SELE	-1	T	C	CTG	CCG	W71R	T211C	TGG>CGG	Missense	ENSP00000331736
PD60233b	1	180916356	T	G	KIAA1614	1	T	G	ATC	AGC	S85A	T253G	TCC>GCC	Missense	ENSP00000356560
PD60233b	1	181732414	C	T	CACNA1E	1	C	T	CCG	CTG	S776S	C2328T	TCC>TCT	Synonymous	ENSP00000356545
PD60233b	1	186351420	C	G	TPR	-1	G	C	AGA	ACA	Q840H	G2520C	CAG>CAC	Missense	ENSP00000356448
PD60233b	1	196726916	T	C	CFH	1	T	C	ATG	ACG	W738R	T2212C	TGG>CGG	Missense	ENSP00000356399
PD60233b	1	211313726	A	G	RCOR3	1	A	G	CAC	CGC	S540S	A1620G	TCA>TCG	Synonymous	ENSP00000413929
PD60233b	1	213241945	T	G	RPS6KC1	1	T	G	GTC	GGC	S823R	T2469G	AGT>AGG	Missense	ENSP00000355927
PD60233b	1	213997126	T	A	PROX1	1	T	A	CTG	CAG	S197S	T591A	TCT>TCA	Synonymous	ENSP00000261454
PD60233b	1	223622865	T	A	CAPN8	-1	A	T	GAC	GTC	R283S	A849T	AGA>AGT	Missense	ENSP00000355837
PD60233b	1	224189789	A	T	DEGS1	1	A	T	CAA	CTA	N99Y	A295T	AAC>TAC	Missense	ENSP00000375749
PD60233b	1	226064444	C	G	H3-3A	1	C	G	CCT	CGT	P31P	C93G	CCC>CCG	Synonymous	ENSP00000499800
PD60233b	1	228279853	C	A	OBSCN	1	C	A	GCC	GAC	P2906T	C8716A	CCC>ACC	Missense	ENSP00000455507
PD60233b	10	27971173	C	A	ODAD2	-1	G	T	GGA	GTA	W359C	G1077T	TGG>TGT	Missense	ENSP00000500782
PD60233b	10	34348065	C	T	PARD3	-1	G	A	CGT	CAT	A706A	G2118A	GCG>GCA	Synonymous	ENSP00000363920
PD60233b	10	48830874	A	G	WDFY4	1	A	G	CAG	CGG	Q2172R	A6515G	CAG>CGG	Missense	ENSP00000320563
PD60233b	10	49391182	C	T	DRGX	-1	G	A	CGA	CAA	T38T	G114A	ACG>ACA	Synonymous	ENSP00000363254
PD60233b	10	70090103	G	A	MACROH2A2	1	G	A	AGA	AAA	K72K	G216A	AAG>AAA	Synonymous	ENSP00000503835
PD60233b	10	71284802	G	T	UNC5B	1	G	T	AGT	ATT	Q129H	G387T	CAG>CAT	Missense	ENSP00000334329
PD60233b	10	89599462	A	G	PANK1	-1	T	C	CTG	CCG	L142P	T425C	CTG>CCG	Missense	ENSP00000345118
PD60233b	10	95399061	C	A	SORBS1	-1	G	T	GGA	GTA	D208Y	G622T	GAC>TAC	Missense	ENSP00000360285
PD60233b	10	97749526	T	C	ZFYVE27	1	T	C	CTG	CCG	C202R	T604C	TGC>CGC	Missense	ENSP00000353069
PD60233b	10	99836290	G	T	ABCC2	1	G	T	AGG	ATG	R1205M	G3614T	AGG>ATG	Missense	ENSP00000497274
PD60233b	10	117209531	C	T	KCNK18	1	C	T	GCA	GTA	G129G	C387T	GGC>GGT	Synonymous	ENSP00000334650
PD60233b	10	119326610	A	C	GRK5	1	A	C	TAG	TCG	I49I	A147C	ATA>ATC	Synonymous	ENSP00000376609
PD60233b	10	119914760	T	C	SEC23IP	1	T	C	TTT	TCT	F448S	T1343C	TTT>TCT	Missense	ENSP00000358071
PD60233b	11	1245925	C	G	MUC5B	1	C	G	CCC	CGC	T3015T	C9045G	ACC>ACG	Synonymous	ENSP00000436812
PD60233b	11	1836177	G	T	SYT8	1	G	T	GGA	GTA	D137Y	G409T	GAC>TAC	Missense	ENSP00000343691
PD60233b	11	2418210	C	T	TRPM5	-1	G	A	AGC	AAC	S288N	G863A	AGC>AAC	Missense	ENSP00000155858
PD60233b	11	2918079	C	T	SLC22A18	1	C	T	CCT	CTT	A249A	C747T	GCC>GCT	Synonymous	ENSP00000307859
PD60233b	11	4908239	G	T	OR51A7	1	G	T	TGT	TTT	V290V	G870T	GTG>GTT	Synonymous	ENSP00000493162
PD60233b	11	5968433	G	A	OR56A5	-1	C	T	CCC	CTC	P21L	C62T	CCC>CTC	Missense	ENSP00000481594
PD60233b	11	6223620	T	A	FAM160A2	-1	A	T	TAC	TTC	Y256F	A767T	TAC>TTC	Missense	ENSP00000265978
PD60233b	11	8227098	A	C	LMO1	-1	T	G	CTC	CGC	L81R	T242G	CTC>CGC	Missense	ENSP00000338207
PD60233b	11	14517885	A	C	PSMA1	-1	T	G	ATT	AGT	L49V	T145G	TTG>GTG	Missense	ENSP00000379676
PD60233b	11	17610836	A	G	OTOG	1	A	G	TAG	TGG	S1846G	A5536G	AGC>GGC	Missense	ENSP00000382329
PD60233b	11	18712160	A	G	IGSF22	-1	T	C	GTT	GCT	F774L	T2320C	TTC>CTC	Missense	ENSP00000421191
PD60233b	11	30010776	C	T	KCNA4	-1	G	A	TGA	TAA	D635N	G1903A	GAC>AAC	Missense	ENSP00000328511
PD60233b	11	36573953	G	T	RAG1	1	G	T	TGC	TTC	A217S	G649T	GCC>TCC	Missense	ENSP00000299440
PD60233b	11	44081269	G	T	ACCS	1	G	T	CGG	CTG	G354C	G1060T	GGC>TGC	Missense	ENSP00000263776
PD60233b	11	46408686	C	T	AMBRA1	-1	G	A	AGG	AAG	R987K	G2960A	AGG>AAG	Missense	ENSP00000318313
PD60233b	11	49031777	G	T	TRIM49B	1	G	T	AGG	ATG	G60W	G178T	GGG>TGG	Missense	ENSP00000481457
PD60233b	11	55572759	T	C	OR4C16	1	T	C	ATG	ACG	M211T	T632C	ATG>ACG	Missense	ENSP00000485295
PD60233b	11	55726403	A	G	OR5D3P	1	A	G	CAG	CGG	S73G	A217G	AGC>GGC	Missense	ENSP00000493820
PD60233b	11	55773695	C	G	OR5D13	1	C	G	ACT	AGT	N86K	C258G	AAC>AAG	Missense	ENSP00000485428
PD60233b	11	55839074	C	G	OR5D16	1	C	G	ACC	AGC	T108S	C323G	ACC>AGC	Missense	ENSP00000367649
PD60233b	11	56137679	G	A	OR8J3	-1	C	T	TCT	TTT	L14F	C40T	CTC>TTC	Missense	ENSP00000493417
PD60233b	11	57491725	G	T	SLC43A1	-1	C	A	CCA	CAA	Q337K	C1009A	CAG>AAG	Missense	ENSP00000278426
PD60233b	11	58710009	A	T	GLYAT	-1	T	A	CTG	CAG	P216P	T648A	CCT>CCA	Synonymous	ENSP00000484592
PD60233b	11	60416885	G	C	MS4A14	1	G	C	TGT	TCT	L672L	G2016C	CTG>CTC	Synonymous	ENSP00000433761
PD60233b	11	62130253	C	T	INCENP	1	C	T	ACC	ATC	D242D	C726T	GAC>GAT	Synonymous	ENSP00000378295
PD60233b	11	64914099	C	A	ATG2A	-1	G	T	TGC	TTC	A157S	G469T	GCC>TCC	Missense	ENSP00000366475
PD60233b	11	64926738	C	T	PPP2R5B	1	C	T	GCT	GTT	L76L	C226T	CTG>TTG	Synonymous	ENSP00000164133
PD60233b	11	71565737	G	T	KRTAP5-10	1	G	T	AGC	ATC	K50N	G150T	AAG>AAT	Missense	ENSP00000381542
PD60233b	11	75169249	C	CA	SLCO2B1	1	.	.	.	.	.	524-525-insfrshift	.	no-SNV	ENSP00000289575
PD60233b	11	77093716	G	A	CAPN5	1	G	A	GGC	GAC	G67D	G200A	GGC>GAC	Missense	ENSP00000498132
PD60233b	11	78702022	C	G	TENM4	-1	G	C	TGC	TCC	A1531P	G4591C	GCC>CCC	Missense	ENSP00000278550
PD60233b	11	90211278	CAGAT	C	CHORDC1	-1	.	.	.	.	.	366-369-delfrshift	.	no-SNV	ENSP00000319255
PD60233b	11	103303201	A	G	DYNC2H1	1	A	G	CAG	CGG	Q3735R	A11204G	CAG>CGG	Missense	ENSP00000364887
PD60233b	11	110272536	C	T	RDX	-1	G	A	AGG	AAG	Q32Q	G96A	CAG>CAA	Synonymous	ENSP00000496503
PD60233b	11	111908948	G	A	CRYAB	-1	C	T	TCC	TTC	S115F	C344T	TCC>TTC	Missense	ENSP00000435931
PD60233b	11	113260212	C	G	NCAM1	1	C	G	CCT	CGT	L674V	C2020G	CTG>GTG	Missense	ENSP00000318472
PD60233b	11	119134328	T	G	HINFP	1	T	G	TTC	TGC	S462A	T1384G	TCT>GCT	Missense	ENSP00000318085
PD60233b	11	119314984	G	A	MCAM	-1	C	T	GCG	GTG	S83S	C249T	AGC>AGT	Synonymous	ENSP00000264036
PD60233b	11	126264456	T	C	SRPRA	-1	A	G	CAA	CGA	K537E	A1609G	AAA>GAA	Missense	ENSP00000328023
PD60233b	11	130471259	G	A	ADAMTS15	1	G	A	AGG	AAG	G652S	G1954A	GGC>AGC	Missense	ENSP00000299164
PD60233b	11	133920450	G	T	IGSF9B	-1	C	A	CCG	CAG	P1092Q	C3275A	CCG>CAG	Missense	ENSP00000436552
PD60233b	12	18488483	A	AAAAGCTGGTATCAGAAGCTACTAGCTGCTCTCCAATTCTGTGCAGGT	PIK3C2G	1	.	.	.	.	.	2538-2539-insfrshift	.	no-SNV	ENSP00000501889
PD60233b	12	49753071	A	G	TMBIM6	1	A	G	CAT	CGT	H52R	A155G	CAT>CGT	Missense	ENSP00000378454
PD60233b	12	52775390	C	G	KRT76	-1	G	C	AGA	ACA	K271N	G813C	AAG>AAC	Missense	ENSP00000330101
PD60233b	12	54002457	C	T	HOXC9	1	C	T	GCC	GTC	A189V	C566T	GCC>GTC	Missense	ENSP00000423861
PD60233b	12	54630911	A	C	LACRT	-1	T	G	CTA	CGA	L133R	T398G	CTA>CGA	Missense	ENSP00000257867
PD60233b	12	56100014	TA	T	ERBB3	1	.	.	.	.	.	3115-3115-delfrshift	.	no-SNV	ENSP00000267101
PD60233b	12	56101676	T	A	ERBB3	1	T	A	CTT	CAT	L1217H	T3650A	CTT>CAT	Missense	ENSP00000267101
PD60233b	12	78007302	T	A	NAV3	1	T	A	CTG	CAG	A588A	T1764A	GCT>GCA	Synonymous	ENSP00000446132
PD60233b	12	109139724	A	G	ACACB	1	A	G	CAG	CGG	S107G	A319G	AGT>GGT	Missense	ENSP00000341044
PD60233b	12	112308869	C	G	HECTD4	-1	G	C	CGA	CCA	E350Q	G1048C	GAG>CAG	Missense	ENSP00000366783
PD60233b	12	119718785	G	T	CIT	-1	C	A	GCC	GAC	A1306D	C3917A	GCC>GAC	Missense	ENSP00000376306
PD60233b	12	124950171	G	C	DHX37	-1	C	G	GCC	GGC	A1065G	C3194G	GCC>GGC	Missense	ENSP00000311135
PD60233b	12	129700303	G	A	TMEM132D	-1	C	T	CCG	CTG	R159C	C475T	CGC>TGC	Missense	ENSP00000408581
PD60233b	13	24459307	T	C	PARP4	-1	A	G	TAC	TGC	T768A	A2302G	ACA>GCA	Missense	ENSP00000371419
PD60233b	13	24799439	C	T	RNF17	1	C	T	TCG	TTG	R482*	C1444T	CGA>TGA	Nonsense	ENSP00000255324
PD60233b	13	35550957	A	C	NBEA	1	A	C	CAA	CCA	Q2244P	A6731C	CAA>CCA	Missense	ENSP00000383295
PD60233b	13	41865918	C	CAT	VWA8	-1	.	.	.	.	.	1331-1332-insfrshift	.	no-SNV	ENSP00000368612
PD60233b	13	44436089	AGAG	A	TSC22D1	-1	.	.	.	.	.	129-131-delinframe	.	no-SNV	ENSP00000261489
PD60233b	13	45713832	G	A	CBY2	1	G	A	CGC	CAC	A269A	G807A	GCG>GCA	Synonymous	ENSP00000309189
PD60233b	13	113495706	C	T	TMCO3	1	C	T	GCT	GTT	A42V	C125T	GCT>GTT	Missense	ENSP00000389399
PD60233b	13	113827105	G	C	GAS6	-1	C	G	CCA	CGA	T456T	C1368G	ACC>ACG	Synonymous	ENSP00000331831
PD60233b	14	22634628	A	G	OR6J1	-1	T	C	CTT	CCT	L62L	T184C	TTG>CTG	Synonymous	ENSP00000437629
PD60233b	14	24306429	T	C	CIDEB	-1	A	G	GAG	GGG	E94G	A281G	GAG>GGG	Missense	ENSP00000337731
PD60233b	14	37592453	T	A	FOXA1	-1	A	T	GAG	GTG	S111C	A331T	AGC>TGC	Missense	ENSP00000250448
PD60233b	14	47674682	G	A	MDGA2	-1	C	T	CCG	CTG	R39W	C115T	CGG>TGG	Missense	ENSP00000382178
PD60233b	14	51094453	C	A	TRIM9	-1	G	T	AGC	ATC	A163S	G487T	GCC>TCC	Missense	ENSP00000298355
PD60233b	14	73492152	C	A	RIOX1	1	C	A	TCA	TAA	Q379K	C1135A	CAG>AAG	Missense	ENSP00000477507
PD60233b	14	85623183	G	A	FLRT2	1	G	A	GGT	GAT	V557I	G1669A	GTC>ATC	Missense	ENSP00000507088
PD60233b	14	90278369	C	CA	NRDE2	-1	.	.	.	.	.	3462-3463-insfrshift	.	no-SNV	ENSP00000346335
PD60233b	14	90920289	C	A	RPS6KA5	-1	G	T	TGG	TTG	L241F	G723T	TTG>TTT	Missense	ENSP00000479667
PD60233b	14	93634607	G	GC	UNC79	1	.	.	.	.	.	5868-5869-insfrshift	.	no-SNV	ENSP00000451360
PD60233b	14	94378549	G	GA	SERPINA1	-1	.	.	.	.	.	1157-1158-insfrshift	.	no-SNV	ENSP00000416066
PD60233b	14	94378562	TG	T	SERPINA1	-1	.	.	.	.	.	1143-1143-delfrshift	.	no-SNV	ENSP00000416066
PD60233b	14	100883844	C	G	RTL1	-1	G	C	TGG	TCG	L315F	G945C	TTG>TTC	Missense	ENSP00000497482
PD60233b	14	104944779	T	G	AHNAK2	-1	A	C	CAA	CCA	K3558Q	A10672C	AAA>CAA	Missense	ENSP00000353114
PD60233b	14	105469908	G	A	MTA1	1	G	A	GGC	GAC	G621D	G1862A	GGC>GAC	Missense	ENSP00000384180
PD60233b	15	34342005	T	C	NOP10	-1	A	G	AAG	AGG	K53R	A158G	AAG>AGG	Missense	ENSP00000332198
PD60233b	15	36896671	T	G	MEIS2	-1	A	C	GAA	GCA	R331S	A993C	AGA>AGC	Missense	ENSP00000453793
PD60233b	15	41742799	A	T	MGA	1	A	T	CAC	CTC	T1613T	A4839T	ACA>ACT	Synonymous	ENSP00000219905
PD60233b	15	42208082	C	T	VPS39	-1	G	A	GGG	GAG	W24*	G72A	TGG>TGA	Nonsense	ENSP00000326534
PD60233b	15	42693714	G	A	STARD9	1	G	A	CGG	CAG	G4046S	G12136A	GGT>AGT	Missense	ENSP00000290607
PD60233b	15	50490294	A	G	USP8	1	A	G	TAT	TGT	Y668C	A2003G	TAT>TGT	Missense	ENSP00000302239
PD60233b	15	56101484	CACTCACACACAAGACGGCAAGCAGAAGAGATA	C	RFX7	-1	.	.	.	.	.	654-685-delfrshift	.	no-SNV	ENSP00000453281
PD60233b	15	61869500	C	G	VPS13C	-1	G	C	AGG	ACG	R3540T	G10619C	AGG>ACG	Missense	ENSP00000249837
PD60233b	15	73283017	C	T	NEO1	1	C	T	GCT	GTT	L1095L	C3283T	CTG>TTG	Synonymous	ENSP00000453200
PD60233b	15	83267023	T	A	BNC1	-1	A	T	GAG	GTG	E76V	A227T	GAG>GTG	Missense	ENSP00000456727
PD60233b	15	89316801	T	C	POLG	-1	A	G	AAT	AGT	I1224V	A3670G	ATT>GTT	Missense	ENSP00000268124
PD60233b	15	97961138	G	A	ARRDC4	1	G	A	CGT	CAT	V93M	G277A	GTG>ATG	Missense	ENSP00000268042
PD60233b	15	101652328	G	T	TM2D3	-1	C	A	CCG	CAG	R12S	C34A	CGC>AGC	Missense	ENSP00000327584
PD60233b	16	660681	G	A	WDR90	1	G	A	TGG	TAG	G1120R	G3358A	GGG>AGG	Missense	ENSP00000448122
PD60233b	16	1201719	G	A	CACNA1H	1	G	A	CGG	CAG	S423S	G1269A	TCG>TCA	Synonymous	ENSP00000455840
PD60233b	16	2107971	G	A	PKD1	-1	C	T	CCA	CTA	P2326L	C6977T	CCA>CTA	Missense	ENSP00000399501
PD60233b	16	2472605	G	A	NTN3	1	G	A	TGC	TAC	A302T	G904A	GCC>ACC	Missense	ENSP00000293973
PD60233b	16	2805114	C	A	PRSS41	1	C	A	CCC	CAC	A329A	C987A	GCC>GCA	Synonymous	ENSP00000501492
PD60233b	16	3243676	G	T	MEFV	-1	C	A	GCA	GAA	A604E	C1811A	GCA>GAA	Missense	ENSP00000219596
PD60233b	16	3356659	C	T	OR2C1	1	C	T	ACG	ATG	T240M	C719T	ACG>ATG	Missense	ENSP00000307726
PD60233b	16	4261888	G	A	TFAP4	-1	C	T	TCC	TTC	S139F	C416T	TCC>TTC	Missense	ENSP00000204517
PD60233b	16	4991954	G	A	SEC14L5	1	G	A	CGA	CAA	P197P	G591A	CCG>CCA	Synonymous	ENSP00000251170
PD60233b	16	5060348	C	T	C16orf89	-1	G	A	GGC	GAC	G149G	G447A	GGG>GGA	Synonymous	ENSP00000420566
PD60233b	16	11774489	G	A	ZC3H7A	-1	C	T	CCT	CTT	P217L	C650T	CCT>CTT	Missense	ENSP00000347999
PD60233b	16	14688201	AGCGCTCT	A	PLA2G10	-1	.	.	.	.	.	312-318-delfrshift	.	no-SNV	ENSP00000393847
PD60233b	16	21202125	A	G	ZP2	-1	T	C	ATG	ACG	N422N	T1266C	AAT>AAC	Synonymous	ENSP00000460971
PD60233b	16	21687476	G	T	OTOA	1	G	T	CGT	CTT	V155L	G463T	GTG>TTG	Missense	ENSP00000373610
PD60233b	16	21701029	C	A	OTOA	1	C	A	GCA	GAA	.	.	.	Essential_Splice	ENSP00000373610
PD60233b	16	27363354	TCA	T	IL4R	1	.	.	.	.	.	2003-2004-delfrshift	.	no-SNV	ENSP00000441667
PD60233b	16	27495282	G	A	GTF3C1	-1	C	T	TCT	TTT	S854F	C2561T	TCT>TTT	Missense	ENSP00000348510
PD60233b	16	27501228	T	C	GTF3C1	-1	A	G	TAT	TGT	Y675C	A2024G	TAT>TGT	Missense	ENSP00000348510
PD60233b	16	57997045	G	C	ZNF319	-1	C	G	GCT	GGT	G407G	C1221G	GGC>GGG	Synonymous	ENSP00000299237
PD60233b	16	66402814	G	A	CDH5	1	G	A	CGC	CAC	R667H	G2000A	CGC>CAC	Missense	ENSP00000497290
PD60233b	16	67668516	TAAGTCAACCCAGGTG	T	C16orf86	1	.	.	.	.	.	871-885-delinframe	.	no-SNV	ENSP00000384117
PD60233b	16	70680818	C	T	MTSS2	-1	G	A	GGC	GAC	A61T	G181A	GCT>ACT	Missense	ENSP00000341171
PD60233b	16	81893756	A	G	PLCG2	1	A	G	TAC	TGC	Y345C	A1034G	TAC>TGC	Missense	ENSP00000482457
PD60233b	16	88726565	C	T	PIEZO1	-1	G	A	CGT	CAT	V1260I	G3778A	GTC>ATC	Missense	ENSP00000301015
PD60233b	17	1643554	G	A	SCARF1	-1	C	T	GCG	GTG	R227W	C679T	CGG>TGG	Missense	ENSP00000263071
PD60233b	17	1679788	T	C	PRPF8	-1	A	G	CAT	CGT	P370P	A1110G	CCA>CCG	Synonymous	ENSP00000460348
PD60233b	17	3421196	T	A	OR3A3	1	T	A	GTA	GAA	V204E	T611A	GTA>GAA	Missense	ENSP00000493061
PD60233b	17	3433446	G	A	OR1E2	-1	C	T	ACA	ATA	Y132Y	C396T	TAC>TAT	Synonymous	ENSP00000248384
PD60233b	17	3448989	G	A	SPATA22	-1	C	T	TCC	TTC	P164S	C490T	CCT>TCT	Missense	ENSP00000459329
PD60233b	17	4742389	C	A	ZMYND15	1	C	A	GCG	GAG	R348R	C1042A	CGG>AGG	Synonymous	ENSP00000391742
PD60233b	17	19414807	T	C	RNF112	1	T	C	CTG	CCG	L349P	T1046C	CTG>CCG	Missense	ENSP00000454919
PD60233b	17	20260194	TG	T	SPECC1	1	.	.	.	.	.	2841-2841-delfrshift	.	no-SNV	ENSP00000261503
PD60233b	17	28043294	G	C	NLK	1	G	C	GGA	GCA	D141H	G421C	GAT>CAT	Missense	ENSP00000384625
PD60233b	17	28616480	T	G	KIAA0100	-1	A	C	GAT	GCT	I2063L	A6187C	ATT>CTT	Missense	ENSP00000436773
PD60233b	17	30185653	T	C	NSRP1	1	T	C	ATA	ACA	Y552Y	T1656C	TAT>TAC	Synonymous	ENSP00000247026
PD60233b	17	35922666	G	C	RDM1	-1	C	G	TCA	TGA	S193*	C578G	TCA>TGA	Nonsense	ENSP00000483549
PD60233b	17	37596276	T	A	SYNRG	-1	A	T	CAT	CTT	I63F	A187T	ATT>TTT	Missense	ENSP00000483453
PD60233b	17	40193698	G	T	RAPGEFL1	1	G	T	AGA	ATA	Q633H	G1899T	CAG>CAT	Missense	ENSP00000479735
PD60233b	17	47307558	G	C	ITGB3	1	G	C	TGG	TCG	W741S	G2222C	TGG>TCG	Missense	ENSP00000452786
PD60233b	17	47668319	C	A	KPNB1	1	C	A	CCA	CAA	P378Q	C1133A	CCA>CAA	Missense	ENSP00000290158
PD60233b	17	49622790	A	G	SPOP	-1	T	C	CTC	CCC	P7P	T21C	CCT>CCC	Synonymous	ENSP00000377001
PD60233b	17	50989831	T	C	SPAG9	-1	A	G	AAC	AGC	T887A	A2659G	ACA>GCA	Missense	ENSP00000262013
PD60233b	17	64537622	G	A	CEP95	1	G	A	AGG	AAG	R770K	G2309A	AGG>AAG	Missense	ENSP00000450461
PD60233b	17	73200618	A	T	COG1	1	A	T	GAG	GTG	S375C	A1123T	AGC>TGC	Missense	ENSP00000299886
PD60233b	17	78972168	TG	T	LGALS3BP	-1	.	.	.	.	.	1165-1165-delfrshift	.	no-SNV	ENSP00000262776
PD60233b	17	81552286	G	A	FAAP100	-1	C	T	GCT	GTT	C15C	C45T	TGC>TGT	Synonymous	ENSP00000333283
PD60233b	17	82025118	C	T	LRRC45	1	C	T	TCA	TTA	H158Y	C472T	CAC>TAC	Missense	ENSP00000306760
PD60233b	17	82374744	G	A	UTS2R	1	G	A	CGC	CAC	T140T	G420A	ACG>ACA	Synonymous	ENSP00000323516
PD60233b	18	8825996	C	T	MTCL1	1	C	T	CCC	CTC	P1815S	C5443T	CCC>TCC	Missense	ENSP00000305027
PD60233b	18	10705411	C	T	PIEZO2	-1	G	A	CGC	CAC	R1862H	G5585A	CGC>CAC	Missense	ENSP00000421377
PD60233b	18	28013790	CAGAAGAGAG	C	CDH2	-1	.	.	.	.	.	283-291-delinframe	.	no-SNV	ENSP00000269141
PD60233b	18	47034905	C	T	ELOA2	-1	G	A	GGA	GAA	R120R	G360A	AGG>AGA	Synonymous	ENSP00000331302
PD60233b	18	53486866	C	T	DCC	1	C	T	ACC	ATC	T1269I	C3806T	ACC>ATC	Missense	ENSP00000389140
PD60233b	18	62978372	G	A	PHLPP1	1	G	A	AGG	AAG	Q1365Q	G4095A	CAG>CAA	Synonymous	ENSP00000262719
PD60233b	19	1250458	G	T	MIDN	1	G	T	AGG	ATG	E54D	G162T	GAG>GAT	Missense	ENSP00000300952
PD60233b	19	2276315	C	A	PEAK3	-1	G	T	GGC	GTC	A263S	G787T	GCG>TCG	Missense	ENSP00000345102
PD60233b	19	6897501	T	C	ADGRE1	1	T	C	GTT	GCT	S156S	T468C	AGT>AGC	Synonymous	ENSP00000311545
PD60233b	19	7267697	C	A	INSR	-1	G	T	AGG	ATG	K100N	G300T	AAG>AAT	Missense	ENSP00000342838
PD60233b	19	7520873	T	G	ZNF358	1	T	G	GTC	GGC	V544G	T1631G	GTC>GGC	Missense	ENSP00000472305
PD60233b	19	8977244	A	T	MUC16	-1	T	A	TTA	TAA	Y1299N	T3895A	TAC>AAC	Missense	ENSP00000381008
PD60233b	19	10461884	C	A	PDE4A	1	C	A	GCC	GAC	A517D	C1550A	GCC>GAC	Missense	ENSP00000293683
PD60233b	19	11617805	T	A	ZNF627	1	T	A	TTC	TAC	F434L	T1302A	TTT>TTA	Missense	ENSP00000354414
PD60233b	19	12900478	G	T	SYCE2	-1	C	A	ACC	AAC	D159E	C477A	GAC>GAA	Missense	ENSP00000293695
PD60233b	19	16529863	G	A	CHERP	-1	C	T	CCG	CTG	P305L	C914T	CCG>CTG	Missense	ENSP00000439856
PD60233b	19	18307534	C	T	LSM4	-1	G	A	CGA	CAA	R117Q	G350A	CGA>CAA	Missense	ENSP00000469468
PD60233b	19	18775666	A	G	CRTC1	1	A	G	AAC	AGC	N513S	A1538G	AAC>AGC	Missense	ENSP00000323332
PD60233b	19	32354158	G	A	ZNF507	1	G	A	CGT	CAT	R443H	G1328A	CGT>CAT	Missense	ENSP00000348162
PD60233b	19	32463400	G	A	DPY19L3	1	G	A	GGA	GAA	E453K	G1357A	GAA>AAA	Missense	ENSP00000376081
PD60233b	19	32864144	A	G	SLC7A9	-1	T	C	CTG	CCG	C144R	T430C	TGC>CGC	Missense	ENSP00000464822
PD60233b	19	35643496	G	A	ETV2	1	G	A	AGC	AAC	S153N	G458A	AGC>AAC	Missense	ENSP00000384524
PD60233b	19	38486001	C	T	RYR1	1	C	T	TCG	TTG	F1782F	C5346T	TTC>TTT	Synonymous	ENSP00000347667
PD60233b	19	38831141	T	C	ECH1	-1	A	G	GAT	GGT	I96V	A286G	ATT>GTT	Missense	ENSP00000221418
PD60233b	19	39980109	A	G	PSMC4	1	A	G	AAT	AGT	N294S	A881G	AAT>AGT	Missense	ENSP00000157812
PD60233b	19	43259016	C	T	PSG9	-1	G	A	CGG	CAG	G277S	G829A	GGT>AGT	Missense	ENSP00000270077
PD60233b	19	49427485	T	C	GFY	1	T	C	ATT	ACT	I352T	T1055C	ATT>ACT	Missense	ENSP00000478493
PD60233b	19	50548802	G	A	LRRC4B	-1	C	T	GCC	GTC	P13S	C37T	CCG>TCG	Missense	ENSP00000471502
PD60233b	19	51994361	TC	T	ZNF615	-1	.	.	.	.	.	714-714-delfrshift	.	no-SNV	ENSP00000473089
PD60233b	19	57398713	GA	G	ZNF548	1	.	.	.	.	.	463-463-delfrshift	.	no-SNV	ENSP00000337555
PD60233b	2	8778707	T	C	KIDINS220	-1	A	G	CAG	CGG	R879G	A2635G	AGA>GGA	Missense	ENSP00000418974
PD60233b	2	17781855	T	G	GEN1	1	T	G	ATA	AGA	H881Q	T2643G	CAT>CAG	Missense	ENSP00000318977
PD60233b	2	26778495	T	G	SLC35F6	1	T	G	ATC	AGC	I367S	T1100G	ATC>AGC	Missense	ENSP00000345528
PD60233b	2	27202828	C	T	SLC5A6	-1	G	A	TGG	TAG	M420I	G1260A	ATG>ATA	Missense	ENSP00000310208
PD60233b	2	38377200	G	T	ATL2	-1	C	A	GCG	GAG	R21R	C61A	CGA>AGA	Synonymous	ENSP00000368237
PD60233b	2	39006530	C	T	SOS1	-1	G	A	AGC	AAC	.	.	.	Essential_Splice	ENSP00000378479
PD60233b	2	43899506	T	A	LRPPRC	-1	A	T	GAA	GTA	R1223S	A3669T	AGA>AGT	Missense	ENSP00000260665
PD60233b	2	73422870	C	T	ALMS1	1	C	T	GCT	GTT	S220S	C660T	AGC>AGT	Synonymous	ENSP00000482968
PD60233b	2	74457375	G	A	INO80B	1	G	A	TGC	TAC	M194I	G582A	ATG>ATA	Missense	ENSP00000233331
PD60233b	2	86038857	C	T	POLR1A	-1	G	A	GGT	GAT	V1293M	G3877A	GTG>ATG	Missense	ENSP00000263857
PD60233b	2	95595065	C	A	TRIM43	1	C	A	GCA	GAA	Q143K	C427A	CAA>AAA	Missense	ENSP00000272395
PD60233b	2	105881558	T	C	NCK2	1	T	C	CTA	CCA	Y153H	T457C	TAC>CAC	Missense	ENSP00000377018
PD60233b	2	106843709	T	A	ST6GAL2	-1	A	T	CAT	CTT	H90L	A269T	CAT>CTT	Missense	ENSP00000386942
PD60233b	2	110165077	C	A	NPHP1	-1	G	T	AGC	ATC	A235S	G703T	GCA>TCA	Missense	ENSP00000313169
PD60233b	2	111784397	T	C	ANAPC1	-1	A	G	CAC	CGC	T1641A	A4921G	ACT>GCT	Missense	ENSP00000339109
PD60233b	2	112322805	T	C	ZC3H6	1	T	C	TTT	TCT	F415L	T1243C	TTT>CTT	Missense	ENSP00000340298
PD60233b	2	135817544	G	C	LCT	-1	C	G	TCA	TGA	Q502E	C1504G	CAG>GAG	Missense	ENSP00000264162
PD60233b	2	138671103	A	G	NXPH2	-1	T	C	TTT	TCT	F205S	T614C	TTT>TCT	Missense	ENSP00000272641
PD60233b	2	183002027	G	A	NCKAP1	-1	C	T	ACG	ATG	R177C	C529T	CGC>TGC	Missense	ENSP00000355348
PD60233b	2	197396161	T	C	SF3B1	-1	A	G	AAT	AGT	N1145S	A3434G	AAT>AGT	Missense	ENSP00000335321
PD60233b	2	218738883	G	A	TTLL4	1	G	A	TGC	TAC	A403T	G1207A	GCC>ACC	Missense	ENSP00000258398
PD60233b	2	219173030	A	T	CNPPD1	-1	T	A	CTA	CAA	P263P	T789A	CCT>CCA	Synonymous	ENSP00000353698
PD60233b	2	240029741	G	A	OR6B2	-1	C	T	TCG	TTG	S230L	C689T	TCG>TTG	Missense	ENSP00000322435
PD60233b	2	241209287	C	T	ANO7	1	C	T	CCG	CTG	A414A	C1242T	GCC>GCT	Synonymous	ENSP00000274979
PD60233b	20	3045695	C	T	GNRH2	1	C	T	CCG	CTG	R108*	C322T	CGA>TGA	Nonsense	ENSP00000245983
PD60233b	20	13913820	C	T	SEL1L2	-1	G	A	TGA	TAA	E171K	G511A	GAG>AAG	Missense	ENSP00000284951
PD60233b	20	31666067	T	C	BCL2L1	-1	A	G	TAT	TGT	Y195C	A584G	TAT>TGT	Missense	ENSP00000503725
PD60233b	20	32434642	G	A	ASXL1	1	G	A	GGG	GAG	G644R	G1930A	GGG>AGG	Missense	ENSP00000481978
PD60233b	20	59896508	T	A	SYCP2	-1	A	T	GAA	GTA	R475S	A1425T	AGA>AGT	Missense	ENSP00000360040
PD60233b	20	62000576	A	C	TAF4	-1	T	G	TTT	TGT	L878V	T2632G	TTG>GTG	Missense	ENSP00000252996
PD60233b	20	62216104	G	A	HRH3	-1	C	T	TCT	TTT	L414L	C1240T	CTG>TTG	Synonymous	ENSP00000342560
PD60233b	20	64208224	T	A	MYT1	1	T	A	ATT	AAT	I343N	T1028A	ATT>AAT	Missense	ENSP00000442412
PD60233b	21	14965964	C	A	NRIP1	-1	G	T	AGA	ATA	E743D	G2229T	GAG>GAT	Missense	ENSP00000383060
PD60233b	21	42385466	A	G	TMPRSS3	-1	T	C	ATC	ACC	I172T	T515C	ATC>ACC	Missense	ENSP00000411013
PD60233b	21	44627627	G	A	KRTAP10-9	1	G	A	CGC	CAC	A152A	G456A	GCG>GCA	Synonymous	ENSP00000381009
PD60233b	21	46411222	C	A	PCNT	1	C	A	GCT	GAT	L1717M	C5149A	CTG>ATG	Missense	ENSP00000352572
PD60233b	22	17008044	G	A	GAB4	-1	C	T	TCG	TTG	S24L	C71T	TCG>TTG	Missense	ENSP00000383431
PD60233b	22	23095993	C	T	GNAZ	1	C	T	CCG	CTG	R100C	C298T	CGC>TGC	Missense	ENSP00000478892
PD60233b	22	37917749	C	T	MICALL1	1	C	T	CCG	CTG	P127L	C380T	CCG>CTG	Missense	ENSP00000215957
PD60233b	22	40365022	A	T	ADSL	1	A	T	GAT	GTT	D445V	A1334T	GAT>GTT	Missense	ENSP00000485525
PD60233b	22	44885493	C	T	PHF21B	-1	G	A	GGC	GAC	G395D	G1184A	GGC>GAC	Missense	ENSP00000487086
PD60233b	22	50576620	T	C	CPT1B	-1	A	G	TAT	TGT	L159L	A477G	CTA>CTG	Synonymous	ENSP00000312189
PD60233b	3	10104554	C	T	FANCD2OS	-1	G	A	TGC	TAC	C74Y	G221A	TGC>TAC	Missense	ENSP00000429663
PD60233b	3	27722202	C	T	EOMES	-1	G	A	GGA	GAA	G31G	G93A	GGG>GGA	Synonymous	ENSP00000388620
PD60233b	3	32762822	C	A	CNOT10	1	C	A	ACT	AAT	T600N	C1799A	ACT>AAT	Missense	ENSP00000330060
PD60233b	3	44841118	C	G	KIF15	1	C	G	TCC	TGC	L1155L	C3465G	CTC>CTG	Synonymous	ENSP00000324020
PD60233b	3	47005848	G	A	NBEAL2	1	G	A	GGT	GAT	.	.	.	Essential_Splice	ENSP00000415034
PD60233b	3	47408785	GT	G	PTPN23	1	.	.	.	.	.	1341-1341-delfrshift	.	no-SNV	ENSP00000265562
PD60233b	3	47577839	C	T	CSPG5	-1	G	A	AGC	AAC	A63T	G187A	GCC>ACC	Missense	ENSP00000373244
PD60233b	3	48415302	T	C	PLXNB1	-1	A	G	TAC	TGC	V1280V	A3840G	GTA>GTG	Synonymous	ENSP00000351338
PD60233b	3	49025155	G	T	IMPDH2	-1	C	A	GCG	GAG	A374E	C1121A	GCG>GAG	Missense	ENSP00000321584
PD60233b	3	49098934	TG	T	QARS1	-1	.	.	.	.	.	1813-1813-delfrshift	.	no-SNV	ENSP00000307567
PD60233b	3	49804385	A	T	INKA1	1	A	T	CAG	CTG	R86W	A256T	AGG>TGG	Missense	ENSP00000329735
PD60233b	3	49896830	G	A	MST1R	-1	C	T	CCC	CTC	P748P	C2244T	CCC>CCT	Synonymous	ENSP00000296474
PD60233b	3	50257688	T	C	GNAI2	1	T	C	CTG	CCG	*356R	T1066C	TGA>CGA	Stop_loss	ENSP00000312999
PD60233b	3	52435873	T	A	SEMA3G	-1	A	T	CAG	CTG	P693P	A2079T	CCA>CCT	Synonymous	ENSP00000231721
PD60233b	3	69181545	T	C	FRMD4B	-1	A	G	AAT	AGT	Q735Q	A2205G	CAA>CAG	Synonymous	ENSP00000381549
PD60233b	3	114128903	A	G	DRD3	-1	T	C	ATT	ACT	I339T	T1016C	ATT>ACT	Missense	ENSP00000373169
PD60233b	3	184357412	G	A	CLCN2	-1	C	T	ACC	ATC	T283I	C848T	ACC>ATC	Missense	ENSP00000265593
PD60233b	3	184373469	AAGCTGCCCC	A	THPO	-1	.	.	.	.	.	333-341-delinframe	.	no-SNV	ENSP00000494504
PD60233b	3	185600835	C	T	SENP2	1	C	T	GCA	GTA	R143R	C429T	CGC>CGT	Synonymous	ENSP00000296257
PD60233b	4	626085	C	T	PDE6B	1	C	T	ACG	ATG	D153D	C459T	GAC>GAT	Synonymous	ENSP00000420295
PD60233b	4	41747348	C	G	PHOX2B	-1	G	C	GGT	GCT	.	.	.	Essential_Splice	ENSP00000226382
PD60233b	4	46928586	G	A	GABRA4	-1	C	T	CCA	CTA	P435L	C1304T	CCA>CTA	Missense	ENSP00000264318
PD60233b	4	55453737	A	C	CLOCK	-1	T	G	ATC	AGC	I357S	T1070G	ATC>AGC	Missense	ENSP00000426983
PD60233b	4	56401421	A	G	PPAT	-1	T	C	CTC	CCC	T265T	T795C	ACT>ACC	Synonymous	ENSP00000264220
PD60233b	4	78511398	C	T	FRAS1	1	C	T	GCT	GTT	A3302V	C9905T	GCT>GTT	Missense	ENSP00000422834
PD60233b	4	87125064	A	C	AFF1	1	A	C	CAA	CCA	K832Q	A2494C	AAG>CAG	Missense	ENSP00000378578
PD60233b	4	99127297	G	T	ADH4	-1	C	A	TCA	TAA	F297L	C891A	TTC>TTA	Missense	ENSP00000265512
PD60233b	4	101855046	T	A	BANK1	1	T	A	CTA	CAA	Y161N	T481A	TAC>AAC	Missense	ENSP00000320509
PD60233b	4	117084360	C	A	TRAM1L1	-1	G	T	AGA	ATA	R345I	G1034T	AGA>ATA	Missense	ENSP00000309402
PD60233b	4	163351268	G	T	NPY5R	1	G	T	GGG	GTG	G332V	G995T	GGG>GTG	Missense	ENSP00000423917
PD60233b	5	1881879	G	T	IRX4	-1	C	A	TCC	TAC	P76T	C226A	CCC>ACC	Missense	ENSP00000424235
PD60233b	5	7802341	G	A	ADCY2	1	G	A	CGA	CAA	E918K	G2752A	GAG>AAG	Missense	ENSP00000342952
PD60233b	5	13840945	A	G	DNAH5	-1	T	C	TTA	TCA	I1890I	T5670C	ATT>ATC	Synonymous	ENSP00000265104
PD60233b	5	37167183	TTTCAAGTGGGA	T	CPLANE1	-1	.	.	.	.	.	7253-7263-delfrshift	.	no-SNV	ENSP00000421690
PD60233b	5	69116512	A	G	SLC30A5	1	A	G	AAT	AGT	Q397Q	A1191G	CAA>CAG	Synonymous	ENSP00000379836
PD60233b	5	71592947	G	A	MCCC2	1	G	A	AGC	AAC	A51T	G151A	GCA>ACA	Missense	ENSP00000343657
PD60233b	5	83520719	T	C	VCAN	1	T	C	ATG	ACG	W805R	T2413C	TGG>CGG	Missense	ENSP00000265077
PD60233b	5	91375006	C	A	ARRDC3	-1	G	T	CGT	CTT	T262T	G786T	ACG>ACT	Synonymous	ENSP00000265138
PD60233b	5	127438518	T	C	MEGF10	1	T	C	ATG	ACG	D728D	T2184C	GAT>GAC	Synonymous	ENSP00000274473
PD60233b	5	134855222	A	G	C5orf24	1	A	G	CAG	CGG	R108G	A322G	AGA>GGA	Missense	ENSP00000337044
PD60233b	5	140334717	T	G	HBEGF	-1	A	C	AAA	ACA	N196H	A586C	AAT>CAT	Missense	ENSP00000230990
PD60233b	5	140801367	C	A	PCDHA3	1	C	A	GCG	GAG	A57E	C170A	GCG>GAG	Missense	ENSP00000429808
PD60233b	5	140883114	A	G	PCDHA13	1	A	G	GAA	GGA	R282R	A846G	AGA>AGG	Synonymous	ENSP00000289272
PD60233b	5	149836518	C	T	PPARGC1B	1	C	T	TCC	TTC	S688F	C2063T	TCC>TTC	Missense	ENSP00000312649
PD60233b	5	168685710	G	C	SLIT3	-1	C	G	ACC	AGC	P1178A	C3532G	CCC>GCC	Missense	ENSP00000430333
PD60233b	5	176531532	G	T	RNF44	-1	C	A	CCC	CAC	A132A	C396A	GCC>GCA	Synonymous	ENSP00000274811
PD60233b	5	177089640	G	T	FGFR4	1	G	T	AGT	ATT	S13I	G38T	AGT>ATT	Missense	ENSP00000424960
PD60233b	5	181237038	A	G	RACK1	-1	T	C	CTG	CCG	L298P	T893C	CTG>CCG	Missense	ENSP00000426909
PD60233b	6	12163455	T	A	HIVEP1	1	T	A	CTT	CAT	L2384H	T7151A	CTT>CAT	Missense	ENSP00000368698
PD60233b	6	16327120	C	A	ATXN1	-1	G	T	TGC	TTC	V397V	G1191T	GTG>GTT	Synonymous	ENSP00000416360
PD60233b	6	21595743	C	CG	SOX4	1	.	.	.	.	.	1208-1209-insfrshift	.	no-SNV	ENSP00000244745
PD60233b	6	29588405	C	G	OR2H2	1	C	G	TCA	TGA	S154*	C461G	TCA>TGA	Nonsense	ENSP00000373136
PD60233b	6	30931530	G	A	SFTA2	-1	C	T	TCC	TTC	L65L	C195T	CTC>CTT	Synonymous	ENSP00000351989
PD60233b	6	36721710	G	C	RAB44	1	G	C	AGA	ACA	D526H	G1576C	GAC>CAC	Missense	ENSP00000481054
PD60233b	6	43213548	C	T	CUL9	1	C	T	GCC	GTC	G1823G	C5469T	GGC>GGT	Synonymous	ENSP00000252050
PD60233b	6	43432917	C	T	ABCC10	1	C	T	CCT	CTT	L313L	C937T	CTG>TTG	Synonymous	ENSP00000361608
PD60233b	6	43435806	C	A	ABCC10	1	C	A	CCT	CAT	P555H	C1664A	CCT>CAT	Missense	ENSP00000361608
PD60233b	6	44114119	A	T	MRPL14	-1	T	A	CTC	CAC	A54A	T162A	GCT>GCA	Synonymous	ENSP00000361084
PD60233b	6	44169443	T	C	CAPN11	1	T	C	TTA	TCA	L84S	T251C	TTA>TCA	Missense	ENSP00000381758
PD60233b	6	46688677	G	A	TDRD6	1	G	A	AGG	AAG	E183E	G549A	GAG>GAA	Synonymous	ENSP00000346065
PD60233b	6	46862981	C	T	ADGRF5	-1	G	A	GGA	GAA	G702G	G2106A	GGG>GGA	Synonymous	ENSP00000283296
PD60233b	6	47659012	G	C	ADGRF2	1	G	C	AGT	ACT	V43L	G127C	GTG>CTG	Missense	ENSP00000296862
PD60233b	6	64591109	G	T	EYS	-1	C	A	TCT	TAT	F1586L	C4758A	TTC>TTA	Missense	ENSP00000424243
PD60233b	6	69372439	G	A	ADGRB3	1	G	A	TGA	TAA	E1425K	G4273A	GAG>AAG	Missense	ENSP00000359630
PD60233b	6	75713783	C	A	SENP6	1	C	A	ACT	AAT	D1029E	C3087A	GAC>GAA	Missense	ENSP00000402527
PD60233b	6	85615049	C	T	SYNCRIP	-1	G	A	AGG	AAG	G527R	G1579A	GGA>AGA	Missense	ENSP00000503783
PD60233b	6	123393635	AT	A	TRDN	-1	.	.	.	.	.	1093-1093-delfrshift	.	no-SNV	ENSP00000333984
PD60233b	6	137001577	T	C	IL20RA	-1	A	G	TAT	TGT	Y548C	A1643G	TAT>TGT	Missense	ENSP00000314976
PD60233b	6	152387356	A	G	SYNE1	-1	T	C	ATG	ACG	W2735R	T8203C	TGG>CGG	Missense	ENSP00000356224
PD60233b	6	159907178	A	G	MAS1	1	A	G	TAT	TGT	I75V	A223G	ATC>GTC	Missense	ENSP00000501180
PD60233b	6	167969196	A	C	AFDN	1	A	C	AAA	ACA	K1773N	A5319C	AAA>AAC	Missense	ENSP00000404595
PD60233b	6	170330494	C	T	FAM120B	1	C	T	CCT	CTT	P654L	C1961T	CCT>CTT	Missense	ENSP00000417970
PD60233b	7	257064	A	G	FAM20C	1	A	G	CAT	CGT	I475V	A1423G	ATC>GTC	Missense	ENSP00000322323
PD60233b	7	4114072	G	T	SDK1	1	G	T	AGT	ATT	E1207D	G3621T	GAG>GAT	Missense	ENSP00000385899
PD60233b	7	6149947	G	T	USP42	1	G	T	CGC	CTC	R584L	G1751T	CGC>CTC	Missense	ENSP00000301962
PD60233b	7	41965407	G	A	GLI3	-1	C	T	CCT	CTT	P1222P	C3666T	CCC>CCT	Synonymous	ENSP00000379258
PD60233b	7	74512896	G	A	GTF2IRD1	1	G	A	TGT	TAT	V64M	G190A	GTG>ATG	Missense	ENSP00000408477
PD60233b	7	80745163	C	G	SEMA3C	-1	G	C	AGA	ACA	D663H	G1987C	GAT>CAT	Missense	ENSP00000265361
PD60233b	7	82951298	G	A	PCLO	-1	C	T	ACA	ATA	T3097I	C9290T	ACA>ATA	Missense	ENSP00000334319
PD60233b	7	88114617	C	A	ADAM22	1	C	A	TCA	TAA	L169L	C507A	CTC>CTA	Synonymous	ENSP00000265727
PD60233b	7	98617551	GG	TT	NPTX2	1	.	.	.	.	.	90-91-mnv	.	no-SNV	ENSP00000265634
PD60233b	7	100678294	G	C	GNB2	1	G	C	AGT	ACT	V232L	G694C	GTG>CTG	Missense	ENSP00000377503
PD60233b	7	101031822	A	T	MUC17	1	A	T	CAC	CTC	T136S	A406T	ACT>TCT	Missense	ENSP00000302716
PD60233b	7	112342726	A	G	ZNF277	1	A	G	TAT	TGT	L450L	A1350G	CTA>CTG	Synonymous	ENSP00000354501
PD60233b	7	122010827	C	A	PTPRZ1	1	C	A	TCT	TAT	S594Y	C1781A	TCT>TAT	Missense	ENSP00000410000
PD60233b	7	123662370	G	T	LMOD2	1	G	T	AGA	ATA	E262*	G784T	GAG>TAG	Nonsense	ENSP00000411932
PD60233b	7	143724541	A	T	TCAF2	1	A	T	CAG	CTG	S783S	A2349T	TCA>TCT	Synonymous	ENSP00000506869
PD60233b	7	155545921	C	A	CNPY1	-1	G	T	AGA	ATA	E22D	G66T	GAG>GAT	Missense	ENSP00000490477
PD60233b	7	156967041	T	C	NOM1	1	T	C	ATC	ACC	H749H	T2247C	CAT>CAC	Synonymous	ENSP00000275820
PD60233b	8	3181167	G	C	CSMD1	-1	C	G	CCT	CGT	L1890V	C5668G	CTG>GTG	Missense	ENSP00000489225
PD60233b	8	11548099	G	C	BLK	1	G	C	AGG	ACG	K81N	G243C	AAG>AAC	Missense	ENSP00000259089
PD60233b	8	22623969	G	A	BIN3	-1	C	T	ACG	ATG	Y187Y	C561T	TAC>TAT	Synonymous	ENSP00000276416
PD60233b	8	30848854	C	T	TEX15	-1	G	A	AGG	AAG	R438K	G1313A	AGG>AAG	Missense	ENSP00000493555
PD60233b	8	33389327	G	A	FUT10	-1	C	T	GCA	GTA	A283V	C848T	GCA>GTA	Missense	ENSP00000332757
PD60233b	8	38347840	TAGTC	T	NSD3	-1	.	.	.	.	.	328-331-delfrshift	.	no-SNV	ENSP00000313983
PD60233b	8	58635237	ATAAAAGTCATTAAATATATACAGCTTTTTGGTTGAAGTAAAATTAAACAGTGGTGAAAATGACATACTTTGTGAAGTGTCTATTGGCTCCATTTTCTCCATGCTTTCCTATTTTTATACAGTCTCTCAAAGGAATCTGGATAAAATTGAGAGAAATATTATAAAAATCAAGAAAGGTAAGACATACACAAAAAATAGGAATGTTTCTGTTCATATTTAAAATGTATTTACCTTGATGATGGGCTGGGATATTGAATCTGGTTCAAAAATCACCGATTTTGAACATATTTTTAAGGAGCCTCTGATTTTCCTAGGGATCCAAGTACAACAGATTGTTTGATGAGCATAACAAAAATCACAAGATAATCATAGTACATTTTAACTAGAAAGCAGGTTACTAAAGCATCACATAATAAAAGATCAATAATGCATATAA	AAATAAAAAT	NSMAF	-1	.	.	.	.	.	150-296-delinframe	.	no-SNV	ENSP00000038176
PD60233b	8	102269096	T	G	UBR5	-1	A	C	TAA	TCA	K2415Q	A7243C	AAA>CAA	Missense	ENSP00000429084
PD60233b	8	104497461	C	T	LRP12	-1	G	A	GGA	GAA	G364E	G1091A	GGA>GAA	Missense	ENSP00000276654
PD60233b	8	125043830	T	C	WASHC5	-1	A	G	AAT	AGT	M949V	A2845G	ATG>GTG	Missense	ENSP00000318016
PD60233b	8	126557113	A	T	LRATD2	-1	T	A	CTA	CAA	Y93N	T277A	TAC>AAC	Missense	ENSP00000498944
PD60233b	8	133459904	C	T	ST3GAL1	-1	G	A	AGG	AAG	G295R	G883A	GGG>AGG	Missense	ENSP00000428540
PD60233b	8	144414381	C	A	SLC39A4	-1	G	T	TGG	TTG	G344C	G1030T	GGC>TGC	Missense	ENSP00000301305
PD60233b	8	144506557	C	A	GPT	1	C	A	TCT	TAT	V396V	C1188A	GTC>GTA	Synonymous	ENSP00000378408
PD60233b	8	144882510	T	C	ZNF250	-1	A	G	CAG	CGG	S225G	A673G	AGT>GGT	Missense	ENSP00000393442
PD60233b	9	428491	G	T	DOCK8	1	G	T	CGC	CTC	A1490S	G4468T	GCC>TCC	Missense	ENSP00000394888
PD60233b	9	5988395	C	T	KIAA2026	-1	G	A	TGG	TAG	M248I	G744A	ATG>ATA	Missense	ENSP00000370870
PD60233b	9	27524486	T	A	IFNK	1	T	A	GTA	GAA	S50R	T150A	AGT>AGA	Missense	ENSP00000276943
PD60233b	9	33294616	T	A	NFX1	1	T	A	ATC	AAC	H74Q	T222A	CAT>CAA	Missense	ENSP00000368856
PD60233b	9	35714586	C	A	TLN1	-1	G	T	AGA	ATA	Q991H	G2973T	CAG>CAT	Missense	ENSP00000316029
PD60233b	9	35714589	G	A	TLN1	-1	C	T	GCC	GTC	S990S	C2970T	AGC>AGT	Synonymous	ENSP00000316029
PD60233b	9	39100053	C	A	CNTNAP3	-1	G	T	CGC	CTC	T951T	G2853T	ACG>ACT	Synonymous	ENSP00000297668
PD60233b	9	68876682	G	C	PIP5K1B	1	G	C	GGG	GCG	G69A	G206C	GGG>GCG	Missense	ENSP00000265382
PD60233b	9	74738542	C	T	TRPM6	-1	G	A	AGG	AAG	G1881R	G5641A	GGG>AGG	Missense	ENSP00000354006
PD60233b	9	85962107	C	T	NAA35	1	C	T	GCT	GTT	A148V	C443T	GCT>GTT	Missense	ENSP00000354972
PD60233b	9	87970622	C	A	CDK20	-1	G	T	CGA	CTA	R170L	G509T	CGA>CTA	Missense	ENSP00000322343
PD60233b	9	89381331	A	T	SEMA4D	-1	T	A	CTA	CAA	Y488N	T1462A	TAT>AAT	Missense	ENSP00000348822
PD60233b	9	97464863	T	G	TDRD7	1	T	G	CTG	CGG	S488S	T1464G	TCT>TCG	Synonymous	ENSP00000347444
PD60233b	9	100346937	C	A	TEX10	-1	G	T	AGA	ATA	R217I	G650T	AGA>ATA	Missense	ENSP00000364037
PD60233b	9	104785513	T	C	ABCA1	-1	A	G	TAC	TGC	L2178L	A6534G	CTA>CTG	Synonymous	ENSP00000504612
PD60233b	9	121312474	G	A	GSN	1	G	A	CGA	CAA	E217K	G649A	GAG>AAG	Missense	ENSP00000362929
PD60233b	9	122629523	CA	C	OR1B1	-1	.	.	.	.	.	12-12-delfrshift	.	no-SNV	ENSP00000485577
PD60233b	9	123073602	T	A	RABGAP1	1	T	A	ATG	AAG	Y678*	T2034A	TAT>TAA	Nonsense	ENSP00000362751
PD60233b	9	123073604	G	T	RABGAP1	1	G	T	GGG	GTG	G679V	G2036T	GGG>GTG	Missense	ENSP00000362751
PD60233b	9	127789228	C	T	CDK9	1	C	T	TCA	TTA	V268V	C804T	GTC>GTT	Synonymous	ENSP00000362361
PD60233b	9	132912367	A	T	TSC1	-1	T	A	CTG	CAG	S276S	T828A	TCT>TCA	Synonymous	ENSP00000496263
PD60233b	9	136859291	A	G	MAMDC4	1	A	G	CAT	CGT	H1135R	A3404G	CAT>CGT	Missense	ENSP00000411339
PD60233b	X	27821422	C	T	MAGEB10	1	C	T	CCC	CTC	P39L	C116T	CCC>CTC	Missense	ENSP00000368304
PD60233b	X	49064475	C	T	CCDC120	1	C	T	CCG	CTG	R144W	C430T	CGG>TGG	Missense	ENSP00000474761
PD60233b	X	71241007	C	T	ZMYM3	-1	G	A	CGC	CAC	R1341H	G4022A	CGC>CAC	Missense	ENSP00000322845
PD60233b	X	74591835	CA	C	RLIM	-1	.	.	.	.	.	1479-1479-delfrshift	.	no-SNV	ENSP00000253571
PD60233b	X	101375203	G	A	BTK	-1	C	T	GCG	GTG	R28C	C82T	CGC>TGC	Missense	ENSP00000308176
PD60233b	X	102654728	G	T	GPRASP1	1	G	T	TGG	TTG	W272L	G815T	TGG>TTG	Missense	ENSP00000409420
PD60233b	X	107981436	C	A	TEX13B	-1	G	T	TGC	TTC	A195S	G583T	GCT>TCT	Missense	ENSP00000303777
PD60233b	X	115179549	G	A	LRCH2	-1	C	T	TCC	TTC	P248S	C742T	CCC>TCC	Missense	ENSP00000325091
PD60233b	X	120159283	G	A	RHOXF2	1	G	A	AGC	AAC	Q116Q	G348A	CAG>CAA	Synonymous	ENSP00000360441
PD60233b	X	137570011	C	G	ZIC3	1	C	G	TCA	TGA	Q449E	C1345G	CAA>GAA	Missense	ENSP00000287538
PD60233b	X	155120091	T	A	BRCC3	1	T	A	TTT	TAT	L298M	T892A	TTG>ATG	Missense	ENSP00000358474
PD60802b	1	1398303	C	T	CCNL2	-1	G	A	AGA	AAA	E135K	G403A	GAA>AAA	Missense	ENSP00000383611
PD60802b	1	10649164	G	A	CASZ1	-1	C	T	CCA	CTA	Q1022*	C3064T	CAG>TAG	Nonsense	ENSP00000366221
PD60802b	1	13781283	A	G	PRDM2	1	A	G	AAA	AGA	K1163R	A3488G	AAA>AGA	Missense	ENSP00000235372
PD60802b	1	22586616	G	A	EPHA8	1	G	A	CGC	CAC	P320P	G960A	CCG>CCA	Synonymous	ENSP00000166244
PD60802b	1	43688915	G	C	KDM4A	1	G	C	AGA	ACA	E619D	G1857C	GAG>GAC	Missense	ENSP00000361473
PD60802b	1	52359283	G	A	CC2D1B	-1	C	T	GCC	GTC	P365S	C1093T	CCA>TCA	Missense	ENSP00000284376
PD60802b	1	92323851	G	A	RPAP2	1	G	A	AGC	AAC	A311T	G931A	GCG>ACG	Missense	ENSP00000476948
PD60802b	1	100539506	ACCGCGGCCCGGCG	A	GPR88	1	.	.	.	.	.	541-553-delfrshift	.	no-SNV	ENSP00000314223
PD60802b	1	112550648	T	C	ST7L	-1	A	G	TAC	TGC	Y481C	A1442G	TAC>TGC	Missense	ENSP00000345312
PD60802b	1	151705047	G	T	CELF3	-1	C	A	CCT	CAT	P464P	C1392A	CCC>CCA	Synonymous	ENSP00000290583
PD60802b	1	155016253	C	T	ZBTB7B	1	C	T	ACA	ATA	H396H	C1188T	CAC>CAT	Synonymous	ENSP00000438647
PD60802b	1	158669490	A	G	SPTA1	-1	T	C	CTG	CCG	L584P	T1751C	CTG>CCG	Missense	ENSP00000495214
PD60802b	1	159205891	C	T	ACKR1	1	C	T	GCC	GTC	A151V	C452T	GCC>GTC	Missense	ENSP00000441985
PD60802b	1	206932517	C	T	PIGR	-1	G	A	TGG	TAG	L649L	G1947A	CTG>CTA	Synonymous	ENSP00000348888
PD60802b	1	207694403	A	G	CR1L	1	A	G	CAT	CGT	I172V	A514G	ATC>GTC	Missense	ENSP00000421736
PD60802b	1	211663510	G	T	NEK2	-1	C	A	ACG	AAG	H418Q	C1254A	CAC>CAA	Missense	ENSP00000355966
PD60802b	1	226637748	G	T	ITPKB	-1	C	A	TCG	TAG	I852I	C2556A	ATC>ATA	Synonymous	ENSP00000272117
PD60802b	1	228487719	GGCGGCC	G	RNF187	1	.	.	.	.	.	232-237-delinframe	.	no-SNV	ENSP00000306396
PD60802b	1	247425439	T	C	NLRP3	1	T	C	TTC	TCC	S664P	T1990C	TCT>CCT	Missense	ENSP00000375704
PD60802b	10	20001906	G	A	PLXDC2	1	G	A	CGT	CAT	V82I	G244A	GTC>ATC	Missense	ENSP00000366460
PD60802b	10	44933769	CA	AT	TMEM72	1	.	.	.	.	.	342-343-mnv	.	no-SNV	ENSP00000374234
PD60802b	10	47523471	T	TG	AGAP9	-1	.	.	.	.	.	56-57-insfrshift	.	no-SNV	ENSP00000392206
PD60802b	10	72008346	GTGGTGCAGGCCGCC	G	CHST3	1	.	.	.	.	.	1316-1329-delfrshift	.	no-SNV	ENSP00000362207
PD60802b	10	85613496	G	A	GRID1	-1	C	T	CCT	CTT	L838L	C2512T	CTG>TTG	Synonymous	ENSP00000330148
PD60802b	10	91989578	A	AAGGTATATACCTAAACTTTTATTTCTCTACCCCAAATAAAAGTTT	BTAF1	1	.	.	.	.	.	2851-2852-insfrshift	.	no-SNV	ENSP00000265990
PD60802b	10	96384743	C	A	TLL2	-1	G	T	GGT	GTT	V680L	G2038T	GTG>TTG	Missense	ENSP00000350630
PD60802b	10	97047046	T	C	SLIT1	-1	A	G	GAT	GGT	I552V	A1654G	ATT>GTT	Missense	ENSP00000266058
PD60802b	10	103479020	G	A	CALHM3	-1	C	T	CCG	CTG	R5C	C13T	CGC>TGC	Missense	ENSP00000358798
PD60802b	11	5900798	C	A	OR52E5	1	C	A	ACA	AAA	Q8K	C22A	CAG>AAG	Missense	ENSP00000480583
PD60802b	11	48325135	T	G	OR4C3	1	T	G	GTG	GGG	C38W	T114G	TGT>TGG	Missense	ENSP00000321419
PD60802b	11	49154261	G	T	FOLH1	-1	C	A	TCC	TAC	P619T	C1855A	CCA>ACA	Missense	ENSP00000256999
PD60802b	11	56346924	T	C	OR8K1	1	T	C	CTA	CCA	Y296H	T886C	TAC>CAC	Missense	ENSP00000279783
PD60802b	11	57310144	G	C	TNKS1BP1	-1	C	G	TCC	TGC	S856C	C2567G	TCC>TGC	Missense	ENSP00000437271
PD60802b	11	58190969	C	T	OR9Q2	1	C	T	ACG	ATG	T160M	C479T	ACG>ATG	Missense	ENSP00000492924
PD60802b	11	58228507	G	T	OR10Q1	-1	C	A	CCT	CAT	A123A	C369A	GCC>GCA	Synonymous	ENSP00000314324
PD60802b	11	62533814	A	T	AHNAK	-1	T	A	CTG	CAG	S201S	T603A	TCT>TCA	Synonymous	ENSP00000367263
PD60802b	11	64713594	C	A	NRXN2	-1	G	T	CGG	CTG	G36W	G106T	GGG>TGG	Missense	ENSP00000386416
PD60802b	11	94464170	C	T	MRE11	-1	G	A	AGC	AAC	A390T	G1168A	GCT>ACT	Missense	ENSP00000325863
PD60802b	11	95985592	A	T	MAML2	-1	T	A	CTC	CAC	P798P	T2394A	CCT>CCA	Synonymous	ENSP00000434552
PD60802b	12	3593159	T	A	PRMT8	1	T	A	ATC	AAC	S388T	T1162A	TCT>ACT	Missense	ENSP00000372067
PD60802b	12	6052606	G	A	VWF	-1	C	T	CCC	CTC	P708L	C2123T	CCC>CTC	Missense	ENSP00000261405
PD60802b	12	6856091	G	C	USP5	1	G	C	AGA	ACA	D127H	G379C	GAT>CAT	Missense	ENSP00000373883
PD60802b	12	6971016	A	C	EMG1	1	A	C	GAC	GCC	R31R	A93C	CGA>CGC	Synonymous	ENSP00000470560
PD60802b	12	7373379	G	A	CD163L1	-1	C	T	TCT	TTT	S1224F	C3671T	TCT>TTT	Missense	ENSP00000315945
PD60802b	12	9091243	T	C	A2M	-1	A	G	CAC	CGC	T809T	A2427G	ACA>ACG	Synonymous	ENSP00000323929
PD60802b	12	27763321	T	A	MANSC4	-1	A	T	GAC	GTC	D147V	A440T	GAC>GTC	Missense	ENSP00000370673
PD60802b	12	29433752	TA	T	OVCH1	-1	.	.	.	.	.	3325-3325-delfrshift	.	no-SNV	ENSP00000326708
PD60802b	12	52648240	A	G	KRT2	-1	T	C	GTC	GCC	V352A	T1055C	GTC>GCC	Missense	ENSP00000310861
PD60802b	12	57199991	G	A	LRP1	1	G	A	GGG	GAG	G3327E	G9980A	GGG>GAG	Missense	ENSP00000243077
PD60802b	12	106457209	A	G	POLR3B	1	A	G	TAA	TGA	K789E	A2365G	AAA>GAA	Missense	ENSP00000228347
PD60802b	12	117761013	G	T	KSR2	-1	C	A	CCA	CAA	P328P	C984A	CCC>CCA	Synonymous	ENSP00000339952
PD60802b	13	19650075	A	C	MPHOSPH8	1	A	C	AAT	ACT	N464T	A1391C	AAT>ACT	Missense	ENSP00000355388
PD60802b	13	23339993	T	C	SACS	-1	A	G	AAT	AGT	I1295V	A3883G	ATC>GTC	Missense	ENSP00000371729
PD60802b	13	24854098	C	A	RNF17	1	C	A	GCT	GAT	S1188R	C3564A	AGC>AGA	Missense	ENSP00000255324
PD60802b	13	41375561	A	C	NAA16	1	A	C	GAA	GCA	N852H	A2554C	AAC>CAC	Missense	ENSP00000368716
PD60802b	13	94711708	G	T	SOX21	-1	C	A	GCG	GAG	G114G	C342A	GGC>GGA	Synonymous	ENSP00000366144
PD60802b	13	109782065	A	C	IRS2	-1	T	G	TTG	TGG	L1330W	T3989G	TTG>TGG	Missense	ENSP00000365016
PD60802b	13	113520712	CG	C	TMCO3	1	.	.	.	.	.	1323-1323-delfrshift	.	no-SNV	ENSP00000389399
PD60802b	14	52029633	G	T	NID2	-1	C	A	ACA	AAA	T772K	C2315A	ACA>AAA	Missense	ENSP00000216286
PD60802b	14	64574569	G	A	PPP1R36	1	G	A	AGC	AAC	K216K	G648A	AAG>AAA	Synonymous	ENSP00000298705
PD60802b	14	78651267	A	T	NRXN3	1	A	T	AAG	ATG	S388C	A1162T	AGT>TGT	Missense	ENSP00000338349
PD60802b	14	93939558	C	A	ASB2	-1	G	T	TGA	TTA	L389L	G1167T	CTG>CTT	Synonymous	ENSP00000451575
PD60802b	14	94378589	C	CA	SERPINA1	-1	.	.	.	.	.	1117-1118-insfrshift	.	no-SNV	ENSP00000416066
PD60802b	14	94378607	T	A	SERPINA1	-1	A	T	GAA	GTA	K367*	A1099T	AAA>TAA	Nonsense	ENSP00000416066
PD60802b	14	94382664	T	TC	SERPINA1	-1	.	.	.	.	.	574-575-insfrshift	.	no-SNV	ENSP00000416066
PD60802b	15	23645646	G	T	MAGEL2	-1	C	A	CCC	CAC	P699P	C2097A	CCC>CCA	Synonymous	ENSP00000497810
PD60802b	15	64821482	C	CCA	PIF1	-1	.	.	.	.	.	856-857-insfrshift	.	no-SNV	ENSP00000268043
PD60802b	15	70054573	C	A	TLE3	-1	G	T	CGC	CTC	R577L	G1730T	CGC>CTC	Missense	ENSP00000453081
PD60802b	15	82557951	G	C	CPEB1	-1	C	G	CCT	CGT	L139V	C415G	CTA>GTA	Missense	ENSP00000477715
PD60802b	15	84621948	C	G	ZSCAN2	1	C	G	GCC	GGC	P585A	C1753G	CCC>GCC	Missense	ENSP00000410198
PD60802b	15	88135310	G	T	NTRK3	-1	C	A	ACG	AAG	T332K	C995A	ACG>AAG	Missense	ENSP00000377990
PD60802b	15	90456289	A	G	IQGAP1	1	A	G	GAT	GGT	I584V	A1750G	ATT>GTT	Missense	ENSP00000268182
PD60802b	16	153951	G	GGTCC	HBZ	1	.	.	.	.	.	154-155-insfrshift	.	no-SNV	ENSP00000252951
PD60802b	16	563769	C	T	PRR35	1	C	T	GCC	GTC	P159S	C475T	CCT>TCT	Missense	ENSP00000386499
PD60802b	16	667552	G	A	WDR90	1	G	A	CGC	CAC	R1739H	G5216A	CGC>CAC	Missense	ENSP00000448122
PD60802b	16	2189533	C	A	CASKIN1	-1	G	T	AGG	ATG	Q92H	G276T	CAG>CAT	Missense	ENSP00000345436
PD60802b	16	3983400	G	A	ADCY9	-1	C	T	ACC	ATC	T784I	C2351T	ACC>ATC	Missense	ENSP00000294016
PD60802b	16	28951339	C	T	NFATC2IP	1	C	T	GCG	GTG	R110W	C328T	CGG>TGG	Missense	ENSP00000324792
PD60802b	16	31329262	G	T	ITGAM	1	G	T	GGC	GTC	A943S	G2827T	GCC>TCC	Missense	ENSP00000441691
PD60802b	16	57028133	A	G	NLRC5	1	A	G	AAT	AGT	M713V	A2137G	ATG>GTG	Missense	ENSP00000262510
PD60802b	16	57252170	AAGAAGGCCGAGGACT	A	ARL2BP	1	.	.	.	.	.	396-410-delinframe	.	no-SNV	ENSP00000219204
PD60802b	16	69351741	G	C	TMED6	-1	C	G	GCT	GGT	L5V	C13G	CTC>GTC	Missense	ENSP00000288025
PD60802b	16	71714523	T	C	PHLPP2	-1	A	G	GAG	GGG	G91G	A273G	GGA>GGG	Synonymous	ENSP00000457991
PD60802b	16	84319550	G	A	WFDC1	1	G	A	CGT	CAT	V181I	G541A	GTC>ATC	Missense	ENSP00000219454
PD60802b	16	88033239	G	A	BANP	1	G	A	TGC	TAC	V398V	G1194A	GTG>GTA	Synonymous	ENSP00000444352
PD60802b	17	1680801	T	A	PRPF8	-1	A	T	AAA	ATA	K341N	A1023T	AAA>AAT	Missense	ENSP00000460348
PD60802b	17	7417199	C	A	NLGN2	1	C	A	GCG	GAG	G636G	C1908A	GGC>GGA	Synonymous	ENSP00000461168
PD60802b	17	7466173	G	A	ZBTB4	-1	C	T	GCT	GTT	A210V	C629T	GCT>GTT	Missense	ENSP00000369973
PD60802b	17	10537370	C	G	MYH2	-1	G	C	GGT	GCT	G587A	G1760C	GGT>GCT	Missense	ENSP00000245503
PD60802b	17	10539474	C	T	MYH2	-1	G	A	AGT	AAT	E412E	G1236A	GAG>GAA	Synonymous	ENSP00000245503
PD60802b	17	11555773	C	A	SHISA6	1	C	A	GCC	GAC	A278D	C833A	GCC>GAC	Missense	ENSP00000387157
PD60802b	17	28185205	G	T	NLK	1	G	T	TGT	TTT	L392L	G1176T	CTG>CTT	Synonymous	ENSP00000384625
PD60802b	17	28367416	AGCGT	A	VTN	-1	.	.	.	.	.	1386-1389-delfrshift	.	no-SNV	ENSP00000226218
PD60802b	17	28524837	G	C	FOXN1	1	G	C	GGG	GCG	G153A	G458C	GGG>GCG	Missense	ENSP00000226247
PD60802b	17	29053098	G	T	PIPOX	1	G	T	AGT	ATT	V148F	G442T	GTT>TTT	Missense	ENSP00000317721
PD60802b	17	38559699	G	C	SRCIN1	-1	C	G	CCC	CGC	T637T	C1911G	ACC>ACG	Synonymous	ENSP00000484715
PD60802b	17	41265741	C	A	KRTAP9-6	1	C	A	CCA	CAA	H122N	C364A	CAC>AAC	Missense	ENSP00000375150
PD60802b	17	47143979	T	G	CDC27	-1	A	C	CAA	CCA	T358T	A1074C	ACA>ACC	Synonymous	ENSP00000066544
PD60802b	17	47341998	G	A	EFCAB13	1	G	A	AGT	AAT	S90N	G269A	AGT>AAT	Missense	ENSP00000332111
PD60802b	18	24312018	G	T	OSBPL1A	-1	C	A	ACG	AAG	T353K	C1058A	ACG>AAG	Missense	ENSP00000320291
PD60802b	18	72538330	G	T	CBLN2	-1	C	A	GCA	GAA	A174E	C521A	GCA>GAA	Missense	ENSP00000269503
PD60802b	18	79863740	G	A	KCNG2	1	G	A	CGG	CAG	G25S	G73A	GGC>AGC	Missense	ENSP00000315654
PD60802b	19	757803	G	A	MISP	1	G	A	GGG	GAG	G286E	G857A	GGG>GAG	Missense	ENSP00000215582
PD60802b	19	10287620	C	T	ICAM4	1	C	T	CCG	CTG	P160L	C479T	CCG>CTG	Missense	ENSP00000370147
PD60802b	19	14450966	G	T	PKN1	1	G	T	GGG	GTG	G276V	G827T	GGG>GTG	Missense	ENSP00000242783
PD60802b	19	16577360	CCGAGGTCA	C	MED26	-1	.	.	.	.	.	462-469-delfrshift	.	no-SNV	ENSP00000263390
PD60802b	19	16952131	G	A	CPAMD8	-1	C	T	CCG	CTG	A782A	C2346T	GCC>GCT	Synonymous	ENSP00000402505
PD60802b	19	17630681	A	G	UNC13A	-1	T	C	GTG	GCG	G1166G	T3498C	GGT>GGC	Synonymous	ENSP00000429562
PD60802b	19	32598294	A	T	ANKRD27	-1	T	A	CTG	CAG	W1002R	T3004A	TGG>AGG	Missense	ENSP00000304292
PD60802b	19	36008577	G	C	SYNE4	-1	C	G	CCG	CGG	P35P	C105G	CCC>CCG	Synonymous	ENSP00000316130
PD60802b	19	38475336	G	A	RYR1	1	G	A	AGA	AAA	K1393K	G4179A	AAG>AAA	Synonymous	ENSP00000347667
PD60802b	19	43581575	A	C	PINLYP	1	A	C	AAT	ACT	N142T	A425C	AAT>ACT	Missense	ENSP00000479240
PD60802b	19	47699290	TCCCCCACCCCAGAGGGTGAGCCCCTCAGCGGAGATGGTAATGATCGACC	T	BICRA	1	.	.	.	.	.	3493-3529-delfrshift	.	no-SNV	ENSP00000379946
PD60802b	19	54830136	C	T	KIR3DL1	1	C	T	GCA	GTA	A399V	C1196T	GCA>GTA	Missense	ENSP00000375608
PD60802b	2	1903240	A	G	MYT1L	-1	T	C	ATG	ACG	N624N	T1872C	AAT>AAC	Synonymous	ENSP00000496210
PD60802b	2	10913517	C	A	KCNF1	1	C	A	GCC	GAC	A364D	C1091A	GCC>GAC	Missense	ENSP00000295082
PD60802b	2	44280778	T	C	SLC3A1	1	T	C	ATT	ACT	F165L	T493C	TTT>CTT	Missense	ENSP00000260649
PD60802b	2	47130232	T	C	STPG4	-1	A	G	AAC	AGC	N143S	A428G	AAC>AGC	Missense	ENSP00000408527
PD60802b	2	86137476	C	G	PTCD3	1	C	G	CCT	CGT	L663V	C1987G	CTA>GTA	Missense	ENSP00000254630
PD60802b	2	96287006	C	T	SNRNP200	-1	G	A	AGG	AAG	K1213K	G3639A	AAG>AAA	Synonymous	ENSP00000317123
PD60802b	2	98563556	C	G	INPP4A	1	C	G	TCC	TGC	F615L	C1845G	TTC>TTG	Missense	ENSP00000387294
PD60802b	2	113075333	G	T	IL1F10	1	G	T	CGT	CTT	R143L	G428T	CGT>CTT	Missense	ENSP00000341794
PD60802b	2	178724436	T	C	TTN	-1	A	G	GAA	GGA	E6980G	A20939G	GAA>GGA	Missense	ENSP00000467141
PD60802b	2	230312587	A	C	SP140	1	A	C	TAC	TCC	Y836S	A2507C	TAC>TCC	Missense	ENSP00000375899
PD60802b	2	230910314	C	A	GPR55	-1	G	T	GGA	GTA	D217Y	G649T	GAC>TAC	Missense	ENSP00000375894
PD60802b	2	233034392	G	A	NEU2	1	G	A	GGG	GAG	G160S	G478A	GGC>AGC	Missense	ENSP00000233840
PD60802b	2	241655309	T	C	ATG4B	1	T	C	GTG	GCG	W142R	T424C	TGG>CGG	Missense	ENSP00000384259
PD60802b	20	20369620	C	T	INSM1	1	C	T	CCA	CTA	A451A	C1353T	GCC>GCT	Synonymous	ENSP00000312631
PD60802b	20	41362482	G	A	EMILIN3	-1	C	T	GCG	GTG	R363C	C1087T	CGC>TGC	Missense	ENSP00000332806
PD60802b	20	44343405	T	C	R3HDML	1	T	C	GTC	GCC	S137P	T409C	TCC>CCC	Missense	ENSP00000217043
PD60802b	20	58994228	C	T	NELFCD	1	C	T	ACG	ATG	T567M	C1700T	ACG>ATG	Missense	ENSP00000499018
PD60802b	20	62813082	G	A	OGFR	1	G	A	GGC	GAC	G489G	G1467A	GGG>GGA	Synonymous	ENSP00000290291
PD60802b	21	7819484	C	T	KCNE1B	-1	G	A	CGT	CAT	V50I	G148A	GTC>ATC	Missense	ENSP00000477875
PD60802b	21	18281096	C	T	TMPRSS15	-1	G	A	CGA	CAA	R871Q	G2612A	CGA>CAA	Missense	ENSP00000284885
PD60802b	21	40189086	C	T	DSCAM	-1	G	A	TGT	TAT	V837M	G2509A	GTG>ATG	Missense	ENSP00000383303
PD60802b	21	44331847	C	T	CFAP410	-1	G	A	GGC	GAC	A181T	G541A	GCA>ACA	Missense	ENSP00000344566
PD60802b	22	20977926	C	T	AIFM3	1	C	T	GCG	GTG	G466G	C1398T	GGC>GGT	Synonymous	ENSP00000507958
PD60802b	22	27798838	C	A	MN1	-1	G	T	CGG	CTG	R569L	G1706T	CGG>CTG	Missense	ENSP00000304956
PD60802b	22	35085506	G	A	ISX	1	G	A	TGT	TAT	C184Y	G551A	TGT>TAT	Missense	ENSP00000386037
PD60802b	22	36285312	G	A	MYH9	-1	C	T	CCG	CTG	T1764T	C5292T	ACC>ACT	Synonymous	ENSP00000216181
PD60802b	22	38750977	G	A	SUN2	-1	C	T	CCA	CTA	A115A	C345T	GCC>GCT	Synonymous	ENSP00000385740
PD60802b	22	39971061	T	C	GRAP2	1	T	C	CTA	CCA	Y324H	T970C	TAC>CAC	Missense	ENSP00000339186
PD60802b	22	40280110	GG	TT	TNRC6B	1	.	.	.	.	.	3378-3379-mnv	.	no-SNV	ENSP00000401946
PD60802b	22	40967833	T	G	RBX1	1	T	G	CTC	CGC	L88R	T263G	CTC>CGC	Missense	ENSP00000216225
PD60802b	22	43608550	G	A	EFCAB6	-1	C	T	ACA	ATA	D871D	C2613T	GAC>GAT	Synonymous	ENSP00000262726
PD60802b	3	48685686	C	T	NCKIPSD	-1	G	A	CGC	CAC	R41H	G122A	CGC>CAC	Missense	ENSP00000389059
PD60802b	3	49015671	G	T	DALRD3	-1	C	A	CCG	CAG	R517S	C1549A	CGC>AGC	Missense	ENSP00000344989
PD60802b	3	52248442	CAT	C	PPM1M	1	.	.	.	.	.	904-905-delfrshift	.	no-SNV	ENSP00000319894
PD60802b	3	52586509	AAATACAGAGGCCACGCG	A	PBRM1	-1	.	.	.	.	.	3286-3302-delfrshift	.	no-SNV	ENSP00000296302
PD60802b	3	121586590	G	T	ARGFX	1	G	T	GGA	GTA	G313V	G938T	GGA>GTA	Missense	ENSP00000498601
PD60802b	3	123931482	C	A	CCDC14	-1	G	T	GGA	GTA	E491*	G1471T	GAG>TAG	Nonsense	ENSP00000386866
PD60802b	3	136623192	G	A	STAG1	-1	C	T	ACA	ATA	T29I	C86T	ACA>ATA	Missense	ENSP00000372689
PD60802b	3	141445347	T	A	ZBTB38	1	T	A	CTG	CAG	C987S	T2959A	TGT>AGT	Missense	ENSP00000426387
PD60802b	3	148844498	T	G	CPB1	1	T	G	GTG	GGG	R199R	T597G	CGT>CGG	Synonymous	ENSP00000282957
PD60802b	3	149140333	A	G	HPS3	1	A	G	CAT	CGT	I183V	A547G	ATA>GTA	Missense	ENSP00000296051
PD60802b	3	150703740	C	CTCCTCCTCCTCCTCCACCTCT	ERICH6	-1	.	.	.	.	.	159-160-insfrshift	.	no-SNV	ENSP00000295910
PD60802b	3	184711089	T	A	MAGEF1	-1	A	T	AAG	ATG	S245C	A733T	AGC>TGC	Missense	ENSP00000315064
PD60802b	3	192170585	T	G	FGF12	-1	A	C	CAC	CCC	T162T	A486C	ACA>ACC	Synonymous	ENSP00000413496
PD60802b	3	196472630	C	T	RNF168	-1	G	A	TGT	TAT	C302Y	G905A	TGT>TAT	Missense	ENSP00000320898
PD60802b	4	6994237	T	C	TBC1D14	1	T	C	ATG	ACG	N19N	T57C	AAT>AAC	Synonymous	ENSP00000388886
PD60802b	4	44711001	T	C	GNPDA2	-1	A	G	CAA	CGA	P182P	A546G	CCA>CCG	Synonymous	ENSP00000295448
PD60802b	4	56506117	G	T	ARL9	1	G	T	TGA	TTA	L85F	G255T	TTG>TTT	Missense	ENSP00000492671
PD60802b	4	79407712	G	A	GK2	-1	C	T	ACG	ATG	N163N	C489T	AAC>AAT	Synonymous	ENSP00000351706
PD60802b	4	112618886	T	C	ZGRF1	-1	A	G	TAA	TGA	N386D	A1156G	AAT>GAT	Missense	ENSP00000424737
PD60802b	4	173529128	C	T	HAND2	-1	G	A	CGC	CAC	S54S	G162A	TCG>TCA	Synonymous	ENSP00000352565
PD60802b	5	16680071	T	A	MYO10	-1	A	T	CAC	CTC	H1473L	A4418T	CAC>CTC	Missense	ENSP00000421280
PD60802b	5	87401751	C	T	CCNH	-1	G	A	TGC	TAC	M237I	G711A	ATG>ATA	Missense	ENSP00000256897
PD60802b	5	96767926	A	G	CAST	1	A	G	GAC	GGC	D732G	A2195G	GAC>GGC	Missense	ENSP00000425721
PD60802b	5	150662942	A	T	MYOZ3	1	A	T	GAT	GTT	M1L	A1T	ATG>TTG	Missense	ENSP00000297130
PD60802b	5	160620794	T	C	ATP10B	-1	A	G	CAC	CGC	T657A	A1969G	ACC>GCC	Missense	ENSP00000313600
PD60802b	5	180630303	C	T	FLT4	-1	G	A	CGC	CAC	T145T	G435A	ACG>ACA	Synonymous	ENSP00000261937
PD60802b	6	7387015	A	G	CAGE1	-1	T	C	GTA	GCA	C53C	T159C	TGT>TGC	Synonymous	ENSP00000425493
PD60802b	6	7580121	C	G	DSP	1	C	G	GCA	GGA	Q1311E	C3931G	CAG>GAG	Missense	ENSP00000369129
PD60802b	6	26033556	C	A	H2AC4	-1	G	T	CGG	CTG	G5C	G13T	GGC>TGC	Missense	ENSP00000483842
PD60802b	6	31710098	T	C	LY6G6F	1	T	C	CTG	CCG	L240P	T719C	CTG>CCG	Missense	ENSP00000364992
PD60802b	6	31956944	G	A	NELFE	-1	C	T	ACG	ATG	R48C	C142T	CGC>TGC	Missense	ENSP00000364578
PD60802b	6	41691200	ATGCGTGACGCCAT	A	TFEB	-1	.	.	.	.	.	1-13-delfrshift	.	no-SNV	ENSP00000230323
PD60802b	6	87590169	A	G	ORC3	1	A	G	CAT	CGT	M1V	A1G	ATG>GTG	Missense	ENSP00000257789
PD60802b	6	122717930	C	T	PKIB	1	C	T	GCC	GTC	P46S	C136T	CCC>TCC	Missense	ENSP00000357433
PD60802b	6	166307871	G	A	PRR18	-1	C	T	GCC	GTC	A91V	C272T	GCC>GTC	Missense	ENSP00000319590
PD60802b	6	168308427	A	C	DACT2	-1	T	G	CTC	CGC	S444A	T1330G	TCA>GCA	Missense	ENSP00000355760
PD60802b	7	1434645	C	A	MICALL2	-1	G	T	CGC	CTC	R889L	G2666T	CGC>CTC	Missense	ENSP00000297508
PD60802b	7	7572925	A	G	MIOS	1	A	G	AAT	AGT	K150K	A450G	AAA>AAG	Synonymous	ENSP00000339881
PD60802b	7	39572568	A	T	YAE1	1	A	T	CAT	CTT	S181S	A543T	TCA>TCT	Synonymous	ENSP00000223273
PD60802b	7	47843070	T	A	PKD1L1	-1	A	T	AAA	ATA	K1779N	A5337T	AAA>AAT	Missense	ENSP00000289672
PD60802b	7	73574082	T	A	TBL2	-1	A	T	AAT	ATT	N101I	A302T	AAT>ATT	Missense	ENSP00000307260
PD60802b	7	82955066	C	A	PCLO	-1	G	T	AGA	ATA	D1963Y	G5887T	GAC>TAC	Missense	ENSP00000334319
PD60802b	7	100406701	G	C	ZCWPW1	-1	C	G	TCA	TGA	S388*	C1163G	TCA>TGA	Nonsense	ENSP00000381109
PD60802b	7	117728264	T	C	CTTNBP2	-1	A	G	CAA	CGA	K1294E	A3880G	AAA>GAA	Missense	ENSP00000160373
PD60802b	7	150949037	A	C	KCNH2	-1	T	G	ATC	AGC	I804S	T2411G	ATC>AGC	Missense	ENSP00000262186
PD60802b	8	3406072	G	C	CSMD1	-1	C	G	GCA	GGA	Q741E	C2221G	CAA>GAA	Missense	ENSP00000489225
PD60802b	8	31081154	A	G	WRN	1	A	G	GAT	GGT	D376G	A1127G	GAT>GGT	Missense	ENSP00000298139
PD60802b	8	38146092	G	T	STAR	-1	C	A	GCA	GAA	A174E	C521A	GCA>GAA	Missense	ENSP00000276449
PD60802b	8	41690259	G	A	ANK1	-1	C	T	CCA	CTA	H1399Y	C4195T	CAC>TAC	Missense	ENSP00000265709
PD60802b	8	52180252	A	C	ST18	-1	T	G	TTC	TGC	V49V	T147G	GTT>GTG	Synonymous	ENSP00000276480
PD60802b	8	108229096	G	A	EIF3E	-1	C	T	ACG	ATG	R191W	C571T	CGG>TGG	Missense	ENSP00000220849
PD60802b	8	132638087	GTT	G	LRRC6	-1	.	.	.	.	.	275-276-delfrshift	.	no-SNV	ENSP00000484634
PD60802b	8	144058610	C	T	OPLAH	-1	G	A	TGC	TAC	M223I	G669A	ATG>ATA	Missense	ENSP00000480476
PD60802b	9	37531963	G	C	FBXO10	-1	C	G	ACC	AGC	Y505*	C1515G	TAC>TAG	Nonsense	ENSP00000403802
PD60802b	9	99055333	G	A	COL15A1	1	G	A	TGT	TAT	M1051I	G3153A	ATG>ATA	Missense	ENSP00000364140
PD60802b	9	109448810	C	A	PTPN3	-1	G	T	GGT	GTT	.	.	.	Essential_Splice	ENSP00000363667
PD60802b	9	110687246	TG	T	MUSK	1	.	.	.	.	.	337-337-delfrshift	.	no-SNV	ENSP00000363571
PD60802b	9	130885311	A	C	ABL1	1	A	C	CAA	CCA	S1026S	A3078C	TCA>TCC	Synonymous	ENSP00000361423
PD60802b	9	136523051	C	T	NOTCH1	-1	G	A	CGA	CAA	E181K	G541A	GAG>AAG	Missense	ENSP00000498587
PD60802b	X	27461402	G	T	PPP4R3C	-1	C	A	TCG	TAG	S632*	C1895A	TCG>TAG	Nonsense	ENSP00000489770
PD60802b	X	119073325	G	A	RP13-347D8.7	1	G	A	CGG	CAG	G34S	G100A	GGT>AGT	Missense	ENSP00000488984
PD60802b	X	119088478	TGGGCTGAGAA	T	KIAA1210	-1	.	.	.	.	.	2742-2751-delfrshift	.	no-SNV	ENSP00000384670
PD60802b	Y	19720934	C	G	KDM5D	-1	G	C	TGA	TCA	D552H	G1654C	GAT>CAT	Missense	ENSP00000322408
PD60803b	1	1439749	C	T	VWA1	1	C	T	CCG	CTG	R434C	C1300T	CGC>TGC	Missense	ENSP00000417185
PD60803b	1	3506230	G	A	MEGF6	-1	C	T	CCC	CTC	P599L	C1796T	CCC>CTC	Missense	ENSP00000348982
PD60803b	1	37753112	G	C	EPHA10	-1	C	G	TCG	TGG	S374W	C1121G	TCG>TGG	Missense	ENSP00000362139
PD60803b	1	45333307	G	T	MUTYH	-1	C	A	ACC	AAC	D94E	C282A	GAC>GAA	Missense	ENSP00000347685
PD60803b	1	47030093	A	G	CYP4X1	1	A	G	TAT	TGT	Y94C	A281G	TAT>TGT	Missense	ENSP00000360968
PD60803b	1	47144392	A	G	CYP4A22	1	A	G	GAA	GGA	K276E	A826G	AAG>GAG	Missense	ENSP00000360958
PD60803b	1	47219893	C	T	TAL1	-1	G	A	CGC	CAC	A275T	G823A	GCG>ACG	Missense	ENSP00000294339
PD60803b	1	62688242	G	A	DOCK7	-1	C	T	GCC	GTC	A8V	C23T	GCC>GTC	Missense	ENSP00000251157
PD60803b	1	81968134	C	T	ADGRL2	1	C	T	TCG	TTG	R816*	C2446T	CGA>TGA	Nonsense	ENSP00000359752
PD60803b	1	100159369	T	C	LRRC39	-1	A	G	CAA	CGA	Q89R	A266G	CAA>CGA	Missense	ENSP00000359156
PD60803b	1	146018175	G	A	HJV	-1	C	T	GCA	GTA	H395Y	C1183T	CAT>TAT	Missense	ENSP00000337014
PD60803b	1	146966510	A	G	NBPF12	1	A	G	CAG	CGG	S275S	A825G	TCA>TCG	Synonymous	ENSP00000478609
PD60803b	1	150708924	G	T	HORMAD1	-1	C	A	ACC	AAC	T122N	C365A	ACC>AAC	Missense	ENSP00000355167
PD60803b	1	158842166	T	G	MNDA	1	T	G	ATA	AGA	Y5D	T13G	TAC>GAC	Missense	ENSP00000357123
PD60803b	1	159066146	TA	T	AIM2	-1	.	.	.	.	.	579-579-delfrshift	.	no-SNV	ENSP00000357112
PD60803b	1	160128998	G	T	ATP1A2	1	G	T	CGA	CTA	R412L	G1235T	CGA>CTA	Missense	ENSP00000354490
PD60803b	1	186355714	G	T	TPR	-1	C	A	TCA	TAA	S648*	C1943A	TCA>TAA	Nonsense	ENSP00000356448
PD60803b	1	205062566	C	T	CNTN2	1	C	T	GCA	GTA	Q413*	C1237T	CAA>TAA	Nonsense	ENSP00000492617
PD60803b	1	225270819	C	T	DNAH14	1	C	T	GCT	GTT	L2542L	C7624T	CTG>TTG	Synonymous	ENSP00000508305
PD60803b	1	225783368	TG	T	SRP9	1	.	.	.	.	.	NA	.	no-SNV	ENSP00000305230
PD60803b	1	228333727	A	G	OBSCN	1	A	G	TAT	TGT	Y6291C	A18872G	TAT>TGT	Missense	ENSP00000455507
PD60803b	10	92537519	T	A	IDE	-1	A	T	TAA	TTA	N44Y	A130T	AAT>TAT	Missense	ENSP00000265986
PD60803b	11	607621	A	T	PHRF1	1	A	T	CAG	CTG	Q722L	A2165T	CAG>CTG	Missense	ENSP00000264555
PD60803b	11	1836430	G	A	SYT8	1	G	A	CGC	CAC	P174P	G522A	CCG>CCA	Synonymous	ENSP00000343691
PD60803b	11	3218324	C	T	MRGPRG	-1	G	A	CGT	CAT	V164I	G490A	GTC>ATC	Missense	ENSP00000330612
PD60803b	11	6768800	G	T	OR2AG2	-1	C	A	GCC	GAC	A53D	C158A	GCC>GAC	Missense	ENSP00000493362
PD60803b	11	6785445	G	C	OR2AG1	1	G	C	TGA	TCA	M136I	G408C	ATG>ATC	Missense	ENSP00000493074
PD60803b	11	47590260	G	A	C1QTNF4	-1	C	T	ACG	ATG	T184M	C551T	ACG>ATG	Missense	ENSP00000302274
PD60803b	11	83164267	A	G	PCF11	1	A	G	AAT	AGT	I190V	A568G	ATT>GTT	Missense	ENSP00000298281
PD60803b	12	6864131	G	A	USP5	1	G	A	TGT	TAT	C704Y	G2111A	TGT>TAT	Missense	ENSP00000373883
PD60803b	12	12987278	T	C	HEBP1	-1	A	G	GAT	GGT	D91G	A272G	GAT>GGT	Missense	ENSP00000014930
PD60803b	12	49651206	T	C	FMNL3	-1	A	G	CAC	CGC	T587A	A1759G	ACT>GCT	Missense	ENSP00000447479
PD60803b	12	54029805	A	T	HOXC6	1	A	T	CAG	CTG	Q184L	A551T	CAG>CTG	Missense	ENSP00000243108
PD60803b	12	85980066	A	T	MGAT4C	-1	T	A	ATG	AAG	Y220*	T660A	TAT>TAA	Nonsense	ENSP00000447253
PD60803b	12	104757326	C	T	CHST11	1	C	T	CCG	CTG	S189S	C567T	TCC>TCT	Synonymous	ENSP00000450004
PD60803b	12	109265173	G	T	ACACB	1	G	T	GGA	GTA	E2336*	G7006T	GAG>TAG	Nonsense	ENSP00000341044
PD60803b	12	112194948	G	A	HECTD4	-1	C	T	CCG	CTG	R2894W	C8680T	CGG>TGG	Missense	ENSP00000366783
PD60803b	12	114671940	G	A	TBX3	-1	C	T	GCG	GTG	C691C	C2073T	TGC>TGT	Synonymous	ENSP00000257567
PD60803b	13	52378728	G	A	THSD1	-1	C	T	TCG	TTG	I414I	C1242T	ATC>ATT	Synonymous	ENSP00000258613
PD60803b	13	83880136	C	A	SLITRK1	-1	G	T	CGC	CTC	A458S	G1372T	GCT>TCT	Missense	ENSP00000501349
PD60803b	14	20435329	C	T	KLHL33	-1	G	A	GGG	GAG	W161*	G483A	TGG>TGA	Nonsense	ENSP00000490040
PD60803b	14	31457335	G	A	DTD2	-1	C	T	GCC	GTC	A20V	C59T	GCC>GTC	Missense	ENSP00000348503
PD60803b	14	45237676	T	C	MIS18BP1	-1	A	G	TAC	TGC	T397A	A1189G	ACT>GCT	Missense	ENSP00000309790
PD60803b	14	56634931	A	ATGAAGAAATGTGGCAAGCGAGGTGACTAT	TMEM260	1	.	.	.	.	.	1756-1757-insfrshift	.	no-SNV	ENSP00000261556
PD60803b	14	70373004	C	T	SYNJ2BP	-1	G	A	CGG	CAG	R142Q	G425A	CGG>CAG	Missense	ENSP00000256366
PD60803b	14	78714977	G	A	NRXN3	1	G	A	AGA	AAA	E628K	G1882A	GAG>AAG	Missense	ENSP00000338349
PD60803b	14	92323938	G	T	SLC24A4	1	G	T	CGT	CTT	A36A	G108T	GCG>GCT	Synonymous	ENSP00000433302
PD60803b	14	94382698	CT	C	SERPINA1	-1	.	.	.	.	.	539-539-delfrshift	.	no-SNV	ENSP00000416066
PD60803b	14	94382807	AG	A	SERPINA1	-1	.	.	.	.	.	430-430-delfrshift	.	no-SNV	ENSP00000416066
PD60803b	15	30144828	T	TGAA	GOLGA8T	1	.	.	.	.	.	1417-1418-insfrshift	.	no-SNV	ENSP00000455826
PD60803b	15	32393517	T	TTTC	GOLGA8K	-1	.	.	.	.	.	1419-1420-insfrshift	.	no-SNV	ENSP00000426691
PD60803b	15	40737632	A	C	RMDN3	-1	T	G	CTA	CGA	L407R	T1220G	CTA>CGA	Missense	ENSP00000260385
PD60803b	15	42727673	C	G	CDAN1	-1	G	C	CGC	CCC	R1015P	G3044C	CGC>CCC	Missense	ENSP00000348564
PD60803b	15	88838824	G	T	ACAN	1	G	T	TGT	TTT	V78L	G232T	GTG>TTG	Missense	ENSP00000453581
PD60803b	15	89625416	G	A	TICRR	1	G	A	GGG	GAG	R1702R	G5106A	AGG>AGA	Synonymous	ENSP00000268138
PD60803b	15	98891456	G	C	IGF1R	1	G	C	CGG	CCG	G258R	G772C	GGT>CGT	Missense	ENSP00000497069
PD60803b	16	29963169	A	G	TMEM219	1	A	G	AAC	AGC	N9S	A26G	AAC>AGC	Missense	ENSP00000456960
PD60803b	16	29994839	G	A	HIRIP3	-1	C	T	CCG	CTG	S102S	C306T	TCC>TCT	Synonymous	ENSP00000279392
PD60803b	16	30766162	GT	G	RNF40	1	.	.	.	.	.	994-994-delfrshift	.	no-SNV	ENSP00000325677
PD60803b	16	57516323	G	C	CCDC102A	-1	C	G	TCA	TGA	L463L	C1389G	CTC>CTG	Synonymous	ENSP00000258214
PD60803b	16	67660303	T	C	ACD	-1	A	G	GAG	GGG	E59G	A176G	GAG>GGG	Missense	ENSP00000483117
PD60803b	16	75204176	G	A	CTRB2	-1	C	T	TCC	TTC	I259I	C777T	ATC>ATT	Synonymous	ENSP00000303963
PD60803b	16	89919531	C	T	MC1R	1	C	T	ACG	ATG	N91N	C273T	AAC>AAT	Synonymous	ENSP00000451605
PD60803b	17	4102402	C	A	ZZEF1	-1	G	T	AGT	ATT	Q529H	G1587T	CAG>CAT	Missense	ENSP00000371051
PD60803b	17	7781114	A	G	DNAH2	1	A	G	CAT	CGT	I2026V	A6076G	ATC>GTC	Missense	ENSP00000458355
PD60803b	17	10463365	T	A	MYH4	-1	A	T	CAA	CTA	K260*	A778T	AAA>TAA	Nonsense	ENSP00000255381
PD60803b	17	41105669	G	A	KRTAP4-9	1	G	A	TGC	TAC	C79Y	G236A	TGC>TAC	Missense	ENSP00000483635
PD60803b	17	42806777	G	C	CNTD1	1	G	C	TGA	TCA	L228F	G684C	TTG>TTC	Missense	ENSP00000465204
PD60803b	17	44071119	C	A	G6PC3	1	C	A	CCG	CAG	R52S	C154A	CGT>AGT	Missense	ENSP00000269097
PD60803b	17	47414893	A	G	EFCAB13	1	A	G	GAA	GGA	E823G	A2468G	GAA>GGA	Missense	ENSP00000332111
PD60803b	17	48597857	C	A	HOXB6	-1	G	T	CGT	CTT	P98P	G294T	CCG>CCT	Synonymous	ENSP00000420009
PD60803b	17	63477138	C	G	ACE	1	C	G	CCG	CGG	P15R	C44G	CCG>CGG	Missense	ENSP00000290866
PD60803b	19	10682697	C	G	ILF3	1	C	G	ACT	AGT	T514S	C1541G	ACT>AGT	Missense	ENSP00000404121
PD60803b	19	12738656	A	G	GET3	1	A	G	TAT	TGT	M103V	A307G	ATG>GTG	Missense	ENSP00000466379
PD60803b	19	12745459	T	C	GET3	1	T	C	ATG	ACG	M131T	T392C	ATG>ACG	Missense	ENSP00000466379
PD60803b	19	14120595	T	G	ASF1B	-1	A	C	GAC	GCC	D158A	A473C	GAC>GCC	Missense	ENSP00000263382
PD60803b	19	17226769	T	G	OCEL1	1	T	G	CTG	CGG	L49R	T146G	CTG>CGG	Missense	ENSP00000215061
PD60803b	19	19264778	A	T	TM6SF2	-1	T	A	ATC	AAC	N340K	T1020A	AAT>AAA	Missense	ENSP00000374014
PD60803b	19	20006092	T	G	ZNF682	-1	A	C	AAC	ACC	E470D	A1410C	GAA>GAC	Missense	ENSP00000380351
PD60803b	19	44871893	C	T	NECTIN2	1	C	T	TCA	TTA	F173F	C519T	TTC>TTT	Synonymous	ENSP00000252483
PD60803b	19	45695643	T	A	QPCTL	1	T	A	ATT	AAT	D186E	T558A	GAT>GAA	Missense	ENSP00000012049
PD60803b	19	53893388	T	A	PRKCG	1	T	A	ATG	AAG	Y312*	T936A	TAT>TAA	Nonsense	ENSP00000263431
PD60803b	19	56817216	C	G	PEG3	-1	G	C	GGC	GCC	G409A	G1226C	GGC>GCC	Missense	ENSP00000326581
PD60803b	19	57927133	AT	A	ZNF418	-1	.	.	.	.	.	1047-1047-delfrshift	.	no-SNV	ENSP00000471652
PD60803b	2	61071725	C	T	KIAA1841	1	C	T	CCT	CTT	S90S	C270T	TCC>TCT	Synonymous	ENSP00000385579
PD60803b	2	232817018	G	T	GIGYF2	1	G	T	TGC	TTC	A786S	G2356T	GCC>TCC	Missense	ENSP00000362664
PD60803b	2	240576623	G	C	RNPEPL1	1	G	C	TGG	TCG	V533V	G1599C	GTG>GTC	Synonymous	ENSP00000270357
PD60803b	20	9407921	T	G	PLCB4	1	T	G	CTG	CGG	L551R	T1652G	CTG>CGG	Missense	ENSP00000390616
PD60803b	20	17659821	G	A	RRBP1	-1	C	T	GCA	GTA	G229G	C687T	GGC>GGT	Synonymous	ENSP00000246043
PD60803b	20	17659825	TGGTTTG	T	RRBP1	-1	.	.	.	.	.	677-682-delinframe	.	no-SNV	ENSP00000246043
PD60803b	21	26572908	C	A	CYYR1	-1	G	T	GGG	GTG	G11G	G33T	GGG>GGT	Synonymous	ENSP00000299340
PD60803b	21	26954813	CAT	C	ADAMTS5	-1	.	.	.	.	.	1161-1162-delfrshift	.	no-SNV	ENSP00000284987
PD60803b	22	21788386	T	C	MAPK1	-1	A	G	TAT	TGT	I243V	A727G	ATT>GTT	Missense	ENSP00000381803
PD60803b	22	30263955	C	T	OSM	-1	G	A	GGA	GAA	R229R	G687A	AGG>AGA	Synonymous	ENSP00000215781
PD60803b	22	31580334	G	A	SFI1	1	G	A	GGA	GAA	R406R	G1218A	AGG>AGA	Synonymous	ENSP00000383145
PD60803b	22	43580464	C	T	EFCAB6	-1	G	A	CGG	CAG	T1076T	G3228A	ACG>ACA	Synonymous	ENSP00000262726
PD60803b	3	9908273	C	T	IL17RE	1	C	T	CCT	CTT	P234L	C701T	CCT>CTT	Missense	ENSP00000373325
PD60803b	3	14511478	C	T	GRIP2	-1	G	A	CGG	CAG	S574S	G1722A	TCG>TCA	Synonymous	ENSP00000478352
PD60803b	3	49175079	C	G	KLHDC8B	1	C	G	GCC	GGC	P262A	C784G	CCC>GCC	Missense	ENSP00000327468
PD60803b	3	57248219	T	C	APPL1	1	T	C	ATA	ACA	I244T	T731C	ATA>ACA	Missense	ENSP00000288266
PD60803b	3	57433400	C	T	DNAH12	-1	G	A	AGA	AAA	E1649E	G4947A	GAG>GAA	Synonymous	ENSP00000418137
PD60803b	3	134610305	C	T	KY	-1	G	A	GGG	GAG	G263G	G789A	GGG>GGA	Synonymous	ENSP00000397598
PD60803b	3	158571337	C	G	MLF1	1	C	G	CCC	CGC	P13A	C37G	CCC>GCC	Missense	ENSP00000348157
PD60803b	4	2208478	A	T	POLN	-1	T	A	ATC	AAC	S75T	T223A	TCT>ACT	Missense	ENSP00000372316
PD60803b	4	113353470	G	C	ANK2	1	G	C	AGA	ACA	E1618Q	G4852C	GAA>CAA	Missense	ENSP00000349588
PD60803b	4	127730662	G	A	SLC25A31	1	G	A	CGC	CAC	A39A	G117A	GCG>GCA	Synonymous	ENSP00000281154
PD60803b	4	152943471	T	C	FHDC1	1	T	C	TTG	TCG	F138F	T414C	TTT>TTC	Synonymous	ENSP00000427567
PD60803b	4	153583221	T	G	TMEM131L	1	T	G	ATT	AGT	H308Q	T924G	CAT>CAG	Missense	ENSP00000386787
PD60803b	4	163326258	G	C	NPY1R	-1	C	G	TCT	TGT	V99V	C297G	GTC>GTG	Synonymous	ENSP00000354652
PD60803b	5	168199100	G	A	TENM2	1	G	A	CGT	CAT	V1050M	G3148A	GTG>ATG	Missense	ENSP00000429430
PD60803b	5	181059855	G	T	BTNL9	1	G	T	TGG	TTG	W534L	G1601T	TGG>TTG	Missense	ENSP00000330200
PD60803b	6	7229560	G	T	RREB1	1	G	T	CGC	CTC	P487P	G1461T	CCG>CCT	Synonymous	ENSP00000369270
PD60803b	6	12123168	G	A	HIVEP1	1	G	A	AGA	AAA	E1125K	G3373A	GAA>AAA	Missense	ENSP00000368698
PD60803b	6	26385243	A	G	BTN2A2	1	A	G	AAC	AGC	N108S	A323G	AAC>AGC	Missense	ENSP00000399308
PD60803b	6	26598612	C	T	ABT1	1	C	T	GCA	GTA	S262S	C786T	AGC>AGT	Synonymous	ENSP00000274849
PD60803b	6	31357106	GC	G	HLA-B	-1	.	.	.	.	.	52-52-delfrshift	.	no-SNV	ENSP00000399168
PD60803b	6	32096134	C	T	TNXB	-1	G	A	GGT	GAT	R573R	G1719A	CGG>CGA	Synonymous	ENSP00000497649
PD60803b	6	33179796	CA	C	COL11A2	-1	.	.	.	.	.	1368-1368-delfrshift	.	no-SNV	ENSP00000339915
PD60803b	6	34527365	G	T	PACSIN1	1	G	T	CGA	CTA	D33Y	G97T	GAT>TAT	Missense	ENSP00000244458
PD60803b	6	38152344	G	A	ZFAND3	1	G	A	GGA	GAA	R213R	G639A	CGG>CGA	Synonymous	ENSP00000287218
PD60803b	6	44306984	T	G	AARS2	-1	A	C	GAG	GCG	E363A	A1088C	GAG>GCG	Missense	ENSP00000244571
PD60803b	6	52479141	C	G	EFHC1	1	C	G	TCA	TGA	I461M	C1383G	ATC>ATG	Missense	ENSP00000360107
PD60803b	6	55516555	C	T	HMGCLL1	-1	G	A	AGT	AAT	V116I	G346A	GTT>ATT	Missense	ENSP00000274901
PD60803b	6	144493411	G	C	UTRN	1	G	C	AGC	ACC	E1516D	G4548C	GAG>GAC	Missense	ENSP00000356515
PD60803b	6	150021007	C	T	RAET1L	-1	G	A	GGA	GAA	D177N	G529A	GAT>AAT	Missense	ENSP00000356310
PD60803b	7	4861705	C	A	PAPOLB	-1	G	T	GGA	GTA	D36Y	G106T	GAC>TAC	Missense	ENSP00000384700
PD60803b	7	5712749	C	A	RNF216	-1	G	T	GGA	GTA	E650*	G1948T	GAG>TAG	Nonsense	ENSP00000374552
PD60803b	7	73719625	C	A	STX1A	-1	G	T	GGA	GTA	D3Y	G7T	GAC>TAC	Missense	ENSP00000222812
PD60803b	7	94555668	C	G	CASD1	1	C	G	ACT	AGT	N768K	C2304G	AAC>AAG	Missense	ENSP00000297273
PD60803b	7	128857214	G	A	FLNC	1	G	A	CGG	CAG	R2553Q	G7658A	CGG>CAG	Missense	ENSP00000327145
PD60803b	7	135578749	A	T	NUP205	1	A	T	CAG	CTG	.	.	.	Essential_Splice	ENSP00000285968
PD60803b	7	149731689	T	C	KRBA1	1	T	C	CTG	CCG	C756R	T2266C	TGC>CGC	Missense	ENSP00000418647
PD60803b	8	6508935	C	G	ANGPT2	-1	G	C	AGG	ACG	G442R	G1324C	GGA>CGA	Missense	ENSP00000486858
PD60803b	8	20253237	A	T	LZTS1	-1	T	A	CTT	CAT	F232I	T694A	TTC>ATC	Missense	ENSP00000370981
PD60803b	8	48920414	CTCTCATAGAGATACGGGGAAATAATCACTGGGAAAGAAAAGGGAGGGAGAGAAGATTAA	C	SNAI2	-1	.	.	.	.	.	80-106-delinframe	.	no-SNV	ENSP00000020945
PD60803b	8	96145492	T	G	GDF6	-1	A	C	GAA	GCA	K147Q	A439C	AAG>CAG	Missense	ENSP00000287020
PD60803b	8	133256856	T	C	NDRG1	-1	A	G	AAC	AGC	N153S	A458G	AAC>AGC	Missense	ENSP00000404854
PD60803b	8	143707057	G	A	CCDC166	-1	C	T	CCC	CTC	A319A	C957T	GCC>GCT	Synonymous	ENSP00000437468
PD60803b	8	143707735	C	T	CCDC166	-1	G	A	CGC	CAC	A125A	G375A	GCG>GCA	Synonymous	ENSP00000437468
PD60803b	9	21201836	A	T	IFNA7	-1	T	A	CTG	CAG	T110T	T330A	ACT>ACA	Synonymous	ENSP00000239347
PD60803b	9	126833334	C	T	ZBTB43	1	C	T	CCG	CTG	T275T	C825T	ACC>ACT	Synonymous	ENSP00000362556
PD60803b	9	127749423	C	T	SH2D3C	-1	G	A	AGC	AAC	E309E	G927A	GAG>GAA	Synonymous	ENSP00000317817
PD60803b	9	127912354	C	A	ST6GALNAC4	-1	G	T	TGT	TTT	M175I	G525T	ATG>ATT	Missense	ENSP00000336733
PD60803b	9	135696635	C	T	SOHLH1	-1	G	A	CGG	CAG	R213Q	G638A	CGG>CAG	Missense	ENSP00000404438
PD60803b	X	57594257	C	G	ZXDB	1	C	G	TCT	TGT	L737V	C2209G	CTG>GTG	Missense	ENSP00000364023
PD60803b	X	154351652	C	G	FLNA	-1	G	C	CGA	CCA	D2310H	G6928C	GAC>CAC	Missense	ENSP00000353467
